Date,Open,High,Low,Close
2018-01-02,38.66999816894531,38.95000076293945,38.43000030517578,38.86000061035156
2018-01-03,38.720001220703125,39.279998779296875,38.529998779296875,39.16999816894531
2018-01-04,39.04999923706055,39.540000915527344,38.93000030517578,38.9900016784668
2018-01-05,39.54999923706055,39.880001068115234,39.369998931884766,39.529998779296875
2018-01-08,39.52000045776367,39.959999084472656,39.349998474121094,39.939998626708984
2018-01-09,39.790000915527344,39.959999084472656,39.540000915527344,39.689998626708984
2018-01-10,39.650001525878906,40.2400016784668,39.630001068115234,39.90999984741211
2018-01-11,40.13999938964844,40.209999084472656,39.75,40.099998474121094
2018-01-12,40.220001220703125,40.93000030517578,40.04999923706055,40.869998931884766
2018-01-16,40.900001525878906,41.15999984741211,40.31999969482422,40.540000915527344
2018-01-17,40.84000015258789,41.31999969482422,40.709999084472656,41.20000076293945
2018-01-18,41.2400016784668,41.47999954223633,41.029998779296875,41.29999923706055
2018-01-19,41.279998779296875,41.52000045776367,41.099998474121094,41.290000915527344
2018-01-22,41.20000076293945,41.65999984741211,41.02000045776367,41.65999984741211
2018-01-23,41.540000915527344,42.130001068115234,41.540000915527344,42.099998474121094
2018-01-24,42.20000076293945,42.689998626708984,42.0099983215332,42.16999816894531
2018-01-25,42.27000045776367,42.470001220703125,41.81999969482422,41.900001525878906
2018-01-26,42.150001525878906,42.560001373291016,41.95000076293945,42.560001373291016
2018-01-29,42.29999923706055,42.97999954223633,42.29999923706055,42.849998474121094
2018-01-30,42.689998626708984,42.86000061035156,41.970001220703125,42.25
2018-01-31,41.97999954223633,42.0099983215332,41.349998474121094,41.540000915527344
2018-02-01,41.09000015258789,42.11000061035156,40.66999816894531,41.70000076293945
2018-02-02,41.5,41.95000076293945,40.869998931884766,40.93000030517578
2018-02-05,40.869998931884766,41.40999984741211,38.720001220703125,38.779998779296875
2018-02-06,38.33000183105469,40.310001373291016,37.349998474121094,40.16999816894531
2018-02-07,40.310001373291016,41.209999084472656,40.029998779296875,40.34000015258789
2018-02-08,40.439998626708984,40.7599983215332,38.720001220703125,38.77000045776367
2018-02-09,39.0,39.91999816894531,38.22999954223633,39.529998779296875
2018-02-12,40.52000045776367,40.90999984741211,40.22999954223633,40.599998474121094
2018-02-13,40.5,41.310001373291016,40.220001220703125,41.22999954223633
2018-02-14,41.040000915527344,42.2599983215332,40.9900016784668,42.09000015258789
2018-02-15,45.06999969482422,45.130001068115234,43.2599983215332,44.08000183105469
2018-02-16,43.88999938964844,45.09000015258789,43.790000915527344,44.33000183105469
2018-02-20,44.0,44.689998626708984,43.810001373291016,44.060001373291016
2018-02-21,44.11000061035156,44.41999816894531,43.279998779296875,43.310001373291016
2018-02-22,43.4900016784668,43.560001373291016,42.75,42.939998626708984
2018-02-23,43.369998931884766,44.040000915527344,42.91999816894531,44.0
2018-02-26,44.29999923706055,45.45000076293945,44.130001068115234,45.36000061035156
2018-02-27,45.40999984741211,45.61000061035156,44.619998931884766,45.040000915527344
2018-02-28,45.27000045776367,45.88999938964844,44.779998779296875,44.779998779296875
2018-03-01,44.68000030517578,45.0,43.349998474121094,43.79999923706055
2018-03-02,43.290000915527344,44.220001220703125,43.099998474121094,44.060001373291016
2018-03-05,43.91999816894531,44.77000045776367,43.70000076293945,44.52000045776367
2018-03-06,44.650001525878906,44.790000915527344,44.13999938964844,44.290000915527344
2018-03-07,44.029998779296875,44.38999938964844,43.79999923706055,44.20000076293945
2018-03-08,44.25,44.40999984741211,43.939998626708984,44.34000015258789
2018-03-09,44.619998931884766,45.540000915527344,44.61000061035156,45.369998931884766
2018-03-12,45.529998779296875,45.869998931884766,45.400001525878906,45.54999923706055
2018-03-13,45.779998779296875,46.15999984741211,44.91999816894531,45.15999984741211
2018-03-14,45.34000015258789,45.7599983215332,45.09000015258789,45.279998779296875
2018-03-15,45.29999923706055,45.7400016784668,45.119998931884766,45.33000183105469
2018-03-16,45.33000183105469,45.599998474121094,44.970001220703125,45.0099983215332
2018-03-19,44.59000015258789,44.81999969482422,43.900001525878906,44.27000045776367
2018-03-20,44.4900016784668,44.63999938964844,44.18000030517578,44.369998931884766
2018-03-21,44.2400016784668,44.900001525878906,44.130001068115234,44.310001373291016
2018-03-22,43.7599983215332,44.02000045776367,43.02000045776367,43.06999969482422
2018-03-23,43.709999084472656,43.84000015258789,42.41999816894531,42.41999816894531
2018-03-26,43.25,44.15999984741211,42.83000183105469,44.060001373291016
2018-03-27,44.4900016784668,44.52000045776367,42.2400016784668,42.68000030517578
2018-03-28,42.5099983215332,42.84000015258789,41.619998931884766,41.65999984741211
2018-03-29,41.939998626708984,42.93000030517578,41.58000183105469,42.88999938964844
2018-04-02,42.52000045776367,42.630001068115234,40.529998779296875,41.0099983215332
2018-04-03,41.34000015258789,41.5,40.720001220703125,41.380001068115234
2018-04-04,40.38999938964844,41.54999923706055,40.189998626708984,41.20000076293945
2018-04-05,41.5,42.02000045776367,41.380001068115234,41.81999969482422
2018-04-06,41.400001525878906,41.68000030517578,40.45000076293945,40.72999954223633
2018-04-09,40.95000076293945,42.060001373291016,40.900001525878906,41.16999816894531
2018-04-10,42.099998474121094,42.709999084472656,41.75,42.5099983215332
2018-04-11,42.41999816894531,42.900001525878906,42.2599983215332,42.43000030517578
2018-04-12,42.779998779296875,43.63999938964844,42.72999954223633,43.34000015258789
2018-04-13,43.54999923706055,43.7400016784668,42.63999938964844,43.0
2018-04-16,43.119998931884766,43.63999938964844,43.029998779296875,43.29999923706055
2018-04-17,43.849998474121094,44.75,43.709999084472656,44.59000015258789
2018-04-18,44.61000061035156,44.91999816894531,44.29999923706055,44.630001068115234
2018-04-19,44.41999816894531,44.95000076293945,44.380001068115234,44.560001373291016
2018-04-20,44.5,44.75,43.619998931884766,44.09000015258789
2018-04-23,44.2599983215332,44.47999954223633,43.869998931884766,44.25
2018-04-24,44.43000030517578,44.90999984741211,43.33000183105469,43.7400016784668
2018-04-25,43.79999923706055,43.9900016784668,42.75,43.709999084472656
2018-04-26,43.97999954223633,44.4900016784668,43.439998626708984,44.209999084472656
2018-04-27,44.689998626708984,45.34000015258789,44.36000061035156,44.709999084472656
2018-04-30,44.91999816894531,45.18000030517578,44.279998779296875,44.290000915527344
2018-05-01,43.90999984741211,44.95000076293945,43.83000183105469,44.83000183105469
2018-05-02,44.90999984741211,45.04999923706055,43.79999923706055,43.86000061035156
2018-05-03,44.0099983215332,44.810001373291016,43.439998626708984,44.439998626708984
2018-05-04,44.0099983215332,45.5,43.900001525878906,45.29999923706055
2018-05-07,45.36000061035156,46.0,45.29999923706055,45.72999954223633
2018-05-08,45.81999969482422,45.869998931884766,45.380001068115234,45.709999084472656
2018-05-09,45.900001525878906,46.099998474121094,45.189998626708984,46.040000915527344
2018-05-10,46.0,46.369998931884766,45.66999816894531,46.29999923706055
2018-05-11,46.09000015258789,46.27000045776367,45.779998779296875,45.93000030517578
2018-05-14,45.75,46.22999954223633,45.66999816894531,45.70000076293945
2018-05-15,45.209999084472656,45.54999923706055,44.93000030517578,45.47999954223633
2018-05-16,45.36000061035156,45.54999923706055,45.0099983215332,45.15999984741211
2018-05-17,43.130001068115234,44.15999984741211,43.02000045776367,43.459999084472656
2018-05-18,43.459999084472656,43.56999969482422,43.11000061035156,43.209999084472656
2018-05-21,43.4900016784668,43.939998626708984,43.41999816894531,43.75
2018-05-22,43.790000915527344,43.90999984741211,43.47999954223633,43.650001525878906
2018-05-23,43.400001525878906,43.70000076293945,42.88999938964844,43.68000030517578
2018-05-24,43.599998474121094,43.970001220703125,43.0099983215332,43.56999969482422
2018-05-25,43.459999084472656,43.619998931884766,43.209999084472656,43.2599983215332
2018-05-29,42.7599983215332,43.15999984741211,42.52000045776367,42.970001220703125
2018-05-30,43.08000183105469,43.34000015258789,42.83000183105469,42.849998474121094
2018-05-31,42.86000061035156,43.130001068115234,42.61000061035156,42.709999084472656
2018-06-01,42.90999984741211,43.689998626708984,42.880001068115234,43.65999984741211
2018-06-04,43.5,43.83000183105469,43.209999084472656,43.58000183105469
2018-06-05,43.7400016784668,43.75,43.38999938964844,43.66999816894531
2018-06-06,43.7599983215332,44.310001373291016,43.65999984741211,44.2599983215332
2018-06-07,44.2400016784668,44.38999938964844,43.349998474121094,43.650001525878906
2018-06-08,43.52000045776367,43.72999954223633,43.310001373291016,43.47999954223633
2018-06-11,43.619998931884766,43.91999816894531,43.439998626708984,43.689998626708984
2018-06-12,43.68000030517578,43.95000076293945,43.470001220703125,43.939998626708984
2018-06-13,44.02000045776367,44.529998779296875,43.84000015258789,44.0099983215332
2018-06-14,44.22999954223633,44.810001373291016,44.04999923706055,44.689998626708984
2018-06-15,44.36000061035156,44.529998779296875,43.59000015258789,44.25
2018-06-18,43.869998931884766,44.41999816894531,43.38999938964844,44.209999084472656
2018-06-19,43.619998931884766,44.02000045776367,43.439998626708984,43.81999969482422
2018-06-20,43.95000076293945,43.9900016784668,43.70000076293945,43.7400016784668
2018-06-21,43.689998626708984,43.779998779296875,43.060001373291016,43.15999984741211
2018-06-22,43.34000015258789,43.45000076293945,42.88999938964844,43.20000076293945
2018-06-25,42.689998626708984,42.81999969482422,41.810001373291016,42.290000915527344
2018-06-26,42.47999954223633,43.13999938964844,42.38999938964844,42.54999923706055
2018-06-27,42.72999954223633,43.150001525878906,42.279998779296875,42.33000183105469
2018-06-28,42.33000183105469,43.189998626708984,42.279998779296875,42.939998626708984
2018-06-29,43.04999923706055,43.5,42.970001220703125,43.029998779296875
2018-07-02,42.560001373291016,42.83000183105469,42.20000076293945,42.810001373291016
2018-07-03,42.939998626708984,43.22999954223633,42.619998931884766,42.66999816894531
2018-07-05,42.560001373291016,42.63999938964844,41.959999084472656,42.560001373291016
2018-07-06,42.38999938964844,42.880001068115234,42.310001373291016,42.709999084472656
2018-07-09,42.75,42.779998779296875,42.36000061035156,42.66999816894531
2018-07-10,42.869998931884766,43.040000915527344,42.709999084472656,42.86000061035156
2018-07-11,42.560001373291016,42.7599983215332,42.439998626708984,42.56999969482422
2018-07-12,42.7599983215332,43.630001068115234,42.75,43.58000183105469
2018-07-13,43.52000045776367,43.779998779296875,40.939998626708984,41.779998779296875
2018-07-16,42.04999923706055,42.939998626708984,42.0,42.5
2018-07-17,42.209999084472656,42.5099983215332,42.13999938964844,42.34000015258789
2018-07-18,42.2400016784668,42.470001220703125,42.150001525878906,42.209999084472656
2018-07-19,42.79999923706055,43.0099983215332,42.220001220703125,42.400001525878906
2018-07-20,42.2599983215332,42.369998931884766,41.86000061035156,42.0099983215332
2018-07-23,41.91999816894531,42.119998931884766,41.439998626708984,42.060001373291016
2018-07-24,42.220001220703125,42.880001068115234,42.06999969482422,42.38999938964844
2018-07-25,42.36000061035156,43.220001220703125,42.290000915527344,43.15999984741211
2018-07-26,43.58000183105469,43.83000183105469,43.220001220703125,43.529998779296875
2018-07-27,43.2599983215332,43.619998931884766,42.41999816894531,42.56999969482422
2018-07-30,42.459999084472656,42.61000061035156,42.08000183105469,42.16999816894531
2018-07-31,42.2400016784668,42.619998931884766,41.91999816894531,42.290000915527344
2018-08-01,41.9900016784668,42.34000015258789,41.33000183105469,41.86000061035156
2018-08-02,41.38999938964844,42.599998474121094,41.20000076293945,42.529998779296875
2018-08-03,42.709999084472656,42.880001068115234,42.459999084472656,42.83000183105469
2018-08-06,42.72999954223633,43.40999984741211,42.65999984741211,43.29999923706055
2018-08-07,43.29999923706055,43.63999938964844,43.2400016784668,43.58000183105469
2018-08-08,43.63999938964844,43.959999084472656,43.439998626708984,43.84000015258789
2018-08-09,43.88999938964844,44.11000061035156,43.70000076293945,43.779998779296875
2018-08-10,43.689998626708984,43.95000076293945,43.58000183105469,43.779998779296875
2018-08-13,44.08000183105469,44.38999938964844,43.70000076293945,43.75
2018-08-14,43.84000015258789,44.279998779296875,43.58000183105469,44.0
2018-08-15,43.65999984741211,44.5,43.0099983215332,43.86000061035156
2018-08-16,45.77000045776367,46.09000015258789,45.08000183105469,45.15999984741211
2018-08-17,45.099998474121094,46.08000183105469,44.91999816894531,45.869998931884766
2018-08-20,45.9900016784668,46.33000183105469,45.779998779296875,46.220001220703125
2018-08-21,46.25,46.43000030517578,45.720001220703125,45.779998779296875
2018-08-22,45.95000076293945,46.15999984741211,45.720001220703125,45.9900016784668
2018-08-23,45.880001068115234,46.25,45.849998474121094,46.02000045776367
2018-08-24,46.20000076293945,46.439998626708984,46.06999969482422,46.31999969482422
2018-08-27,46.5,46.86000061035156,46.34000015258789,46.59000015258789
2018-08-28,46.779998779296875,47.27000045776367,46.619998931884766,46.95000076293945
2018-08-29,47.06999969482422,47.619998931884766,46.900001525878906,47.47999954223633
2018-08-30,47.310001373291016,47.540000915527344,46.970001220703125,47.150001525878906
2018-08-31,46.90999984741211,47.83000183105469,46.79999923706055,47.77000045776367
2018-09-04,47.84000015258789,48.060001373291016,47.5099983215332,47.72999954223633
2018-09-05,47.560001373291016,47.650001525878906,46.7599983215332,47.27000045776367
2018-09-06,47.439998626708984,47.900001525878906,47.06999969482422,47.279998779296875
2018-09-07,47.0099983215332,47.4900016784668,46.880001068115234,47.04999923706055
2018-09-10,47.29999923706055,47.459999084472656,46.779998779296875,47.06999969482422
2018-09-11,46.90999984741211,47.16999816894531,46.439998626708984,47.029998779296875
2018-09-12,46.86000061035156,47.0099983215332,46.439998626708984,46.88999938964844
2018-09-13,46.84000015258789,47.400001525878906,46.79999923706055,47.2400016784668
2018-09-14,47.27000045776367,47.4900016784668,47.099998474121094,47.400001525878906
2018-09-17,47.22999954223633,47.58000183105469,47.06999969482422,47.11000061035156
2018-09-18,47.06999969482422,47.650001525878906,47.06999969482422,47.459999084472656
2018-09-19,47.41999816894531,47.619998931884766,47.119998931884766,47.279998779296875
2018-09-20,47.40999984741211,47.810001373291016,47.15999984741211,47.72999954223633
2018-09-21,47.93000030517578,48.63999938964844,47.81999969482422,48.560001373291016
2018-09-24,48.209999084472656,48.619998931884766,48.189998626708984,48.439998626708984
2018-09-25,48.56999969482422,48.880001068115234,48.43000030517578,48.470001220703125
2018-09-26,48.7400016784668,49.060001373291016,48.27000045776367,48.40999984741211
2018-09-27,48.33000183105469,48.7599983215332,48.209999084472656,48.33000183105469
2018-09-28,48.27000045776367,48.79999923706055,48.060001373291016,48.650001525878906
2018-10-01,49.0,49.13999938964844,48.66999816894531,48.869998931884766
2018-10-02,48.75,49.13999938964844,48.66999816894531,49.0099983215332
2018-10-03,49.2599983215332,49.470001220703125,49.06999969482422,49.13999938964844
2018-10-04,48.630001068115234,48.77000045776367,48.040000915527344,48.380001068115234
2018-10-05,48.400001525878906,48.849998474121094,47.61000061035156,48.130001068115234
2018-10-08,47.91999816894531,48.5,47.150001525878906,47.52000045776367
2018-10-09,47.529998779296875,48.029998779296875,47.279998779296875,47.4900016784668
2018-10-10,47.439998626708984,47.5099983215332,45.540000915527344,45.630001068115234
2018-10-11,45.459999084472656,45.599998474121094,43.91999816894531,44.119998931884766
2018-10-12,44.93000030517578,45.849998474121094,44.459999084472656,45.709999084472656
2018-10-15,45.52000045776367,45.720001220703125,44.66999816894531,44.66999816894531
2018-10-16,45.290000915527344,45.939998626708984,44.849998474121094,45.81999969482422
2018-10-17,45.88999938964844,46.22999954223633,45.220001220703125,45.939998626708984
2018-10-18,46.29999923706055,46.4900016784668,45.150001525878906,45.459999084472656
2018-10-19,45.400001525878906,46.20000076293945,45.130001068115234,45.34000015258789
2018-10-22,45.77000045776367,46.279998779296875,45.40999984741211,45.7599983215332
2018-10-23,45.150001525878906,45.77000045776367,44.439998626708984,45.41999816894531
2018-10-24,45.4900016784668,45.68000030517578,43.959999084472656,44.06999969482422
2018-10-25,44.619998931884766,45.810001373291016,44.209999084472656,45.470001220703125
2018-10-26,44.56999969482422,45.11000061035156,43.779998779296875,44.25
2018-10-29,44.88999938964844,45.04999923706055,42.939998626708984,43.84000015258789
2018-10-30,43.91999816894531,44.70000076293945,43.75,44.58000183105469
2018-10-31,45.04999923706055,46.29999923706055,44.88999938964844,45.75
2018-11-01,45.66999816894531,45.880001068115234,45.099998474121094,45.650001525878906
2018-11-02,45.720001220703125,46.09000015258789,44.97999954223633,45.47999954223633
2018-11-05,45.7400016784668,46.439998626708984,45.349998474121094,46.13999938964844
2018-11-06,46.040000915527344,46.619998931884766,46.0,46.5
2018-11-07,46.97999954223633,47.93000030517578,46.75,47.900001525878906
2018-11-08,47.869998931884766,48.439998626708984,47.869998931884766,48.439998626708984
2018-11-09,48.08000183105469,48.25,46.70000076293945,47.11000061035156
2018-11-12,47.13999938964844,47.25,45.540000915527344,45.619998931884766
2018-11-13,45.70000076293945,46.060001373291016,45.029998779296875,45.119998931884766
2018-11-14,45.459999084472656,45.63999938964844,44.08000183105469,44.33000183105469
2018-11-15,46.79999923706055,47.099998474121094,45.150001525878906,46.77000045776367
2018-11-16,46.459999084472656,47.040000915527344,46.130001068115234,46.349998474121094
2018-11-19,46.349998474121094,46.58000183105469,45.25,45.75
2018-11-20,44.91999816894531,45.290000915527344,44.13999938964844,44.4900016784668
2018-11-21,44.95000076293945,45.18000030517578,44.400001525878906,44.88999938964844
2018-11-23,44.45000076293945,45.119998931884766,44.38999938964844,44.540000915527344
2018-11-26,45.13999938964844,45.63999938964844,45.09000015258789,45.56999969482422
2018-11-27,45.45000076293945,46.38999938964844,45.209999084472656,46.119998931884766
2018-11-28,46.29999923706055,47.47999954223633,46.119998931884766,47.290000915527344
2018-11-29,46.900001525878906,47.7599983215332,46.900001525878906,47.34000015258789
2018-11-30,47.27000045776367,47.90999984741211,46.91999816894531,47.869998931884766
2018-12-03,48.31999969482422,48.790000915527344,48.08000183105469,48.7400016784668
2018-12-04,48.70000076293945,49.13999938964844,47.25,47.349998474121094
2018-12-06,46.9900016784668,48.459999084472656,46.470001220703125,48.38999938964844
2018-12-07,48.15999984741211,48.4900016784668,46.36000061035156,46.439998626708984
2018-12-10,46.29999923706055,47.130001068115234,45.81999969482422,46.86000061035156
2018-12-11,47.86000061035156,47.900001525878906,46.709999084472656,47.09000015258789
2018-12-12,47.91999816894531,48.20000076293945,47.36000061035156,47.41999816894531
2018-12-13,47.68000030517578,47.970001220703125,47.130001068115234,47.470001220703125
2018-12-14,46.369998931884766,46.619998931884766,45.63999938964844,45.81999969482422
2018-12-17,45.81999969482422,45.9900016784668,43.90999984741211,44.20000076293945
2018-12-18,44.54999923706055,44.61000061035156,43.72999954223633,44.060001373291016
2018-12-19,43.88999938964844,44.91999816894531,42.56999969482422,43.13999938964844
2018-12-20,42.9900016784668,43.22999954223633,41.869998931884766,42.4900016784668
2018-12-21,42.90999984741211,43.459999084472656,41.7400016784668,41.849998474121094
2018-12-24,41.70000076293945,41.810001373291016,40.25,40.279998779296875
2018-12-26,40.68000030517578,42.5,40.400001525878906,42.470001220703125
2018-12-27,41.88999938964844,42.93000030517578,41.150001525878906,42.90999984741211
2018-12-28,43.16999816894531,43.529998779296875,42.459999084472656,42.77000045776367
2018-12-31,43.189998626708984,43.54999923706055,42.88999938964844,43.33000183105469
2019-01-02,42.279998779296875,43.20000076293945,42.209999084472656,42.95000076293945
2019-01-03,42.29999923706055,42.40999984741211,40.959999084472656,41.06999969482422
2019-01-04,41.849998474121094,43.0,41.529998779296875,42.91999816894531
2019-01-07,42.86000061035156,43.650001525878906,42.7599983215332,43.209999084472656
2019-01-08,43.56999969482422,43.939998626708984,43.099998474121094,43.560001373291016
2019-01-09,43.869998931884766,43.869998931884766,43.16999816894531,43.31999969482422
2019-01-10,43.11000061035156,43.290000915527344,42.58000183105469,43.2400016784668
2019-01-11,43.11000061035156,43.540000915527344,42.88999938964844,43.4900016784668
2019-01-14,43.08000183105469,43.38999938964844,43.0,43.209999084472656
2019-01-15,43.33000183105469,44.040000915527344,43.150001525878906,44.02000045776367
2019-01-16,44.119998931884766,44.2400016784668,43.7599983215332,43.959999084472656
2019-01-17,43.869998931884766,44.529998779296875,43.79999923706055,44.209999084472656
2019-01-18,44.47999954223633,45.349998474121094,44.310001373291016,45.029998779296875
2019-01-22,44.880001068115234,45.2400016784668,44.380001068115234,44.779998779296875
2019-01-23,45.13999938964844,45.880001068115234,45.02000045776367,45.459999084472656
2019-01-24,45.630001068115234,45.75,45.22999954223633,45.61000061035156
2019-01-25,46.119998931884766,46.65999984741211,45.95000076293945,46.130001068115234
2019-01-28,45.72999954223633,45.77000045776367,45.22999954223633,45.75
2019-01-29,45.810001373291016,46.04999923706055,45.650001525878906,45.959999084472656
2019-01-30,45.939998626708984,46.93000030517578,45.91999816894531,46.709999084472656
2019-01-31,46.720001220703125,47.380001068115234,46.52000045776367,47.290000915527344
2019-02-01,47.369998931884766,47.560001373291016,47.04999923706055,47.34000015258789
2019-02-04,47.220001220703125,47.470001220703125,47.119998931884766,47.349998474121094
2019-02-05,47.41999816894531,47.459999084472656,47.08000183105469,47.2599983215332
2019-02-06,47.119998931884766,47.59000015258789,46.95000076293945,47.47999954223633
2019-02-07,47.189998626708984,47.31999969482422,46.4900016784668,46.70000076293945
2019-02-08,46.400001525878906,47.20000076293945,46.29999923706055,47.189998626708984
2019-02-11,47.34000015258789,47.709999084472656,47.130001068115234,47.58000183105469
2019-02-12,47.27000045776367,48.150001525878906,47.15999984741211,47.88999938964844
2019-02-13,47.86000061035156,47.95000076293945,47.119998931884766,47.5
2019-02-14,48.849998474121094,49.68000030517578,48.34000015258789,48.400001525878906
2019-02-15,48.83000183105469,49.59000015258789,48.439998626708984,49.43000030517578
2019-02-19,49.20000076293945,49.93000030517578,49.20000076293945,49.650001525878906
2019-02-20,49.70000076293945,49.79999923706055,49.349998474121094,49.630001068115234
2019-02-21,49.540000915527344,49.720001220703125,49.20000076293945,49.40999984741211
2019-02-22,49.70000076293945,50.220001220703125,49.58000183105469,50.11000061035156
2019-02-25,50.34000015258789,51.0,50.34000015258789,50.790000915527344
2019-02-26,50.5099983215332,51.40999984741211,50.47999954223633,51.18000030517578
2019-02-27,51.209999084472656,51.650001525878906,50.88999938964844,51.59000015258789
2019-02-28,51.54999923706055,51.959999084472656,51.349998474121094,51.77000045776367
2019-03-01,52.0,52.09000015258789,51.27000045776367,51.40999984741211
2019-03-04,51.650001525878906,51.91999816894531,50.630001068115234,51.15999984741211
2019-03-05,51.119998931884766,51.5099983215332,50.970001220703125,51.29999923706055
2019-03-06,51.369998931884766,51.790000915527344,50.91999816894531,51.66999816894531
2019-03-07,51.54999923706055,51.970001220703125,51.209999084472656,51.290000915527344
2019-03-08,50.720001220703125,51.130001068115234,50.5099983215332,51.06999969482422
2019-03-11,51.13999938964844,52.09000015258789,51.099998474121094,51.91999816894531
2019-03-12,52.0099983215332,52.279998779296875,51.68000030517578,52.150001525878906
2019-03-13,52.40999984741211,52.86000061035156,52.13999938964844,52.59000015258789
2019-03-14,52.630001068115234,52.959999084472656,52.5099983215332,52.7400016784668
2019-03-15,52.939998626708984,53.619998931884766,52.93000030517578,53.20000076293945
2019-03-18,53.27000045776367,53.939998626708984,53.09000015258789,53.5099983215332
2019-03-19,53.790000915527344,54.0,53.13999938964844,53.310001373291016
2019-03-20,53.15999984741211,53.869998931884766,52.86000061035156,53.2599983215332
2019-03-21,53.08000183105469,54.22999954223633,53.040000915527344,53.939998626708984
2019-03-22,53.90999984741211,54.13999938964844,52.70000076293945,52.7400016784668
2019-03-25,52.70000076293945,52.93000030517578,52.25,52.72999954223633
2019-03-26,53.189998626708984,53.4900016784668,53.0,53.22999954223633
2019-03-27,53.29999923706055,53.65999984741211,52.7400016784668,53.13999938964844
2019-03-28,53.189998626708984,53.689998626708984,53.02000045776367,53.36000061035156
2019-03-29,53.70000076293945,54.0,53.36000061035156,53.9900016784668
2019-04-01,54.47999954223633,55.02000045776367,54.38999938964844,54.97999954223633
2019-04-02,55.0,55.40999984741211,54.970001220703125,55.290000915527344
2019-04-03,55.459999084472656,55.79999923706055,55.06999969482422,55.630001068115234
2019-04-04,55.369998931884766,55.68000030517578,54.86000061035156,55.13999938964844
2019-04-05,55.25,55.61000061035156,55.130001068115234,55.209999084472656
2019-04-08,55.20000076293945,55.560001373291016,54.790000915527344,55.4900016784668
2019-04-09,55.08000183105469,55.41999816894531,54.86000061035156,55.18000030517578
2019-04-10,55.11000061035156,55.84000015258789,55.11000061035156,55.81999969482422
2019-04-11,55.93000030517578,55.95000076293945,55.310001373291016,55.599998474121094
2019-04-12,55.93000030517578,56.36000061035156,55.790000915527344,56.290000915527344
2019-04-15,56.400001525878906,56.61000061035156,56.2400016784668,56.560001373291016
2019-04-16,56.619998931884766,57.529998779296875,56.61000061035156,56.95000076293945
2019-04-17,57.18000030517578,57.31999969482422,56.290000915527344,56.310001373291016
2019-04-18,56.630001068115234,56.70000076293945,56.11000061035156,56.400001525878906
2019-04-22,56.15999984741211,56.599998474121094,56.099998474121094,56.34000015258789
2019-04-23,56.43000030517578,56.70000076293945,56.20000076293945,56.689998626708984
2019-04-24,56.63999938964844,57.150001525878906,56.58000183105469,56.880001068115234
2019-04-25,56.459999084472656,56.779998779296875,56.0099983215332,56.33000183105469
2019-04-26,56.02000045776367,56.369998931884766,55.68000030517578,55.880001068115234
2019-04-29,55.66999816894531,56.220001220703125,55.54999923706055,56.130001068115234
2019-04-30,56.0,56.119998931884766,55.529998779296875,55.95000076293945
2019-05-01,56.0,56.349998474121094,55.5099983215332,55.58000183105469
2019-05-02,55.47999954223633,55.88999938964844,54.81999969482422,54.939998626708984
2019-05-03,54.63999938964844,54.9900016784668,54.18000030517578,54.939998626708984
2019-05-06,53.86000061035156,54.7599983215332,53.560001373291016,54.59000015258789
2019-05-07,53.86000061035156,54.2400016784668,52.939998626708984,53.45000076293945
2019-05-08,53.16999816894531,53.939998626708984,53.130001068115234,53.470001220703125
2019-05-09,52.81999969482422,53.209999084472656,52.22999954223633,52.91999816894531
2019-05-10,52.61000061035156,53.54999923706055,51.95000076293945,53.36000061035156
2019-05-13,51.83000183105469,52.2599983215332,51.060001373291016,51.29999923706055
2019-05-14,51.45000076293945,52.439998626708984,51.380001068115234,52.02000045776367
2019-05-15,51.7599983215332,52.709999084472656,51.689998626708984,52.439998626708984
2019-05-16,54.27000045776367,56.400001525878906,54.119998931884766,55.93000030517578
2019-05-17,55.779998779296875,56.83000183105469,55.52000045776367,56.349998474121094
2019-05-20,55.79999923706055,56.38999938964844,55.54999923706055,56.0099983215332
2019-05-21,56.68000030517578,56.75,56.130001068115234,56.52000045776367
2019-05-22,56.220001220703125,56.29999923706055,55.66999816894531,55.689998626708984
2019-05-23,54.90999984741211,55.0099983215332,53.939998626708984,54.189998626708984
2019-05-24,54.56999969482422,54.66999816894531,54.060001373291016,54.369998931884766
2019-05-28,54.7400016784668,55.029998779296875,53.81999969482422,53.93000030517578
2019-05-29,53.54999923706055,53.54999923706055,52.86000061035156,53.18000030517578
2019-05-30,53.439998626708984,53.779998779296875,53.34000015258789,53.56999969482422
2019-05-31,52.790000915527344,52.880001068115234,52.0099983215332,52.029998779296875
2019-06-03,52.04999923706055,52.56999969482422,51.4900016784668,51.779998779296875
2019-06-04,52.47999954223633,53.63999938964844,52.40999984741211,53.22999954223633
2019-06-05,53.849998474121094,54.790000915527344,53.75,54.75
2019-06-06,54.88999938964844,55.29999923706055,54.209999084472656,55.099998474121094
2019-06-07,55.40999984741211,56.29999923706055,55.029998779296875,55.93000030517578
2019-06-10,56.13999938964844,56.650001525878906,55.959999084472656,56.41999816894531
2019-06-11,56.7400016784668,57.560001373291016,56.72999954223633,57.11000061035156
2019-06-12,56.04999923706055,56.59000015258789,55.650001525878906,55.86000061035156
2019-06-13,55.91999816894531,56.27000045776367,55.779998779296875,56.16999816894531
2019-06-14,55.9900016784668,56.02000045776367,54.65999984741211,54.75
2019-06-17,54.9900016784668,55.470001220703125,54.86000061035156,55.400001525878906
2019-06-18,56.06999969482422,56.650001525878906,55.75,56.04999923706055
2019-06-19,56.040000915527344,56.369998931884766,55.77000045776367,56.130001068115234
2019-06-20,57.0,57.540000915527344,56.68000030517578,57.40999984741211
2019-06-21,57.40999984741211,58.150001525878906,56.97999954223633,57.029998779296875
2019-06-24,57.25,57.290000915527344,56.689998626708984,57.18000030517578
2019-06-25,57.060001373291016,57.20000076293945,56.0099983215332,56.08000183105469
2019-06-26,56.540000915527344,57.04999923706055,56.36000061035156,56.599998474121094
2019-06-27,56.939998626708984,57.25,55.470001220703125,55.72999954223633
2019-06-28,55.90999984741211,55.97999954223633,54.029998779296875,54.72999954223633
2019-07-01,55.2599983215332,55.349998474121094,54.22999954223633,54.7400016784668
2019-07-02,54.83000183105469,55.91999816894531,54.779998779296875,55.810001373291016
2019-07-03,55.77000045776367,56.540000915527344,55.540000915527344,56.47999954223633
2019-07-05,56.0,56.72999954223633,55.709999084472656,56.599998474121094
2019-07-08,56.25,56.47999954223633,55.959999084472656,56.189998626708984
2019-07-09,56.369998931884766,56.689998626708984,56.040000915527344,56.34000015258789
2019-07-10,56.689998626708984,57.650001525878906,56.599998474121094,57.130001068115234
2019-07-11,57.369998931884766,57.619998931884766,56.91999816894531,57.29999923706055
2019-07-12,57.58000183105469,57.9900016784668,57.56999969482422,57.95000076293945
2019-07-15,58.0,58.22999954223633,57.869998931884766,58.04999923706055
2019-07-16,58.130001068115234,58.2599983215332,57.459999084472656,57.619998931884766
2019-07-17,57.56999969482422,57.790000915527344,57.189998626708984,57.209999084472656
2019-07-18,57.04999923706055,57.790000915527344,56.900001525878906,57.7400016784668
2019-07-19,57.810001373291016,58.06999969482422,57.31999969482422,57.36000061035156
2019-07-22,57.459999084472656,58.0099983215332,57.369998931884766,57.72999954223633
2019-07-23,58.060001373291016,58.099998474121094,57.47999954223633,57.709999084472656
2019-07-24,57.58000183105469,57.68000030517578,57.11000061035156,57.22999954223633
2019-07-25,57.36000061035156,57.5,56.369998931884766,56.619998931884766
2019-07-26,56.68000030517578,56.84000015258789,56.369998931884766,56.529998779296875
2019-07-29,56.689998626708984,57.150001525878906,56.540000915527344,56.93000030517578
2019-07-30,56.849998474121094,56.900001525878906,56.349998474121094,56.470001220703125
2019-07-31,56.33000183105469,56.83000183105469,54.900001525878906,55.400001525878906
2019-08-01,55.84000015258789,56.88999938964844,55.15999984741211,55.38999938964844
2019-08-02,54.220001220703125,54.31999969482422,52.58000183105469,53.25
2019-08-05,52.38999938964844,52.540000915527344,50.939998626708984,51.369998931884766
2019-08-06,51.95000076293945,52.72999954223633,51.599998474121094,52.599998474121094
2019-08-07,51.83000183105469,52.4900016784668,51.209999084472656,52.34000015258789
2019-08-08,52.790000915527344,53.36000061035156,52.59000015258789,53.15999984741211
2019-08-09,52.779998779296875,52.869998931884766,52.040000915527344,52.43000030517578
2019-08-12,52.27000045776367,52.36000061035156,51.34000015258789,51.540000915527344
2019-08-13,51.470001220703125,53.06999969482422,51.20000076293945,52.720001220703125
2019-08-14,52.119998931884766,52.119998931884766,50.130001068115234,50.61000061035156
2019-08-15,47.36000061035156,47.939998626708984,46.0,46.25
2019-08-16,46.41999816894531,47.36000061035156,46.400001525878906,46.959999084472656
2019-08-19,47.900001525878906,48.599998474121094,47.4900016784668,48.5
2019-08-20,48.540000915527344,48.59000015258789,47.91999816894531,47.93000030517578
2019-08-21,48.5,48.93000030517578,48.36000061035156,48.77000045776367
2019-08-22,49.2400016784668,49.33000183105469,47.939998626708984,48.18000030517578
2019-08-23,47.900001525878906,48.52000045776367,46.43000030517578,46.61000061035156
2019-08-26,47.04999923706055,47.27000045776367,46.66999816894531,47.099998474121094
2019-08-27,47.540000915527344,47.650001525878906,46.689998626708984,46.790000915527344
2019-08-28,46.529998779296875,46.959999084472656,46.2400016784668,46.869998931884766
2019-08-29,47.59000015258789,47.90999984741211,47.11000061035156,47.27000045776367
2019-08-30,47.52000045776367,47.56999969482422,46.54999923706055,46.810001373291016
2019-09-03,46.630001068115234,46.970001220703125,46.20000076293945,46.5
2019-09-04,47.02000045776367,47.40999984741211,46.88999938964844,47.31999969482422
2019-09-05,48.02000045776367,48.709999084472656,47.779998779296875,48.41999816894531
2019-09-06,48.650001525878906,48.9900016784668,48.27000045776367,48.84000015258789
2019-09-09,48.970001220703125,49.0099983215332,48.459999084472656,48.58000183105469
2019-09-10,48.56999969482422,49.349998474121094,47.95000076293945,49.209999084472656
2019-09-11,49.95000076293945,50.06999969482422,49.33000183105469,50.029998779296875
2019-09-12,50.279998779296875,50.29999923706055,49.40999984741211,49.93000030517578
2019-09-13,50.0099983215332,50.220001220703125,49.7599983215332,50.029998779296875
2019-09-16,49.79999923706055,50.18000030517578,49.790000915527344,49.959999084472656
2019-09-17,49.97999954223633,50.02000045776367,49.18000030517578,49.40999984741211
2019-09-18,49.470001220703125,49.7400016784668,48.779998779296875,49.34000015258789
2019-09-19,49.349998474121094,49.91999816894531,49.040000915527344,49.189998626708984
2019-09-20,49.290000915527344,49.869998931884766,48.869998931884766,49.599998474121094
2019-09-23,49.65999984741211,49.75,49.279998779296875,49.41999816894531
2019-09-24,49.75,50.20000076293945,48.93000030517578,49.119998931884766
2019-09-25,49.04999923706055,49.77000045776367,48.58000183105469,49.61000061035156
2019-09-26,49.43000030517578,49.4900016784668,48.2599983215332,48.83000183105469
2019-09-27,49.0,49.470001220703125,48.599998474121094,48.84000015258789
2019-09-30,48.95000076293945,49.65999984741211,48.95000076293945,49.40999984741211
2019-10-01,49.650001525878906,49.869998931884766,47.36000061035156,47.7400016784668
2019-10-02,47.349998474121094,47.380001068115234,46.0099983215332,46.560001373291016
2019-10-03,46.31999969482422,47.08000183105469,45.70000076293945,47.060001373291016
2019-10-04,47.25,47.630001068115234,46.95000076293945,47.52000045776367
2019-10-07,47.470001220703125,48.130001068115234,47.31999969482422,47.77000045776367
2019-10-08,47.5,47.540000915527344,46.349998474121094,46.38999938964844
2019-10-09,46.91999816894531,47.16999816894531,46.65999984741211,46.84000015258789
2019-10-10,46.04999923706055,46.22999954223633,45.54999923706055,46.150001525878906
2019-10-11,46.66999816894531,47.29999923706055,46.459999084472656,46.560001373291016
2019-10-14,46.54999923706055,46.54999923706055,46.0,46.04999923706055
2019-10-15,46.25,46.58000183105469,46.040000915527344,46.36000061035156
2019-10-16,46.36000061035156,46.880001068115234,46.31999969482422,46.790000915527344
2019-10-17,47.150001525878906,47.29999923706055,46.599998474121094,47.029998779296875
2019-10-18,47.099998474121094,47.27000045776367,46.65999984741211,46.709999084472656
2019-10-21,47.13999938964844,47.47999954223633,46.970001220703125,47.38999938964844
2019-10-22,47.5,47.88999938964844,47.400001525878906,47.54999923706055
2019-10-23,47.470001220703125,47.70000076293945,46.84000015258789,47.04999923706055
2019-10-24,47.22999954223633,47.22999954223633,46.099998474121094,46.40999984741211
2019-10-25,46.540000915527344,46.9900016784668,46.459999084472656,46.900001525878906
2019-10-28,47.150001525878906,47.599998474121094,47.060001373291016,47.16999816894531
2019-10-29,47.0,47.43000030517578,46.90999984741211,47.2400016784668
2019-10-30,47.29999923706055,47.58000183105469,47.15999984741211,47.560001373291016
2019-10-31,47.599998474121094,47.650001525878906,47.099998474121094,47.5099983215332
2019-11-01,46.849998474121094,47.4900016784668,46.63999938964844,47.029998779296875
2019-11-04,47.5,47.880001068115234,47.31999969482422,47.47999954223633
2019-11-05,47.59000015258789,47.91999816894531,47.2599983215332,47.7599983215332
2019-11-06,47.810001373291016,48.5,47.790000915527344,48.27000045776367
2019-11-07,48.61000061035156,48.97999954223633,48.20000076293945,48.41999816894531
2019-11-08,48.41999816894531,48.849998474121094,48.04999923706055,48.83000183105469
2019-11-11,48.0099983215332,48.470001220703125,47.560001373291016,48.099998474121094
2019-11-12,48.290000915527344,48.7400016784668,48.119998931884766,48.369998931884766
2019-11-13,48.2400016784668,48.849998474121094,48.150001525878906,48.459999084472656
2019-11-14,45.560001373291016,46.0,44.599998474121094,44.90999984741211
2019-11-15,45.06999969482422,45.650001525878906,44.810001373291016,45.09000015258789
2019-11-18,44.97999954223633,45.189998626708984,44.439998626708984,45.150001525878906
2019-11-19,45.38999938964844,45.599998474121094,45.08000183105469,45.470001220703125
2019-11-20,45.689998626708984,45.7400016784668,44.93000030517578,45.08000183105469
2019-11-21,45.130001068115234,45.150001525878906,44.689998626708984,44.84000015258789
2019-11-22,45.150001525878906,45.16999816894531,44.689998626708984,44.849998474121094
2019-11-25,45.0,45.54999923706055,44.93000030517578,45.45000076293945
2019-11-26,45.529998779296875,45.77000045776367,45.25,45.310001373291016
2019-11-27,45.36000061035156,45.41999816894531,44.93000030517578,45.2400016784668
2019-11-29,45.2400016784668,45.540000915527344,45.150001525878906,45.310001373291016
2019-12-02,45.25,45.33000183105469,44.66999816894531,44.70000076293945
2019-12-03,44.400001525878906,44.4900016784668,43.7400016784668,44.279998779296875
2019-12-04,44.52000045776367,44.54999923706055,43.86000061035156,43.88999938964844
2019-12-05,44.04999923706055,44.099998474121094,43.400001525878906,43.52000045776367
2019-12-06,43.88999938964844,44.060001373291016,43.650001525878906,43.84000015258789
2019-12-09,43.88999938964844,44.369998931884766,43.75,43.900001525878906
2019-12-10,43.849998474121094,44.18000030517578,43.79999923706055,44.099998474121094
2019-12-11,44.36000061035156,44.45000076293945,44.150001525878906,44.279998779296875
2019-12-12,44.54999923706055,45.77000045776367,44.40999984741211,45.66999816894531
2019-12-13,45.90999984741211,46.04999923706055,45.20000076293945,45.29999923706055
2019-12-16,45.79999923706055,46.59000015258789,45.79999923706055,45.97999954223633
2019-12-17,46.220001220703125,46.52000045776367,45.93000030517578,46.439998626708984
2019-12-18,46.52000045776367,46.7599983215332,46.25,46.63999938964844
2019-12-19,47.150001525878906,47.9900016784668,47.11000061035156,47.880001068115234
2019-12-20,48.25,48.369998931884766,47.41999816894531,47.45000076293945
2019-12-23,47.54999923706055,48.29999923706055,47.41999816894531,48.099998474121094
2019-12-24,48.15999984741211,48.25,47.650001525878906,47.779998779296875
2019-12-26,47.779998779296875,48.0,47.650001525878906,47.849998474121094
2019-12-27,47.9900016784668,48.02000045776367,47.68000030517578,47.77000045776367
2019-12-30,47.75,47.880001068115234,47.290000915527344,47.59000015258789
2019-12-31,47.540000915527344,47.97999954223633,47.40999984741211,47.959999084472656
2020-01-02,48.060001373291016,48.41999816894531,47.880001068115234,48.41999816894531
2020-01-03,47.90999984741211,48.13999938964844,47.47999954223633,47.630001068115234
2020-01-06,47.13999938964844,47.81999969482422,47.0099983215332,47.79999923706055
2020-01-07,47.720001220703125,47.720001220703125,47.099998474121094,47.4900016784668
2020-01-08,46.970001220703125,47.790000915527344,46.810001373291016,47.52000045776367
2020-01-09,47.790000915527344,47.880001068115234,47.06999969482422,47.31999969482422
2020-01-10,47.47999954223633,47.560001373291016,47.060001373291016,47.130001068115234
2020-01-13,47.310001373291016,47.97999954223633,47.29999923706055,47.970001220703125
2020-01-14,47.959999084472656,47.9900016784668,47.619998931884766,47.790000915527344
2020-01-15,47.91999816894531,48.400001525878906,47.7599983215332,48.0099983215332
2020-01-16,48.380001068115234,49.08000183105469,48.22999954223633,49.04999923706055
2020-01-17,49.310001373291016,49.540000915527344,48.869998931884766,49.02000045776367
2020-01-21,48.959999084472656,49.20000076293945,48.66999816894531,48.79999923706055
2020-01-22,49.279998779296875,49.529998779296875,49.040000915527344,49.06999969482422
2020-01-23,49.0,49.18000030517578,48.40999984741211,49.0
2020-01-24,49.220001220703125,49.47999954223633,48.540000915527344,48.849998474121094
2020-01-27,47.88999938964844,48.06999969482422,47.27000045776367,47.470001220703125
2020-01-28,47.52000045776367,47.970001220703125,47.5,47.77000045776367
2020-01-29,47.970001220703125,47.97999954223633,46.93000030517578,47.04999923706055
2020-01-30,46.540000915527344,47.27000045776367,46.2599983215332,47.2400016784668
2020-01-31,46.9900016784668,47.0,45.84000015258789,45.970001220703125
2020-02-03,46.400001525878906,46.83000183105469,46.209999084472656,46.529998779296875
2020-02-04,47.220001220703125,47.709999084472656,47.11000061035156,47.619998931884766
2020-02-05,48.33000183105469,48.599998474121094,48.150001525878906,48.45000076293945
2020-02-06,48.689998626708984,48.81999969482422,48.220001220703125,48.689998626708984
2020-02-07,48.599998474121094,48.77000045776367,47.869998931884766,47.970001220703125
2020-02-10,47.9900016784668,48.88999938964844,47.880001068115234,48.869998931884766
2020-02-11,49.38999938964844,49.709999084472656,48.86000061035156,49.130001068115234
2020-02-12,49.43000030517578,50.279998779296875,49.400001525878906,49.93000030517578
2020-02-13,47.150001525878906,47.66999816894531,46.58000183105469,47.31999969482422
2020-02-14,47.15999984741211,47.220001220703125,46.47999954223633,46.970001220703125
2020-02-18,46.81999969482422,46.849998474121094,46.290000915527344,46.59000015258789
2020-02-19,46.689998626708984,46.810001373291016,45.900001525878906,46.290000915527344
2020-02-20,46.09000015258789,46.959999084472656,45.900001525878906,46.849998474121094
2020-02-21,46.72999954223633,46.849998474121094,46.04999923706055,46.29999923706055
2020-02-24,45.0,45.68000030517578,44.0,44.0
2020-02-25,44.04999923706055,44.209999084472656,42.06999969482422,42.7400016784668
2020-02-26,42.970001220703125,43.380001068115234,41.939998626708984,42.15999984741211
2020-02-27,41.279998779296875,42.099998474121094,40.0099983215332,40.040000915527344
2020-02-28,38.70000076293945,40.54999923706055,38.349998474121094,39.93000030517578
2020-03-02,40.150001525878906,41.189998626708984,38.91999816894531,41.16999816894531
2020-03-03,41.2599983215332,41.900001525878906,39.709999084472656,40.040000915527344
2020-03-04,40.720001220703125,41.45000076293945,39.79999923706055,41.38999938964844
2020-03-05,40.16999816894531,40.5099983215332,39.290000915527344,39.56999969482422
2020-03-06,38.0,39.95000076293945,37.79999923706055,39.68000030517578
2020-03-09,36.900001525878906,39.560001373291016,36.290000915527344,37.959999084472656
2020-03-10,39.25,40.150001525878906,37.869998931884766,40.08000183105469
2020-03-11,39.02000045776367,39.15999984741211,36.369998931884766,37.04999923706055
2020-03-12,34.5,35.81999969482422,33.0,33.20000076293945
2020-03-13,35.18000030517578,37.68000030517578,33.33000183105469,37.63999938964844
2020-03-16,33.22999954223633,36.9900016784668,32.400001525878906,33.709999084472656
2020-03-17,34.70000076293945,36.25,33.599998474121094,35.5
2020-03-18,33.7599983215332,37.709999084472656,33.310001373291016,37.119998931884766
2020-03-19,37.04999923706055,39.31999969482422,36.150001525878906,37.709999084472656
2020-03-20,38.27000045776367,38.470001220703125,35.400001525878906,35.599998474121094
2020-03-23,35.5099983215332,35.81999969482422,33.7400016784668,34.599998474121094
2020-03-24,36.40999984741211,38.68000030517578,35.540000915527344,38.599998474121094
2020-03-25,38.650001525878906,39.95000076293945,37.5,37.66999816894531
2020-03-26,37.970001220703125,40.91999816894531,37.369998931884766,40.58000183105469
2020-03-27,39.209999084472656,40.150001525878906,38.40999984741211,38.81999969482422
2020-03-30,39.45000076293945,40.4900016784668,38.959999084472656,40.31999969482422
2020-03-31,40.130001068115234,40.41999816894531,39.11000061035156,39.310001373291016
2020-04-01,38.16999816894531,38.86000061035156,37.869998931884766,38.33000183105469
2020-04-02,37.84000015258789,39.95000076293945,37.470001220703125,39.79999923706055
2020-04-03,39.81999969482422,40.290000915527344,38.540000915527344,39.060001373291016
2020-04-06,40.459999084472656,41.68000030517578,39.779998779296875,41.43000030517578
2020-04-07,42.65999984741211,42.7400016784668,40.59000015258789,40.63999938964844
2020-04-08,41.16999816894531,42.20000076293945,40.869998931884766,41.7400016784668
2020-04-09,42.09000015258789,42.20000076293945,40.849998474121094,41.20000076293945
2020-04-13,41.040000915527344,41.459999084472656,40.529998779296875,41.220001220703125
2020-04-14,41.90999984741211,42.81999969482422,41.529998779296875,42.779998779296875
2020-04-15,42.20000076293945,42.369998931884766,41.22999954223633,41.52000045776367
2020-04-16,41.7599983215332,41.790000915527344,40.68000030517578,41.5
2020-04-17,42.25,42.63999938964844,41.7400016784668,42.47999954223633
2020-04-20,41.91999816894531,43.290000915527344,41.790000915527344,42.540000915527344
2020-04-21,41.83000183105469,41.9900016784668,40.40999984741211,40.54999923706055
2020-04-22,41.27000045776367,42.09000015258789,41.11000061035156,41.7599983215332
2020-04-23,41.88999938964844,42.54999923706055,41.529998779296875,41.619998931884766
2020-04-24,41.84000015258789,42.65999984741211,41.650001525878906,42.52000045776367
2020-04-27,42.70000076293945,43.220001220703125,42.58000183105469,43.060001373291016
2020-04-28,43.5,43.630001068115234,42.40999984741211,42.4900016784668
2020-04-29,43.349998474121094,43.47999954223633,42.93000030517578,43.34000015258789
2020-04-30,43.16999816894531,43.16999816894531,42.16999816894531,42.380001068115234
2020-05-01,41.720001220703125,41.810001373291016,40.77000045776367,40.91999816894531
2020-05-04,40.95000076293945,41.40999984741211,40.4900016784668,41.349998474121094
2020-05-05,41.61000061035156,41.93000030517578,41.38999938964844,41.459999084472656
2020-05-06,41.560001373291016,41.689998626708984,40.970001220703125,41.150001525878906
2020-05-07,41.59000015258789,41.77000045776367,41.220001220703125,41.369998931884766
2020-05-08,42.02000045776367,43.02000045776367,41.70000076293945,42.9900016784668
2020-05-11,42.779998779296875,43.650001525878906,42.61000061035156,43.31999969482422
2020-05-12,43.939998626708984,44.29999923706055,43.189998626708984,43.220001220703125
2020-05-13,43.40999984741211,43.56999969482422,41.310001373291016,41.95000076293945
2020-05-14,43.43000030517578,44.58000183105469,43.2599983215332,43.849998474121094
2020-05-15,42.93000030517578,44.380001068115234,42.849998474121094,44.27000045776367
2020-05-18,45.209999084472656,45.29999923706055,44.33000183105469,45.060001373291016
2020-05-19,44.83000183105469,44.97999954223633,44.40999984741211,44.61000061035156
2020-05-20,45.04999923706055,45.81999969482422,45.029998779296875,45.439998626708984
2020-05-21,45.45000076293945,45.65999984741211,44.560001373291016,44.63999938964844
2020-05-22,44.66999816894531,44.95000076293945,44.119998931884766,44.900001525878906
2020-05-26,45.779998779296875,45.79999923706055,44.68000030517578,44.84000015258789
2020-05-27,45.040000915527344,45.97999954223633,44.79999923706055,45.959999084472656
2020-05-28,45.900001525878906,46.459999084472656,45.369998931884766,45.599998474121094
2020-05-29,46.040000915527344,47.81999969482422,45.40999984741211,47.81999969482422
2020-06-01,47.150001525878906,47.290000915527344,46.22999954223633,46.29999923706055
2020-06-02,46.400001525878906,46.900001525878906,45.880001068115234,46.88999938964844
2020-06-03,46.97999954223633,47.20000076293945,46.540000915527344,46.939998626708984
2020-06-04,46.77000045776367,47.25,46.529998779296875,46.86000061035156
2020-06-05,47.27000045776367,48.290000915527344,47.20000076293945,47.83000183105469
2020-06-08,47.459999084472656,48.15999984741211,47.119998931884766,48.130001068115234
2020-06-09,48.02000045776367,48.2400016784668,47.4900016784668,48.04999923706055
2020-06-10,47.65999984741211,47.83000183105469,47.119998931884766,47.41999816894531
2020-06-11,46.9900016784668,47.0,43.63999938964844,43.66999816894531
2020-06-12,44.959999084472656,45.86000061035156,44.11000061035156,45.06999969482422
2020-06-15,44.119998931884766,45.7599983215332,43.93000030517578,45.349998474121094
2020-06-16,47.40999984741211,47.4900016784668,45.90999984741211,46.47999954223633
2020-06-17,46.75,46.81999969482422,45.900001525878906,46.16999816894531
2020-06-18,45.790000915527344,46.04999923706055,45.349998474121094,45.83000183105469
2020-06-19,46.2599983215332,46.5099983215332,45.04999923706055,45.31999969482422
2020-06-22,45.11000061035156,45.459999084472656,44.810001373291016,45.15999984741211
2020-06-23,45.91999816894531,46.150001525878906,45.31999969482422,45.470001220703125
2020-06-24,45.290000915527344,45.470001220703125,44.38999938964844,44.75
2020-06-25,44.77000045776367,45.31999969482422,44.20000076293945,45.220001220703125
2020-06-26,45.119998931884766,46.5099983215332,44.630001068115234,46.310001373291016
2020-06-29,46.34000015258789,46.45000076293945,45.66999816894531,46.150001525878906
2020-06-30,46.150001525878906,47.0099983215332,46.099998474121094,46.63999938964844
2020-07-01,46.540000915527344,46.720001220703125,46.0,46.060001373291016
2020-07-02,46.06999969482422,46.220001220703125,45.47999954223633,45.630001068115234
2020-07-06,46.06999969482422,46.4900016784668,45.869998931884766,46.41999816894531
2020-07-07,46.119998931884766,46.290000915527344,45.560001373291016,45.630001068115234
2020-07-08,45.59000015258789,46.06999969482422,45.31999969482422,45.810001373291016
2020-07-09,46.599998474121094,47.20000076293945,46.220001220703125,46.70000076293945
2020-07-10,46.72999954223633,46.91999816894531,46.2400016784668,46.65999984741211
2020-07-13,46.869998931884766,46.9900016784668,45.779998779296875,45.93000030517578
2020-07-14,45.4900016784668,46.5,45.40999984741211,46.2599983215332
2020-07-15,46.5,46.83000183105469,45.9900016784668,46.400001525878906
2020-07-16,45.70000076293945,45.83000183105469,45.20000076293945,45.779998779296875
2020-07-17,46.040000915527344,46.93000030517578,45.880001068115234,46.75
2020-07-20,46.66999816894531,47.099998474121094,46.2599983215332,46.970001220703125
2020-07-21,47.279998779296875,47.33000183105469,46.849998474121094,47.02000045776367
2020-07-22,47.02000045776367,47.11000061035156,46.529998779296875,46.900001525878906
2020-07-23,46.97999954223633,47.70000076293945,46.68000030517578,47.40999984741211
2020-07-24,47.4900016784668,47.63999938964844,46.11000061035156,46.400001525878906
2020-07-27,46.65999984741211,47.2599983215332,46.150001525878906,47.189998626708984
2020-07-28,46.97999954223633,47.08000183105469,46.209999084472656,46.279998779296875
2020-07-29,46.400001525878906,46.880001068115234,46.369998931884766,46.709999084472656
2020-07-30,46.130001068115234,46.459999084472656,45.380001068115234,46.439998626708984
2020-07-31,46.38999938964844,47.11000061035156,45.86000061035156,47.099998474121094
2020-08-03,47.13999938964844,47.36000061035156,46.68000030517578,47.15999984741211
2020-08-04,47.0099983215332,47.66999816894531,46.90999984741211,47.66999816894531
2020-08-05,47.66999816894531,47.72999954223633,47.04999923706055,47.33000183105469
2020-08-06,47.22999954223633,47.83000183105469,47.099998474121094,47.77000045776367
2020-08-07,47.33000183105469,47.599998474121094,47.029998779296875,47.43000030517578
2020-08-10,47.15999984741211,48.0,47.15999984741211,47.72999954223633
2020-08-11,47.900001525878906,48.45000076293945,47.09000015258789,47.189998626708984
2020-08-12,47.279998779296875,48.130001068115234,47.27000045776367,48.099998474121094
2020-08-13,43.790000915527344,43.84000015258789,42.380001068115234,42.720001220703125
2020-08-14,42.4900016784668,42.880001068115234,42.27000045776367,42.5
2020-08-17,42.54999923706055,42.7599983215332,41.86000061035156,42.09000015258789
2020-08-18,42.130001068115234,42.290000915527344,41.810001373291016,41.97999954223633
2020-08-19,42.099998474121094,42.349998474121094,41.779998779296875,41.869998931884766
2020-08-20,41.869998931884766,42.41999816894531,41.72999954223633,42.310001373291016
2020-08-21,42.04999923706055,42.29999923706055,41.810001373291016,42.25
2020-08-24,42.06999969482422,42.470001220703125,42.0,42.18000030517578
2020-08-25,42.22999954223633,42.29999923706055,41.779998779296875,41.959999084472656
2020-08-26,41.650001525878906,42.279998779296875,41.45000076293945,42.25
2020-08-27,42.400001525878906,42.470001220703125,42.02000045776367,42.290000915527344
2020-08-28,42.13999938964844,42.29999923706055,42.0,42.20000076293945
2020-08-31,42.099998474121094,42.349998474121094,41.939998626708984,42.220001220703125
2020-09-01,42.0,42.06999969482422,41.5,42.029998779296875
2020-09-02,42.040000915527344,42.689998626708984,42.029998779296875,42.41999816894531
2020-09-03,41.75,41.83000183105469,40.66999816894531,40.95000076293945
2020-09-04,41.20000076293945,41.43000030517578,40.439998626708984,40.81999969482422
2020-09-08,40.04999923706055,40.61000061035156,39.970001220703125,40.0
2020-09-09,40.099998474121094,40.47999954223633,39.720001220703125,40.130001068115234
2020-09-10,40.029998779296875,40.63999938964844,39.41999816894531,39.56999969482422
2020-09-11,39.77000045776367,40.04999923706055,39.52000045776367,39.880001068115234
2020-09-14,40.220001220703125,40.63999938964844,40.04999923706055,40.369998931884766
2020-09-15,40.5099983215332,40.84000015258789,40.380001068115234,40.599998474121094
2020-09-16,40.720001220703125,41.16999816894531,40.38999938964844,40.41999816894531
2020-09-17,39.65999984741211,40.400001525878906,39.5099983215332,40.369998931884766
2020-09-18,40.18000030517578,40.31999969482422,39.58000183105469,39.810001373291016
2020-09-21,39.310001373291016,39.470001220703125,38.689998626708984,39.040000915527344
2020-09-22,39.18000030517578,39.459999084472656,38.880001068115234,39.31999969482422
2020-09-23,39.22999954223633,39.38999938964844,38.18000030517578,38.279998779296875
2020-09-24,38.0,38.15999984741211,37.599998474121094,37.849998474121094
2020-09-25,37.7599983215332,38.540000915527344,37.619998931884766,38.45000076293945
2020-09-28,39.20000076293945,39.290000915527344,38.790000915527344,39.130001068115234
2020-09-29,39.06999969482422,39.380001068115234,38.83000183105469,39.060001373291016
2020-09-30,39.09000015258789,39.70000076293945,39.02000045776367,39.38999938964844
2020-10-01,39.099998474121094,39.310001373291016,38.56999969482422,38.79999923706055
2020-10-02,38.04999923706055,38.54999923706055,37.970001220703125,38.27000045776367
2020-10-05,38.47999954223633,38.790000915527344,38.279998779296875,38.56999969482422
2020-10-06,38.5,39.349998474121094,38.400001525878906,38.56999969482422
2020-10-07,38.97999954223633,39.58000183105469,38.779998779296875,39.400001525878906
2020-10-08,39.79999923706055,40.18000030517578,39.65999984741211,39.790000915527344
2020-10-09,40.150001525878906,40.22999954223633,39.720001220703125,39.849998474121094
2020-10-12,39.93000030517578,40.529998779296875,39.630001068115234,40.36000061035156
2020-10-13,40.540000915527344,40.61000061035156,39.709999084472656,39.810001373291016
2020-10-14,39.849998474121094,40.41999816894531,39.7599983215332,39.88999938964844
2020-10-15,39.470001220703125,40.0,39.349998474121094,39.970001220703125
2020-10-16,39.880001068115234,40.29999923706055,39.54999923706055,40.15999984741211
2020-10-19,40.150001525878906,40.380001068115234,39.15999984741211,39.29999923706055
2020-10-20,39.439998626708984,39.5099983215332,39.029998779296875,39.20000076293945
2020-10-21,39.310001373291016,39.56999969482422,38.97999954223633,39.060001373291016
2020-10-22,38.849998474121094,38.959999084472656,38.380001068115234,38.81999969482422
2020-10-23,38.93000030517578,38.970001220703125,38.650001525878906,38.81999969482422
2020-10-26,38.400001525878906,38.43000030517578,37.150001525878906,37.66999816894531
2020-10-27,37.380001068115234,37.5,36.59000015258789,36.869998931884766
2020-10-28,36.31999969482422,36.5099983215332,35.68000030517578,35.709999084472656
2020-10-29,35.5099983215332,36.06999969482422,35.279998779296875,35.689998626708984
2020-10-30,35.599998474121094,35.93000030517578,35.4900016784668,35.900001525878906
2020-11-02,36.189998626708984,36.349998474121094,35.66999816894531,35.900001525878906
2020-11-03,36.36000061035156,37.33000183105469,36.29999923706055,36.68000030517578
2020-11-04,37.029998779296875,37.29999923706055,36.5,36.56999969482422
2020-11-05,37.02000045776367,37.29999923706055,36.90999984741211,37.22999954223633
2020-11-06,37.560001373291016,37.599998474121094,37.08000183105469,37.529998779296875
2020-11-09,39.91999816894531,40.22999954223633,38.119998931884766,38.20000076293945
2020-11-10,38.209999084472656,39.029998779296875,38.16999816894531,38.720001220703125
2020-11-11,39.0099983215332,39.45000076293945,38.439998626708984,39.33000183105469
2020-11-12,38.97999954223633,39.38999938964844,38.400001525878906,38.66999816894531
2020-11-13,41.20000076293945,41.52000045776367,40.560001373291016,41.400001525878906
2020-11-16,41.7400016784668,42.59000015258789,41.349998474121094,42.540000915527344
2020-11-17,41.91999816894531,42.349998474121094,41.619998931884766,41.880001068115234
2020-11-18,41.900001525878906,42.2400016784668,41.2599983215332,41.31999969482422
2020-11-19,41.0,41.369998931884766,40.77000045776367,41.16999816894531
2020-11-20,41.04999923706055,41.38999938964844,40.91999816894531,40.970001220703125
2020-11-23,41.029998779296875,41.79999923706055,41.02000045776367,41.63999938964844
2020-11-24,42.13999938964844,42.709999084472656,41.900001525878906,42.61000061035156
2020-11-25,42.779998779296875,42.79999923706055,42.209999084472656,42.5
2020-11-27,42.86000061035156,42.97999954223633,42.63999938964844,42.70000076293945
2020-11-30,42.439998626708984,43.04999923706055,42.40999984741211,43.02000045776367
2020-12-01,43.0099983215332,44.06999969482422,43.0099983215332,43.540000915527344
2020-12-02,43.38999938964844,43.959999084472656,43.349998474121094,43.88999938964844
2020-12-03,43.779998779296875,44.13999938964844,43.599998474121094,44.11000061035156
2020-12-04,43.88999938964844,44.5099983215332,43.88999938964844,44.380001068115234
2020-12-07,44.290000915527344,44.4900016784668,43.90999984741211,44.349998474121094
2020-12-08,44.209999084472656,44.529998779296875,43.93000030517578,44.369998931884766
2020-12-09,44.470001220703125,44.83000183105469,44.36000061035156,44.689998626708984
2020-12-10,44.540000915527344,44.61000061035156,44.11000061035156,44.31999969482422
2020-12-11,43.939998626708984,44.33000183105469,43.720001220703125,44.31999969482422
2020-12-14,44.27000045776367,44.90999984741211,44.150001525878906,44.2400016784668
2020-12-15,44.38999938964844,44.79999923706055,44.13999938964844,44.720001220703125
2020-12-16,44.70000076293945,45.13999938964844,44.529998779296875,44.720001220703125
2020-12-17,44.90999984741211,44.93000030517578,44.599998474121094,44.81999969482422
2020-12-18,44.900001525878906,45.56999969482422,44.77000045776367,45.439998626708984
2020-12-21,44.470001220703125,44.959999084472656,44.06999969482422,44.880001068115234
2020-12-22,44.439998626708984,45.06999969482422,44.439998626708984,44.689998626708984
2020-12-23,44.650001525878906,44.79999923706055,44.349998474121094,44.380001068115234
2020-12-24,44.45000076293945,44.59000015258789,44.22999954223633,44.540000915527344
2020-12-28,44.93000030517578,45.34000015258789,44.720001220703125,44.91999816894531
2020-12-29,44.970001220703125,45.25,44.529998779296875,44.63999938964844
2020-12-30,44.7400016784668,45.060001373291016,44.439998626708984,44.47999954223633
2020-12-31,44.380001068115234,44.84000015258789,44.15999984741211,44.75
2021-01-04,44.310001373291016,44.369998931884766,43.349998474121094,43.959999084472656
2021-01-05,43.68000030517578,44.06999969482422,43.380001068115234,43.97999954223633
2021-01-06,44.130001068115234,44.869998931884766,43.88999938964844,44.400001525878906
2021-01-07,44.20000076293945,45.11000061035156,44.16999816894531,44.959999084472656
2021-01-08,44.47999954223633,45.40999984741211,44.25,45.060001373291016
2021-01-11,45.150001525878906,45.95000076293945,45.02000045776367,45.36000061035156
2021-01-12,45.29999923706055,45.93000030517578,44.959999084472656,45.790000915527344
2021-01-13,45.290000915527344,45.970001220703125,45.18000030517578,45.36000061035156
2021-01-14,44.869998931884766,45.599998474121094,44.849998474121094,45.150001525878906
2021-01-15,44.959999084472656,45.650001525878906,44.880001068115234,45.43000030517578
2021-01-19,45.33000183105469,45.630001068115234,44.77000045776367,45.189998626708984
2021-01-20,45.33000183105469,45.5,45.13999938964844,45.34000015258789
2021-01-21,45.20000076293945,45.2400016784668,44.720001220703125,45.11000061035156
2021-01-22,44.75,44.88999938964844,44.22999954223633,44.77000045776367
2021-01-25,45.040000915527344,45.16999816894531,44.709999084472656,45.029998779296875
2021-01-26,44.88999938964844,45.349998474121094,44.77000045776367,45.2599983215332
2021-01-27,45.2400016784668,46.459999084472656,45.08000183105469,45.70000076293945
2021-01-28,45.90999984741211,46.27000045776367,45.29999923706055,45.34000015258789
2021-01-29,44.849998474121094,45.369998931884766,44.47999954223633,44.58000183105469
2021-02-01,44.91999816894531,45.630001068115234,44.65999984741211,45.400001525878906
2021-02-02,45.52000045776367,45.939998626708984,45.43000030517578,45.83000183105469
2021-02-03,45.75,46.15999984741211,45.540000915527344,45.77000045776367
2021-02-04,45.869998931884766,47.31999969482422,45.77000045776367,47.25
2021-02-05,47.56999969482422,48.34000015258789,47.5,48.08000183105469
2021-02-08,48.560001373291016,49.34000015258789,48.560001373291016,48.939998626708984
2021-02-09,48.77000045776367,48.83000183105469,48.40999984741211,48.5
2021-02-10,46.150001525878906,47.40999984741211,45.83000183105469,47.2400016784668
2021-02-11,47.349998474121094,47.90999984741211,47.20000076293945,47.58000183105469
2021-02-12,47.43000030517578,47.689998626708984,46.90999984741211,47.290000915527344
2021-02-16,47.2599983215332,47.2599983215332,46.400001525878906,46.5099983215332
2021-02-17,46.31999969482422,46.400001525878906,45.869998931884766,46.25
2021-02-18,46.38999938964844,46.400001525878906,45.689998626708984,46.34000015258789
2021-02-19,46.540000915527344,46.61000061035156,45.58000183105469,45.68000030517578
2021-02-22,45.290000915527344,45.68000030517578,44.81999969482422,45.43000030517578
2021-02-23,45.2599983215332,45.779998779296875,45.099998474121094,45.5099983215332
2021-02-24,45.2400016784668,45.79999923706055,45.040000915527344,45.7400016784668
2021-02-25,45.59000015258789,46.2400016784668,45.2400016784668,45.52000045776367
2021-02-26,45.58000183105469,45.779998779296875,44.7599983215332,44.869998931884766
2021-03-01,45.220001220703125,46.220001220703125,45.220001220703125,45.91999816894531
2021-03-02,45.93000030517578,46.08000183105469,45.41999816894531,45.52000045776367
2021-03-03,45.43000030517578,45.529998779296875,45.0,45.130001068115234
2021-03-04,45.13999938964844,45.470001220703125,44.150001525878906,44.560001373291016
2021-03-05,45.45000076293945,46.7400016784668,45.27000045776367,46.25
2021-03-08,46.2400016784668,48.400001525878906,46.20000076293945,47.5099983215332
2021-03-09,47.81999969482422,48.369998931884766,47.720001220703125,47.88999938964844
2021-03-10,48.470001220703125,48.790000915527344,48.189998626708984,48.290000915527344
2021-03-11,48.5099983215332,49.08000183105469,48.22999954223633,48.79999923706055
2021-03-12,48.810001373291016,48.9900016784668,48.470001220703125,48.81999969482422
2021-03-15,48.900001525878906,49.439998626708984,48.900001525878906,49.40999984741211
2021-03-16,49.189998626708984,49.7400016784668,49.189998626708984,49.66999816894531
2021-03-17,49.61000061035156,49.61000061035156,48.88999938964844,49.41999816894531
2021-03-18,48.52000045776367,49.56999969482422,48.52000045776367,48.79999923706055
2021-03-19,48.709999084472656,49.220001220703125,48.31999969482422,48.97999954223633
2021-03-22,48.939998626708984,50.380001068115234,48.939998626708984,50.29999923706055
2021-03-23,50.02000045776367,50.68000030517578,49.900001525878906,50.0099983215332
2021-03-24,49.939998626708984,50.45000076293945,49.619998931884766,49.650001525878906
2021-03-25,50.58000183105469,51.400001525878906,50.290000915527344,50.5099983215332
2021-03-26,50.599998474121094,52.63999938964844,50.560001373291016,52.56999969482422
2021-03-29,52.400001525878906,52.939998626708984,52.279998779296875,52.52000045776367
2021-03-30,52.11000061035156,52.290000915527344,51.18000030517578,51.77000045776367
2021-03-31,51.83000183105469,52.04999923706055,51.54999923706055,51.709999084472656
2021-04-01,51.75,52.06999969482422,51.349998474121094,51.97999954223633
2021-04-05,51.630001068115234,52.91999816894531,51.630001068115234,52.40999984741211
2021-04-06,51.97999954223633,52.220001220703125,51.779998779296875,52.029998779296875
2021-04-07,52.0099983215332,52.13999938964844,51.58000183105469,51.77000045776367
2021-04-08,51.939998626708984,52.0,51.45000076293945,51.90999984741211
2021-04-09,51.83000183105469,52.150001525878906,51.68000030517578,52.09000015258789
2021-04-12,52.06999969482422,52.15999984741211,51.470001220703125,51.56999969482422
2021-04-13,51.63999938964844,51.880001068115234,51.34000015258789,51.65999984741211
2021-04-14,51.5099983215332,51.68000030517578,51.13999938964844,51.369998931884766
2021-04-15,51.7599983215332,51.939998626708984,51.369998931884766,51.63999938964844
2021-04-16,52.45000076293945,53.18000030517578,52.2599983215332,52.79999923706055
2021-04-19,52.529998779296875,52.959999084472656,52.4900016784668,52.849998474121094
2021-04-20,52.59000015258789,52.790000915527344,51.599998474121094,51.790000915527344
2021-04-21,51.84000015258789,52.06999969482422,51.47999954223633,51.93000030517578
2021-04-22,51.810001373291016,52.09000015258789,51.380001068115234,51.5
2021-04-23,51.5,52.130001068115234,51.18000030517578,51.90999984741211
2021-04-26,51.650001525878906,51.77000045776367,51.5,51.63999938964844
2021-04-27,51.58000183105469,51.66999816894531,51.349998474121094,51.369998931884766
2021-04-28,51.560001373291016,51.77000045776367,50.91999816894531,51.11000061035156
2021-04-29,51.18000030517578,51.599998474121094,50.97999954223633,51.459999084472656
2021-04-30,51.220001220703125,51.22999954223633,50.40999984741211,50.90999984741211
2021-05-03,51.209999084472656,51.400001525878906,50.810001373291016,51.16999816894531
2021-05-04,51.11000061035156,51.22999954223633,50.29999923706055,50.709999084472656
2021-05-05,50.9900016784668,51.25,50.68000030517578,51.130001068115234
2021-05-06,51.06999969482422,52.709999084472656,50.95000076293945,52.439998626708984
2021-05-07,52.47999954223633,53.68000030517578,52.220001220703125,53.43000030517578
2021-05-10,53.970001220703125,54.13999938964844,53.15999984741211,53.15999984741211
2021-05-11,53.099998474121094,53.11000061035156,52.11000061035156,52.83000183105469
2021-05-12,52.18000030517578,52.43000030517578,51.470001220703125,51.599998474121094
2021-05-13,52.11000061035156,52.810001373291016,51.880001068115234,52.4900016784668
2021-05-14,52.93000030517578,53.220001220703125,52.599998474121094,52.900001525878906
2021-05-17,52.7599983215332,53.150001525878906,52.68000030517578,52.939998626708984
2021-05-18,52.79999923706055,53.34000015258789,52.7400016784668,52.93000030517578
2021-05-19,51.880001068115234,52.65999984741211,51.86000061035156,52.470001220703125
2021-05-20,50.40999984741211,52.970001220703125,50.099998474121094,52.849998474121094
2021-05-21,52.77000045776367,52.93000030517578,52.2400016784668,52.43000030517578
2021-05-24,52.959999084472656,53.77000045776367,52.790000915527344,53.38999938964844
2021-05-25,53.369998931884766,53.58000183105469,53.13999938964844,53.310001373291016
2021-05-26,53.349998474121094,53.61000061035156,52.81999969482422,52.90999984741211
2021-05-27,52.93000030517578,53.349998474121094,52.58000183105469,52.91999816894531
2021-05-28,53.18000030517578,53.220001220703125,52.84000015258789,52.900001525878906
2021-06-01,52.959999084472656,53.31999969482422,52.43000030517578,52.619998931884766
2021-06-02,52.650001525878906,52.9900016784668,52.400001525878906,52.959999084472656
2021-06-03,52.79999923706055,53.560001373291016,52.619998931884766,53.33000183105469
2021-06-04,53.439998626708984,54.16999816894531,53.439998626708984,54.06999969482422
2021-06-07,54.31999969482422,54.439998626708984,53.790000915527344,53.91999816894531
2021-06-08,53.970001220703125,54.38999938964844,53.88999938964844,54.130001068115234
2021-06-09,54.18000030517578,54.41999816894531,53.939998626708984,54.02000045776367
2021-06-10,54.43000030517578,55.08000183105469,54.27000045776367,55.029998779296875
2021-06-11,55.189998626708984,55.349998474121094,54.540000915527344,54.77000045776367
2021-06-14,54.38999938964844,54.529998779296875,53.529998779296875,54.16999816894531
2021-06-15,54.22999954223633,54.31999969482422,53.72999954223633,53.790000915527344
2021-06-16,53.849998474121094,53.91999816894531,53.130001068115234,53.470001220703125
2021-06-17,53.40999984741211,53.54999923706055,53.0099983215332,53.130001068115234
2021-06-18,52.810001373291016,52.84000015258789,51.880001068115234,52.06999969482422
2021-06-21,52.369998931884766,53.40999984741211,52.290000915527344,53.18000030517578
2021-06-22,53.29999923706055,53.36000061035156,52.810001373291016,53.2599983215332
2021-06-23,53.27000045776367,53.290000915527344,52.59000015258789,52.7599983215332
2021-06-24,52.939998626708984,53.04999923706055,52.61000061035156,52.779998779296875
2021-06-25,52.77000045776367,53.20000076293945,52.650001525878906,53.060001373291016
2021-06-28,53.15999984741211,53.290000915527344,52.91999816894531,52.959999084472656
2021-06-29,52.88999938964844,53.189998626708984,52.77000045776367,52.90999984741211
2021-06-30,52.95000076293945,53.06999969482422,52.619998931884766,53.0
2021-07-01,53.04999923706055,53.599998474121094,53.0,53.439998626708984
2021-07-02,53.189998626708984,53.619998931884766,52.84000015258789,53.540000915527344
2021-07-06,53.220001220703125,53.36000061035156,52.34000015258789,52.97999954223633
2021-07-07,53.06999969482422,53.29999923706055,52.66999816894531,53.2599983215332
2021-07-08,53.15999984741211,53.720001220703125,52.90999984741211,53.2599983215332
2021-07-09,53.36000061035156,53.93000030517578,53.290000915527344,53.7400016784668
2021-07-12,54.040000915527344,54.040000915527344,53.130001068115234,53.22999954223633
2021-07-13,53.34000015258789,53.58000183105469,53.20000076293945,53.31999969482422
2021-07-14,53.5,54.20000076293945,53.34000015258789,54.09000015258789
2021-07-15,53.84000015258789,53.869998931884766,53.2400016784668,53.650001525878906
2021-07-16,53.880001068115234,54.40999984741211,53.650001525878906,53.70000076293945
2021-07-19,53.66999816894531,53.70000076293945,52.72999954223633,53.060001373291016
2021-07-20,53.279998779296875,53.93000030517578,53.189998626708984,53.58000183105469
2021-07-21,53.81999969482422,53.900001525878906,53.41999816894531,53.880001068115234
2021-07-22,53.90999984741211,54.54999923706055,53.779998779296875,54.540000915527344
2021-07-23,54.88999938964844,55.34000015258789,54.5099983215332,55.22999954223633
2021-07-26,55.130001068115234,55.650001525878906,55.130001068115234,55.470001220703125
2021-07-27,55.380001068115234,55.40999984741211,54.790000915527344,55.279998779296875
2021-07-28,55.459999084472656,55.52000045776367,54.40999984741211,54.77000045776367
2021-07-29,55.0,55.349998474121094,54.900001525878906,55.06999969482422
2021-07-30,55.08000183105469,55.4900016784668,55.0099983215332,55.369998931884766
2021-08-02,55.599998474121094,55.939998626708984,55.2599983215332,55.45000076293945
2021-08-03,55.540000915527344,56.41999816894531,55.27000045776367,56.25
2021-08-04,56.369998931884766,56.369998931884766,55.470001220703125,55.689998626708984
2021-08-05,55.52000045776367,55.97999954223633,55.5,55.7599983215332
2021-08-06,55.470001220703125,55.95000076293945,55.150001525878906,55.59000015258789
2021-08-09,55.81999969482422,56.06999969482422,55.400001525878906,55.470001220703125
2021-08-10,55.5,55.66999816894531,55.25,55.61000061035156
2021-08-11,55.88999938964844,56.0099983215332,55.599998474121094,55.86000061035156
2021-08-12,55.849998474121094,56.45000076293945,55.65999984741211,56.38999938964844
2021-08-13,56.38999938964844,56.619998931884766,56.2599983215332,56.470001220703125
2021-08-16,56.29999923706055,56.43000030517578,55.93000030517578,56.279998779296875
2021-08-17,55.869998931884766,56.02000045776367,55.630001068115234,56.0099983215332
2021-08-18,55.790000915527344,56.13999938964844,55.029998779296875,55.150001525878906
2021-08-19,54.7599983215332,57.4900016784668,54.59000015258789,57.27000045776367
2021-08-20,57.25,58.34000015258789,56.849998474121094,58.220001220703125
2021-08-23,57.849998474121094,58.70000076293945,57.7400016784668,58.540000915527344
2021-08-24,58.4900016784668,59.43000030517578,58.43000030517578,59.31999969482422
2021-08-25,59.540000915527344,60.27000045776367,59.16999816894531,59.349998474121094
2021-08-26,59.41999816894531,59.630001068115234,58.9900016784668,59.20000076293945
2021-08-27,59.27000045776367,59.349998474121094,58.86000061035156,59.02000045776367
2021-08-30,58.97999954223633,59.220001220703125,58.79999923706055,59.130001068115234
2021-08-31,59.11000061035156,59.18000030517578,58.58000183105469,59.02000045776367
2021-09-01,59.02000045776367,59.13999938964844,58.65999984741211,59.040000915527344
2021-09-02,59.349998474121094,59.720001220703125,59.060001373291016,59.529998779296875
2021-09-03,59.33000183105469,59.65999984741211,59.279998779296875,59.41999816894531
2021-09-07,59.2400016784668,59.369998931884766,58.75,58.880001068115234
2021-09-08,58.54999923706055,58.93000030517578,58.4900016784668,58.68000030517578
2021-09-09,58.45000076293945,58.939998626708984,58.25,58.599998474121094
2021-09-10,58.75,58.95000076293945,57.81999969482422,57.88999938964844
2021-09-13,58.15999984741211,58.529998779296875,57.72999954223633,58.099998474121094
2021-09-14,58.2400016784668,58.470001220703125,57.65999984741211,57.869998931884766
2021-09-15,57.779998779296875,59.599998474121094,57.060001373291016,57.560001373291016
2021-09-16,58.310001373291016,58.81999969482422,57.130001068115234,57.33000183105469
2021-09-17,57.38999938964844,57.45000076293945,56.470001220703125,56.849998474121094
2021-09-20,56.380001068115234,56.400001525878906,55.290000915527344,55.88999938964844
2021-09-21,55.959999084472656,56.369998931884766,55.22999954223633,55.2599983215332
2021-09-22,55.7599983215332,56.130001068115234,55.369998931884766,55.52000045776367
2021-09-23,55.70000076293945,56.900001525878906,55.599998474121094,56.689998626708984
2021-09-24,56.45000076293945,56.810001373291016,56.220001220703125,56.72999954223633
2021-09-27,56.459999084472656,56.66999816894531,56.04999923706055,56.220001220703125
2021-09-28,55.779998779296875,55.9900016784668,55.40999984741211,55.52000045776367
2021-09-29,55.619998931884766,55.97999954223633,55.34000015258789,55.47999954223633
2021-09-30,55.79999923706055,55.900001525878906,54.40999984741211,54.43000030517578
2021-10-01,54.599998474121094,55.40999984741211,54.040000915527344,55.13999938964844
2021-10-04,54.5,54.68000030517578,53.95000076293945,54.22999954223633
2021-10-05,54.130001068115234,55.029998779296875,54.130001068115234,54.689998626708984
2021-10-06,54.349998474121094,54.380001068115234,52.97999954223633,53.939998626708984
2021-10-07,54.4900016784668,55.40999984741211,54.349998474121094,55.02000045776367
2021-10-08,55.20000076293945,55.29999923706055,54.75,55.08000183105469
2021-10-11,55.25,55.380001068115234,54.900001525878906,54.93000030517578
2021-10-12,54.9900016784668,55.060001373291016,54.06999969482422,54.279998779296875
2021-10-13,54.31999969482422,54.75,54.08000183105469,54.619998931884766
2021-10-14,55.09000015258789,55.849998474121094,54.97999954223633,55.650001525878906
2021-10-15,55.88999938964844,55.88999938964844,54.959999084472656,55.25
2021-10-18,55.040000915527344,55.4900016784668,54.56999969482422,55.189998626708984
2021-10-19,55.290000915527344,55.779998779296875,55.029998779296875,55.7400016784668
2021-10-20,55.79999923706055,56.22999954223633,55.79999923706055,56.20000076293945
2021-10-21,56.040000915527344,56.119998931884766,55.529998779296875,55.689998626708984
2021-10-22,55.54999923706055,55.86000061035156,54.939998626708984,55.11000061035156
2021-10-25,55.11000061035156,55.41999816894531,54.810001373291016,55.13999938964844
2021-10-26,55.560001373291016,56.349998474121094,55.400001525878906,55.810001373291016
2021-10-27,56.130001068115234,56.720001220703125,55.93000030517578,56.18000030517578
2021-10-28,56.22999954223633,56.689998626708984,55.88999938964844,56.2400016784668
2021-10-29,56.31999969482422,56.58000183105469,55.86000061035156,55.970001220703125
2021-11-01,55.869998931884766,56.25,55.5,56.099998474121094
2021-11-02,56.369998931884766,57.869998931884766,56.279998779296875,57.619998931884766
2021-11-03,57.58000183105469,57.93000030517578,57.119998931884766,57.650001525878906
2021-11-04,57.599998474121094,57.689998626708984,56.560001373291016,57.119998931884766
2021-11-05,57.380001068115234,57.79999923706055,56.93000030517578,57.06999969482422
2021-11-08,57.099998474121094,57.52000045776367,56.59000015258789,57.0
2021-11-09,57.06999969482422,57.630001068115234,56.900001525878906,57.439998626708984
2021-11-10,57.900001525878906,58.630001068115234,57.689998626708984,57.77000045776367
2021-11-11,57.56999969482422,57.77000045776367,56.689998626708984,56.7599983215332
2021-11-12,56.970001220703125,57.150001525878906,56.310001373291016,56.81999969482422
2021-11-15,56.93000030517578,57.70000076293945,56.83000183105469,57.27000045776367
2021-11-16,57.2400016784668,58.08000183105469,56.93000030517578,57.0
2021-11-17,56.61000061035156,57.13999938964844,56.27000045776367,56.7599983215332
2021-11-18,52.72999954223633,53.93000030517578,51.08000183105469,53.630001068115234
2021-11-19,53.54999923706055,53.689998626708984,52.779998779296875,53.25
2021-11-22,53.349998474121094,55.529998779296875,53.29999923706055,54.599998474121094
2021-11-23,54.61000061035156,55.58000183105469,54.470001220703125,55.29999923706055
2021-11-24,55.150001525878906,55.75,55.150001525878906,55.540000915527344
2021-11-26,54.459999084472656,55.189998626708984,54.459999084472656,54.66999816894531
2021-11-29,55.13999938964844,56.189998626708984,54.83000183105469,55.7599983215332
2021-11-30,55.58000183105469,55.599998474121094,54.150001525878906,54.84000015258789
2021-12-01,55.529998779296875,56.380001068115234,54.93000030517578,55.029998779296875
2021-12-02,55.150001525878906,56.61000061035156,55.08000183105469,56.150001525878906
2021-12-03,56.29999923706055,56.81999969482422,55.66999816894531,56.22999954223633
2021-12-06,56.70000076293945,57.16999816894531,56.470001220703125,56.959999084472656
2021-12-07,57.099998474121094,58.220001220703125,57.0099983215332,58.08000183105469
2021-12-08,58.08000183105469,58.130001068115234,56.630001068115234,57.02000045776367
2021-12-09,57.20000076293945,57.83000183105469,56.93000030517578,57.54999923706055
2021-12-10,57.90999984741211,59.34000015258789,57.90999984741211,59.25
2021-12-13,59.099998474121094,59.5099983215332,58.540000915527344,58.61000061035156
2021-12-14,58.34000015258789,58.529998779296875,57.369998931884766,57.77000045776367
2021-12-15,57.91999816894531,60.029998779296875,57.900001525878906,59.93000030517578
2021-12-16,60.04999923706055,60.7599983215332,59.869998931884766,60.310001373291016
2021-12-17,60.27000045776367,60.79999923706055,59.790000915527344,60.459999084472656
2021-12-20,59.66999816894531,60.40999984741211,59.29999923706055,60.36000061035156
2021-12-21,60.439998626708984,61.2400016784668,60.0,61.029998779296875
2021-12-22,60.970001220703125,61.599998474121094,60.619998931884766,61.529998779296875
2021-12-23,61.790000915527344,62.900001525878906,61.790000915527344,62.279998779296875
2021-12-27,62.40999984741211,63.470001220703125,62.279998779296875,63.41999816894531
2021-12-28,63.41999816894531,63.84000015258789,63.22999954223633,63.529998779296875
2021-12-29,63.650001525878906,64.29000091552734,63.54999923706055,63.959999084472656
2021-12-30,64.04000091552734,64.13999938964844,63.470001220703125,63.619998931884766
2021-12-31,63.54999923706055,63.81999969482422,63.31999969482422,63.369998931884766
2022-01-03,62.900001525878906,63.349998474121094,62.5,63.15999984741211
2022-01-04,62.439998626708984,62.810001373291016,61.11000061035156,61.25
2022-01-05,61.189998626708984,61.63999938964844,60.25,60.279998779296875
2022-01-06,60.0,61.130001068115234,59.90999984741211,60.91999816894531
2022-01-07,60.869998931884766,61.5,60.66999816894531,61.130001068115234
2022-01-10,60.869998931884766,61.900001525878906,60.52000045776367,61.81999969482422
2022-01-11,61.599998474121094,62.43000030517578,61.439998626708984,62.369998931884766
2022-01-12,62.400001525878906,62.81999969482422,61.91999816894531,62.119998931884766
2022-01-13,62.08000183105469,62.150001525878906,61.209999084472656,61.5
2022-01-14,61.470001220703125,61.5,60.939998626708984,61.36000061035156
2022-01-18,59.97999954223633,60.220001220703125,59.4900016784668,59.72999954223633
2022-01-19,58.0,59.4900016784668,57.779998779296875,58.900001525878906
2022-01-20,58.9900016784668,59.34000015258789,58.02000045776367,58.08000183105469
2022-01-21,58.06999969482422,58.34000015258789,56.61000061035156,56.68000030517578
2022-01-24,56.15999984741211,57.0,54.869998931884766,56.900001525878906
2022-01-25,56.09000015258789,56.689998626708984,55.06999969482422,56.11000061035156
2022-01-26,56.11000061035156,56.45000076293945,54.86000061035156,55.33000183105469
2022-01-27,55.5099983215332,56.529998779296875,54.400001525878906,54.619998931884766
2022-01-28,54.5,55.65999984741211,53.45000076293945,55.61000061035156
2022-01-31,55.43000030517578,55.86000061035156,54.869998931884766,55.66999816894531
2022-02-01,55.45000076293945,55.5,54.7400016784668,55.369998931884766
2022-02-02,55.22999954223633,56.31999969482422,55.16999816894531,56.16999816894531
2022-02-03,55.869998931884766,56.150001525878906,55.060001373291016,55.20000076293945
2022-02-04,54.88999938964844,55.619998931884766,54.38999938964844,55.150001525878906
2022-02-07,55.33000183105469,55.529998779296875,54.70000076293945,55.16999816894531
2022-02-08,55.060001373291016,55.4900016784668,54.709999084472656,55.34000015258789
2022-02-09,55.81999969482422,56.380001068115234,55.47999954223633,56.290000915527344
2022-02-10,55.2400016784668,56.029998779296875,54.7400016784668,54.869998931884766
2022-02-11,54.869998931884766,55.09000015258789,53.77000045776367,53.900001525878906
2022-02-14,53.40999984741211,53.650001525878906,52.70000076293945,53.18000030517578
2022-02-15,53.720001220703125,54.29999923706055,53.63999938964844,54.27000045776367
2022-02-16,54.130001068115234,54.439998626708984,53.38999938964844,54.25
2022-02-17,55.5,57.060001373291016,55.400001525878906,55.77000045776367
2022-02-18,55.459999084472656,57.689998626708984,55.380001068115234,57.209999084472656
2022-02-22,56.93000030517578,57.13999938964844,55.7400016784668,56.29999923706055
2022-02-23,56.61000061035156,56.9900016784668,54.369998931884766,54.439998626708984
2022-02-24,54.06999969482422,54.83000183105469,53.209999084472656,54.72999954223633
2022-02-25,54.97999954223633,56.220001220703125,54.4900016784668,56.040000915527344
2022-02-28,55.40999984741211,56.0,54.75,55.77000045776367
2022-03-01,55.529998779296875,55.849998474121094,54.2599983215332,54.619998931884766
2022-03-02,54.77000045776367,56.380001068115234,54.709999084472656,56.150001525878906
2022-03-03,56.7400016784668,57.0,55.84000015258789,56.06999969482422
2022-03-04,55.66999816894531,56.900001525878906,55.25,56.5099983215332
2022-03-07,56.310001373291016,56.439998626708984,55.52000045776367,55.59000015258789
2022-03-08,55.70000076293945,55.86000061035156,54.06999969482422,54.400001525878906
2022-03-09,55.63999938964844,56.25,55.25,55.91999816894531
2022-03-10,54.400001525878906,55.15999984741211,53.970001220703125,54.709999084472656
2022-03-11,55.290000915527344,56.209999084472656,54.599998474121094,54.689998626708984
2022-03-14,54.72999954223633,55.400001525878906,54.0,54.29999923706055
2022-03-15,54.41999816894531,55.72999954223633,54.41999816894531,55.599998474121094
2022-03-16,55.93000030517578,56.0,54.599998474121094,55.810001373291016
2022-03-17,55.4900016784668,56.29999923706055,55.349998474121094,56.16999816894531
2022-03-18,56.029998779296875,56.41999816894531,55.540000915527344,55.970001220703125
2022-03-21,56.060001373291016,56.54999923706055,55.52000045776367,56.0
2022-03-22,56.36000061035156,56.720001220703125,56.09000015258789,56.16999816894531
2022-03-23,55.900001525878906,56.09000015258789,54.45000076293945,54.47999954223633
2022-03-24,54.66999816894531,54.689998626708984,53.68000030517578,54.5
2022-03-25,54.61000061035156,55.18000030517578,54.400001525878906,54.970001220703125
2022-03-28,54.79999923706055,55.15999984741211,54.41999816894531,55.13999938964844
2022-03-29,55.66999816894531,56.310001373291016,55.040000915527344,55.66999816894531
2022-03-30,55.75,56.939998626708984,55.59000015258789,56.04999923706055
2022-03-31,56.040000915527344,56.880001068115234,55.720001220703125,55.7599983215332
2022-04-01,56.16999816894531,56.189998626708984,54.88999938964844,55.65999984741211
2022-04-04,55.459999084472656,56.119998931884766,54.9900016784668,55.869998931884766
2022-04-05,55.20000076293945,55.59000015258789,54.66999816894531,54.91999816894531
2022-04-06,54.689998626708984,54.7599983215332,53.84000015258789,54.369998931884766
2022-04-07,54.43000030517578,54.849998474121094,53.7400016784668,54.630001068115234
2022-04-08,54.84000015258789,54.90999984741211,54.0099983215332,54.279998779296875
2022-04-11,53.91999816894531,53.95000076293945,52.790000915527344,52.880001068115234
2022-04-12,51.70000076293945,52.95000076293945,51.47999954223633,51.81999969482422
2022-04-13,51.84000015258789,52.36000061035156,51.40999984741211,52.150001525878906
2022-04-14,52.08000183105469,52.380001068115234,51.119998931884766,51.16999816894531
2022-04-18,50.880001068115234,51.560001373291016,50.79999923706055,51.11000061035156
2022-04-19,51.0,51.939998626708984,50.91999816894531,51.83000183105469
2022-04-20,52.220001220703125,53.66999816894531,52.150001525878906,53.02000045776367
2022-04-21,53.34000015258789,53.83000183105469,52.72999954223633,52.779998779296875
2022-04-22,52.91999816894531,52.959999084472656,51.290000915527344,51.36000061035156
2022-04-25,51.45000076293945,51.97999954223633,50.540000915527344,51.939998626708984
2022-04-26,51.880001068115234,51.939998626708984,50.869998931884766,50.900001525878906
2022-04-27,50.90999984741211,51.11000061035156,49.25,49.310001373291016
2022-04-28,49.529998779296875,50.779998779296875,49.209999084472656,50.630001068115234
2022-04-29,50.5099983215332,50.63999938964844,48.869998931884766,48.97999954223633
2022-05-02,49.34000015258789,49.90999984741211,48.93000030517578,49.86000061035156
2022-05-03,49.77000045776367,50.36000061035156,49.529998779296875,49.91999816894531
2022-05-04,50.029998779296875,51.65999984741211,49.66999816894531,51.58000183105469
2022-05-05,51.150001525878906,51.209999084472656,49.15999984741211,49.61000061035156
2022-05-06,49.150001525878906,49.84000015258789,48.849998474121094,49.33000183105469
2022-05-09,49.0,49.41999816894531,48.66999816894531,48.959999084472656
2022-05-10,49.709999084472656,50.2400016784668,49.150001525878906,49.54999923706055
2022-05-11,49.09000015258789,49.63999938964844,48.58000183105469,48.650001525878906
2022-05-12,48.630001068115234,48.779998779296875,47.470001220703125,48.290000915527344
2022-05-13,48.709999084472656,49.630001068115234,48.529998779296875,49.560001373291016
2022-05-16,49.65999984741211,49.65999984741211,48.880001068115234,49.0
2022-05-17,49.68000030517578,50.720001220703125,49.5099983215332,50.599998474121094
2022-05-18,50.470001220703125,50.470001220703125,48.209999084472656,48.36000061035156
2022-05-19,43.060001373291016,43.93000030517578,41.02000045776367,41.720001220703125
2022-05-20,41.86000061035156,43.0,41.52000045776367,42.939998626708984
2022-05-23,43.34000015258789,43.81999969482422,42.939998626708984,43.349998474121094
2022-05-24,43.400001525878906,44.060001373291016,42.5,43.77000045776367
2022-05-25,43.75,44.41999816894531,43.189998626708984,44.0
2022-05-26,44.04999923706055,45.529998779296875,44.04999923706055,44.9900016784668
2022-05-27,45.119998931884766,45.63999938964844,44.95000076293945,45.619998931884766
2022-05-31,45.27000045776367,45.61000061035156,44.7400016784668,45.04999923706055
2022-06-01,45.54999923706055,45.79999923706055,44.77000045776367,45.22999954223633
2022-06-02,45.18000030517578,45.79999923706055,44.900001525878906,45.790000915527344
2022-06-03,45.54999923706055,45.7400016784668,45.119998931884766,45.25
2022-06-06,45.599998474121094,46.09000015258789,45.130001068115234,45.33000183105469
2022-06-07,44.81999969482422,45.650001525878906,44.720001220703125,45.56999969482422
2022-06-08,45.45000076293945,45.630001068115234,44.880001068115234,44.91999816894531
2022-06-09,44.83000183105469,45.27000045776367,44.2400016784668,44.2599983215332
2022-06-10,43.79999923706055,43.9900016784668,43.290000915527344,43.4900016784668
2022-06-13,43.060001373291016,43.84000015258789,42.88999938964844,43.2400016784668
2022-06-14,43.630001068115234,43.70000076293945,42.56999969482422,42.90999984741211
2022-06-15,43.369998931884766,44.43000030517578,43.099998474121094,43.79999923706055
2022-06-16,42.810001373291016,43.40999984741211,42.810001373291016,43.31999969482422
2022-06-17,43.36000061035156,44.0,43.2400016784668,43.38999938964844
2022-06-21,43.810001373291016,44.279998779296875,43.70000076293945,44.13999938964844
2022-06-22,43.470001220703125,44.119998931884766,43.16999816894531,43.56999969482422
2022-06-23,43.40999984741211,43.459999084472656,42.720001220703125,42.93000030517578
2022-06-24,43.439998626708984,44.220001220703125,43.2400016784668,44.099998474121094
2022-06-27,44.290000915527344,44.290000915527344,43.630001068115234,43.77000045776367
2022-06-28,43.90999984741211,44.470001220703125,42.9900016784668,43.060001373291016
2022-06-29,43.13999938964844,43.2599983215332,42.689998626708984,42.880001068115234
2022-06-30,42.369998931884766,43.13999938964844,42.189998626708984,42.63999938964844
2022-07-01,42.52000045776367,42.70000076293945,41.56999969482422,42.599998474121094
2022-07-05,41.52000045776367,41.970001220703125,40.81999969482422,41.959999084472656
2022-07-06,42.119998931884766,42.93000030517578,42.0099983215332,42.689998626708984
2022-07-07,42.880001068115234,43.36000061035156,42.790000915527344,43.220001220703125
2022-07-08,43.029998779296875,43.61000061035156,42.939998626708984,43.38999938964844
2022-07-11,43.34000015258789,43.68000030517578,43.06999969482422,43.25
2022-07-12,43.58000183105469,43.83000183105469,42.65999984741211,42.86000061035156
2022-07-13,41.849998474121094,43.04999923706055,41.79999923706055,42.70000076293945
2022-07-14,41.790000915527344,42.470001220703125,41.349998474121094,42.33000183105469
2022-07-15,42.5,43.130001068115234,42.5,43.06999969482422
2022-07-18,43.29999923706055,43.31999969482422,42.40999984741211,42.599998474121094
2022-07-19,42.81999969482422,44.09000015258789,42.650001525878906,44.029998779296875
2022-07-20,44.08000183105469,44.31999969482422,43.65999984741211,44.130001068115234
2022-07-21,44.290000915527344,44.689998626708984,44.06999969482422,44.58000183105469
2022-07-22,44.779998779296875,44.91999816894531,44.25,44.459999084472656
2022-07-25,44.65999984741211,44.65999984741211,44.11000061035156,44.34000015258789
2022-07-26,44.369998931884766,44.540000915527344,43.75,43.83000183105469
2022-07-27,44.189998626708984,44.790000915527344,43.83000183105469,44.63999938964844
2022-07-28,44.880001068115234,45.869998931884766,44.709999084472656,45.619998931884766
2022-07-29,45.11000061035156,45.4900016784668,44.83000183105469,45.369998931884766
2022-08-01,45.060001373291016,45.43000030517578,44.7599983215332,45.279998779296875
2022-08-02,45.52000045776367,45.70000076293945,44.900001525878906,44.91999816894531
2022-08-03,44.900001525878906,45.81999969482422,44.790000915527344,45.709999084472656
2022-08-04,45.900001525878906,45.93000030517578,45.0099983215332,45.380001068115234
2022-08-05,44.90999984741211,45.06999969482422,44.540000915527344,45.0099983215332
2022-08-08,45.4900016784668,45.52000045776367,44.86000061035156,45.02000045776367
2022-08-09,45.150001525878906,45.18000030517578,44.720001220703125,44.91999816894531
2022-08-10,45.709999084472656,46.060001373291016,45.43000030517578,46.02000045776367
2022-08-11,46.11000061035156,46.43000030517578,45.77000045776367,45.900001525878906
2022-08-12,46.09000015258789,46.61000061035156,45.970001220703125,46.61000061035156
2022-08-15,46.38999938964844,46.619998931884766,46.029998779296875,46.59000015258789
2022-08-16,46.56999969482422,47.0099983215332,46.439998626708984,46.77000045776367
2022-08-17,46.36000061035156,47.099998474121094,46.22999954223633,46.65999984741211
2022-08-18,49.79999923706055,50.0,49.11000061035156,49.369998931884766
2022-08-19,49.0099983215332,49.459999084472656,48.540000915527344,48.70000076293945
2022-08-22,48.470001220703125,48.5,47.52000045776367,47.709999084472656
2022-08-23,47.59000015258789,48.040000915527344,47.38999938964844,47.40999984741211
2022-08-24,47.09000015258789,47.40999984741211,46.869998931884766,47.06999969482422
2022-08-25,47.25,47.43000030517578,46.84000015258789,47.27000045776367
2022-08-26,47.08000183105469,47.27000045776367,45.880001068115234,45.88999938964844
2022-08-29,45.720001220703125,46.0,45.4900016784668,45.709999084472656
2022-08-30,45.75,45.869998931884766,44.959999084472656,45.2400016784668
2022-08-31,45.779998779296875,45.83000183105469,44.59000015258789,44.720001220703125
2022-09-01,44.56999969482422,45.34000015258789,44.400001525878906,45.290000915527344
2022-09-02,45.709999084472656,45.91999816894531,44.279998779296875,44.59000015258789
2022-09-06,44.65999984741211,44.790000915527344,43.97999954223633,44.470001220703125
2022-09-07,44.75,45.16999816894531,44.349998474121094,45.02000045776367
2022-09-08,44.7599983215332,45.470001220703125,44.619998931884766,45.369998931884766
2022-09-09,45.65999984741211,45.88999938964844,45.400001525878906,45.77000045776367
2022-09-12,46.11000061035156,46.72999954223633,45.970001220703125,46.400001525878906
2022-09-13,45.720001220703125,45.90999984741211,44.02000045776367,44.11000061035156
2022-09-14,44.040000915527344,44.27000045776367,43.560001373291016,43.959999084472656
2022-09-15,43.810001373291016,43.869998931884766,43.09000015258789,43.290000915527344
2022-09-16,43.11000061035156,43.58000183105469,42.790000915527344,43.29999923706055
2022-09-19,42.900001525878906,43.439998626708984,42.7599983215332,43.29999923706055
2022-09-20,43.0099983215332,43.02000045776367,42.2599983215332,42.58000183105469
2022-09-21,42.31999969482422,42.869998931884766,41.56999969482422,41.59000015258789
2022-09-22,41.34000015258789,41.54999923706055,41.13999938964844,41.150001525878906
2022-09-23,41.25,41.25,40.119998931884766,40.65999984741211
2022-09-26,40.65999984741211,41.189998626708984,40.369998931884766,40.58000183105469
2022-09-27,41.13999938964844,41.459999084472656,40.22999954223633,40.52000045776367
2022-09-28,40.849998474121094,41.56999969482422,40.59000015258789,41.34000015258789
2022-09-29,41.04999923706055,41.099998474121094,40.150001525878906,40.56999969482422
2022-09-30,40.65999984741211,41.040000915527344,39.959999084472656,40.0
2022-10-03,40.66999816894531,41.529998779296875,40.470001220703125,41.290000915527344
2022-10-04,41.560001373291016,42.040000915527344,41.38999938964844,41.81999969482422
2022-10-05,41.59000015258789,42.25,41.400001525878906,41.9900016784668
2022-10-06,41.650001525878906,42.09000015258789,41.369998931884766,41.52000045776367
2022-10-07,41.25,41.25,40.08000183105469,40.27000045776367
2022-10-10,40.630001068115234,40.810001373291016,39.599998474121094,39.88999938964844
2022-10-11,39.810001373291016,40.11000061035156,39.27000045776367,39.58000183105469
2022-10-12,39.70000076293945,39.86000061035156,39.25,39.27000045776367
2022-10-13,39.029998779296875,40.79999923706055,38.599998474121094,40.61000061035156
2022-10-14,40.84000015258789,40.959999084472656,39.91999816894531,40.20000076293945
2022-10-17,41.040000915527344,41.529998779296875,40.95000076293945,41.29999923706055
2022-10-18,41.91999816894531,42.220001220703125,41.2599983215332,41.790000915527344
2022-10-19,41.630001068115234,42.2400016784668,41.470001220703125,41.880001068115234
2022-10-20,41.560001373291016,42.619998931884766,41.459999084472656,41.709999084472656
2022-10-21,41.849998474121094,42.970001220703125,41.810001373291016,42.79999923706055
2022-10-24,43.119998931884766,43.72999954223633,42.900001525878906,43.540000915527344
2022-10-25,43.34000015258789,44.400001525878906,43.20000076293945,44.36000061035156
2022-10-26,44.93000030517578,45.22999954223633,44.279998779296875,44.380001068115234
2022-10-27,44.77000045776367,45.09000015258789,44.36000061035156,44.41999816894531
2022-10-28,44.689998626708984,45.709999084472656,44.650001525878906,45.63999938964844
2022-10-31,45.310001373291016,45.63999938964844,45.060001373291016,45.43000030517578
2022-11-01,45.58000183105469,45.790000915527344,45.060001373291016,45.459999084472656
2022-11-02,45.470001220703125,46.209999084472656,44.54999923706055,44.56999969482422
2022-11-03,44.029998779296875,44.150001525878906,43.38999938964844,43.849998474121094
2022-11-04,44.5,45.08000183105469,43.83000183105469,44.52000045776367
2022-11-07,44.83000183105469,44.97999954223633,44.40999984741211,44.54999923706055
2022-11-08,44.689998626708984,45.349998474121094,44.18000030517578,44.61000061035156
2022-11-09,44.5099983215332,44.720001220703125,43.88999938964844,43.90999984741211
2022-11-10,45.70000076293945,45.810001373291016,44.650001525878906,45.65999984741211
2022-11-11,45.18000030517578,45.31999969482422,43.91999816894531,44.790000915527344
2022-11-14,44.83000183105469,45.439998626708984,44.68000030517578,44.7400016784668
2022-11-15,45.040000915527344,45.2400016784668,44.45000076293945,44.900001525878906
2022-11-16,44.939998626708984,44.97999954223633,44.29999923706055,44.38999938964844
2022-11-17,46.189998626708984,46.849998474121094,45.15999984741211,46.59000015258789
2022-11-18,46.90999984741211,48.040000915527344,46.86000061035156,47.790000915527344
2022-11-21,47.61000061035156,48.290000915527344,47.560001373291016,47.619998931884766
2022-11-22,48.0,48.41999816894531,47.7599983215332,48.380001068115234
2022-11-23,48.400001525878906,48.9900016784668,48.31999969482422,48.56999969482422
2022-11-25,48.75,49.04999923706055,48.349998474121094,48.400001525878906
2022-11-28,48.290000915527344,48.470001220703125,47.91999816894531,48.08000183105469
2022-11-29,48.25,48.40999984741211,47.84000015258789,48.279998779296875
2022-11-30,48.16999816894531,49.83000183105469,47.959999084472656,49.720001220703125
2022-12-01,49.880001068115234,50.459999084472656,49.689998626708984,49.970001220703125
2022-12-02,49.22999954223633,49.84000015258789,48.91999816894531,49.70000076293945
2022-12-05,49.54999923706055,49.63999938964844,49.16999816894531,49.33000183105469
2022-12-06,49.439998626708984,49.439998626708984,48.2599983215332,48.59000015258789
2022-12-07,48.400001525878906,48.54999923706055,48.060001373291016,48.18000030517578
2022-12-08,48.65999984741211,49.20000076293945,48.619998931884766,48.9900016784668
2022-12-09,49.099998474121094,49.16999816894531,48.439998626708984,48.459999084472656
2022-12-12,48.79999923706055,49.31999969482422,48.369998931884766,49.29999923706055
2022-12-13,50.33000183105469,50.709999084472656,49.22999954223633,49.63999938964844
2022-12-14,49.7400016784668,50.060001373291016,48.81999969482422,49.29999923706055
2022-12-15,48.959999084472656,49.04999923706055,47.7400016784668,48.150001525878906
2022-12-16,47.40999984741211,48.0,47.08000183105469,47.810001373291016
2022-12-19,47.65999984741211,47.959999084472656,47.13999938964844,47.400001525878906
2022-12-20,47.40999984741211,47.560001373291016,46.790000915527344,47.369998931884766
2022-12-21,47.689998626708984,47.959999084472656,47.41999816894531,47.65999984741211
2022-12-22,47.4900016784668,47.4900016784668,46.689998626708984,47.31999969482422
2022-12-23,47.25,47.4900016784668,47.0099983215332,47.47999954223633
2022-12-27,47.66999816894531,47.709999084472656,47.220001220703125,47.529998779296875
2022-12-28,47.689998626708984,47.77000045776367,46.97999954223633,47.06999969482422
2022-12-29,47.2599983215332,47.7400016784668,47.2599983215332,47.5
2022-12-30,47.27000045776367,47.66999816894531,46.95000076293945,47.63999938964844
2023-01-03,47.86000061035156,48.04999923706055,47.310001373291016,47.939998626708984
2023-01-04,48.279998779296875,48.47999954223633,47.16999816894531,47.54999923706055
2023-01-05,47.4900016784668,47.4900016784668,46.7599983215332,46.880001068115234
2023-01-06,47.459999084472656,48.59000015258789,47.279998779296875,48.31999969482422
2023-01-09,48.2599983215332,49.209999084472656,48.220001220703125,48.58000183105469
2023-01-10,48.79999923706055,49.209999084472656,48.59000015258789,48.810001373291016
2023-01-11,48.83000183105469,49.22999954223633,48.70000076293945,49.209999084472656
2023-01-12,49.209999084472656,49.43000030517578,48.849998474121094,49.0
2023-01-13,48.560001373291016,49.02000045776367,48.41999816894531,48.880001068115234
2023-01-17,48.91999816894531,48.939998626708984,47.95000076293945,48.08000183105469
2023-01-18,48.189998626708984,48.27000045776367,46.88999938964844,46.900001525878906
2023-01-19,46.95000076293945,47.04999923706055,46.38999938964844,46.459999084472656
2023-01-20,46.060001373291016,46.83000183105469,45.66999816894531,46.779998779296875
2023-01-23,46.900001525878906,47.869998931884766,46.810001373291016,47.5
2023-01-24,47.4900016784668,48.02000045776367,47.060001373291016,47.810001373291016
2023-01-25,47.97999954223633,48.08000183105469,47.22999954223633,47.97999954223633
2023-01-26,48.150001525878906,48.470001220703125,47.83000183105469,48.34000015258789
2023-01-27,48.099998474121094,48.72999954223633,47.970001220703125,48.5099983215332
2023-01-30,48.13999938964844,48.5,48.119998931884766,48.220001220703125
2023-01-31,48.119998931884766,48.689998626708984,48.04999923706055,48.66999816894531
2023-02-01,48.38999938964844,48.900001525878906,47.5099983215332,48.56999969482422
2023-02-02,48.529998779296875,49.560001373291016,48.36000061035156,49.31999969482422
2023-02-03,49.29999923706055,49.29999923706055,48.5099983215332,48.630001068115234
2023-02-06,48.06999969482422,48.279998779296875,47.52000045776367,47.56999969482422
2023-02-07,47.2400016784668,48.150001525878906,46.970001220703125,47.84000015258789
2023-02-08,47.380001068115234,47.540000915527344,46.77000045776367,46.959999084472656
2023-02-09,47.22999954223633,47.40999984741211,46.43000030517578,46.72999954223633
2023-02-10,46.70000076293945,47.31999969482422,46.63999938964844,47.2599983215332
2023-02-13,47.45000076293945,47.9900016784668,47.38999938964844,47.86000061035156
2023-02-14,47.779998779296875,48.0,47.18000030517578,47.70000076293945
2023-02-15,47.5,48.52000045776367,47.33000183105469,48.45000076293945
2023-02-16,49.9900016784668,51.7400016784668,49.79999923706055,50.9900016784668
2023-02-17,51.33000183105469,51.439998626708984,50.599998474121094,50.77000045776367
2023-02-21,50.709999084472656,50.7599983215332,49.619998931884766,49.689998626708984
2023-02-22,49.849998474121094,49.849998474121094,48.88999938964844,49.310001373291016
2023-02-23,49.540000915527344,49.68000030517578,48.54999923706055,49.209999084472656
2023-02-24,48.810001373291016,48.900001525878906,48.16999816894531,48.47999954223633
2023-02-27,48.95000076293945,49.34000015258789,48.54999923706055,48.72999954223633
2023-02-28,48.810001373291016,48.93000030517578,48.380001068115234,48.41999816894531
2023-03-01,48.439998626708984,48.59000015258789,48.02000045776367,48.34000015258789
2023-03-02,48.31999969482422,48.630001068115234,48.119998931884766,48.529998779296875
2023-03-03,48.9900016784668,49.36000061035156,48.81999969482422,49.279998779296875
2023-03-06,49.459999084472656,49.810001373291016,49.2400016784668,49.41999816894531
2023-03-07,49.56999969482422,49.7599983215332,48.630001068115234,48.90999984741211
2023-03-08,49.02000045776367,49.27000045776367,48.7400016784668,49.11000061035156
2023-03-09,49.29999923706055,49.689998626708984,48.709999084472656,48.810001373291016
2023-03-10,48.88999938964844,49.16999816894531,48.29999923706055,48.560001373291016
2023-03-13,48.529998779296875,48.880001068115234,48.119998931884766,48.40999984741211
2023-03-14,48.68000030517578,49.2599983215332,48.5099983215332,49.04999923706055
2023-03-15,48.369998931884766,49.11000061035156,48.369998931884766,49.060001373291016
2023-03-16,48.68000030517578,50.290000915527344,48.5099983215332,50.119998931884766
2023-03-17,50.2599983215332,50.54999923706055,49.7400016784668,50.189998626708984
2023-03-20,50.220001220703125,51.040000915527344,50.0099983215332,50.939998626708984
2023-03-21,51.209999084472656,51.33000183105469,50.33000183105469,50.66999816894531
2023-03-22,50.7400016784668,50.75,49.41999816894531,49.459999084472656
2023-03-23,49.560001373291016,50.25,49.40999984741211,49.72999954223633
2023-03-24,49.900001525878906,50.54999923706055,49.5,50.5099983215332
2023-03-27,50.70000076293945,50.95000076293945,50.47999954223633,50.540000915527344
2023-03-28,50.31999969482422,50.599998474121094,50.27000045776367,50.38999938964844
2023-03-29,50.72999954223633,51.27000045776367,50.63999938964844,51.16999816894531
2023-03-30,51.58000183105469,51.68000030517578,51.130001068115234,51.43000030517578
2023-03-31,51.439998626708984,52.349998474121094,51.38999938964844,52.279998779296875
2023-04-03,52.060001373291016,52.560001373291016,51.9900016784668,52.310001373291016
2023-04-04,52.029998779296875,52.119998931884766,51.43000030517578,51.81999969482422
2023-04-05,52.06999969482422,52.290000915527344,51.68000030517578,51.81999969482422
2023-04-06,50.91999816894531,51.560001373291016,50.72999954223633,51.27000045776367
2023-04-10,51.11000061035156,51.400001525878906,50.880001068115234,51.33000183105469
2023-04-11,51.119998931884766,51.29999923706055,50.52000045776367,50.619998931884766
2023-04-12,50.81999969482422,50.95000076293945,50.04999923706055,50.11000061035156
2023-04-13,50.209999084472656,50.83000183105469,50.09000015258789,50.79999923706055
2023-04-14,50.52000045776367,50.849998474121094,50.20000076293945,50.540000915527344
2023-04-17,50.560001373291016,50.68000030517578,50.04999923706055,50.279998779296875
2023-04-18,50.380001068115234,50.689998626708984,50.06999969482422,50.310001373291016
2023-04-19,49.22999954223633,49.27000045776367,47.9900016784668,48.040000915527344
2023-04-20,47.61000061035156,47.650001525878906,46.36000061035156,46.58000183105469
2023-04-21,46.56999969482422,47.119998931884766,46.2400016784668,47.029998779296875
2023-04-24,47.04999923706055,47.45000076293945,47.0,47.38999938964844
2023-04-25,47.369998931884766,47.43000030517578,46.810001373291016,47.09000015258789
2023-04-26,46.7599983215332,46.849998474121094,46.43000030517578,46.540000915527344
2023-04-27,46.779998779296875,46.79999923706055,45.970001220703125,46.560001373291016
2023-04-28,46.689998626708984,47.2599983215332,46.61000061035156,47.25
2023-05-01,47.20000076293945,47.52000045776367,47.130001068115234,47.34000015258789
2023-05-02,46.90999984741211,47.08000183105469,46.060001373291016,46.36000061035156
2023-05-03,46.41999816894531,46.54999923706055,45.86000061035156,45.959999084472656
2023-05-04,45.77000045776367,45.93000030517578,45.560001373291016,45.70000076293945
2023-05-05,46.119998931884766,46.36000061035156,45.91999816894531,46.25
2023-05-08,46.439998626708984,46.52000045776367,46.09000015258789,46.34000015258789
2023-05-09,45.97999954223633,46.52000045776367,45.91999816894531,46.470001220703125
2023-05-10,46.70000076293945,46.93000030517578,46.150001525878906,46.709999084472656
2023-05-11,46.83000183105469,46.849998474121094,46.20000076293945,46.369998931884766
2023-05-12,46.279998779296875,46.810001373291016,46.279998779296875,46.709999084472656
2023-05-15,46.79999923706055,47.2599983215332,46.560001373291016,47.099998474121094
2023-05-16,47.2400016784668,47.33000183105469,46.79999923706055,46.91999816894531
2023-05-17,47.150001525878906,47.7599983215332,47.0099983215332,47.630001068115234
2023-05-18,45.7599983215332,48.25,45.70000076293945,48.20000076293945
2023-05-19,48.43000030517578,49.34000015258789,48.400001525878906,49.130001068115234
2023-05-22,49.11000061035156,49.22999954223633,48.77000045776367,48.81999969482422
2023-05-23,48.61000061035156,49.349998474121094,48.599998474121094,48.90999984741211
2023-05-24,48.95000076293945,49.0,48.16999816894531,48.40999984741211
2023-05-25,47.77000045776367,49.22999954223633,47.720001220703125,49.029998779296875
2023-05-26,49.11000061035156,50.09000015258789,49.11000061035156,49.86000061035156
2023-05-30,49.9900016784668,50.4900016784668,49.7400016784668,50.16999816894531
2023-05-31,49.90999984741211,50.029998779296875,49.61000061035156,49.66999816894531
2023-06-01,49.7599983215332,50.09000015258789,49.2599983215332,49.7400016784668
2023-06-02,49.869998931884766,50.25,49.72999954223633,50.02000045776367
2023-06-05,50.220001220703125,50.58000183105469,50.040000915527344,50.209999084472656
2023-06-06,49.790000915527344,49.90999984741211,49.13999938964844,49.810001373291016
2023-06-07,49.70000076293945,50.13999938964844,49.650001525878906,49.779998779296875
2023-06-08,49.91999816894531,50.0,49.56999969482422,49.68000030517578
2023-06-09,49.529998779296875,49.970001220703125,49.369998931884766,49.65999984741211
2023-06-12,49.91999816894531,50.5099983215332,49.66999816894531,50.47999954223633
2023-06-13,50.689998626708984,50.939998626708984,50.45000076293945,50.79999923706055
2023-06-14,50.79999923706055,51.220001220703125,50.630001068115234,50.959999084472656
2023-06-15,50.90999984741211,52.06999969482422,50.83000183105469,51.93000030517578
2023-06-16,52.20000076293945,52.40999984741211,51.93000030517578,52.06999969482422
2023-06-20,51.939998626708984,52.08000183105469,51.470001220703125,51.54999923706055
2023-06-21,51.380001068115234,51.400001525878906,50.81999969482422,50.849998474121094
2023-06-22,50.650001525878906,51.13999938964844,50.43000030517578,51.119998931884766
2023-06-23,50.63999938964844,50.720001220703125,50.09000015258789,50.33000183105469
2023-06-26,50.310001373291016,50.79999923706055,50.18000030517578,50.209999084472656
2023-06-27,50.310001373291016,51.040000915527344,50.25,50.86000061035156
2023-06-28,50.779998779296875,51.02000045776367,50.439998626708984,50.869998931884766
2023-06-29,50.86000061035156,51.27000045776367,50.81999969482422,51.209999084472656
2023-06-30,51.880001068115234,52.2599983215332,51.52000045776367,51.7400016784668
2023-07-03,51.36000061035156,51.83000183105469,51.33000183105469,51.81999969482422
2023-07-05,50.970001220703125,51.56999969482422,50.93000030517578,51.5099983215332
2023-07-06,51.06999969482422,51.189998626708984,50.650001525878906,51.11000061035156
2023-07-07,51.0,51.650001525878906,50.7400016784668,50.9900016784668
2023-07-10,51.06999969482422,51.5,51.02000045776367,51.400001525878906
2023-07-11,51.56999969482422,52.150001525878906,51.540000915527344,52.119998931884766
2023-07-12,51.560001373291016,51.93000030517578,50.529998779296875,50.7400016784668
2023-07-13,50.689998626708984,51.619998931884766,50.650001525878906,51.529998779296875
2023-07-14,50.41999816894531,50.970001220703125,50.060001373291016,50.380001068115234
2023-07-17,50.20000076293945,50.95000076293945,50.13999938964844,50.810001373291016
2023-07-18,50.97999954223633,51.369998931884766,50.849998474121094,51.2400016784668
2023-07-19,52.209999084472656,52.439998626708984,51.70000076293945,52.43000030517578
2023-07-20,52.060001373291016,52.869998931884766,51.91999816894531,52.369998931884766
2023-07-21,52.75,53.0,52.529998779296875,52.630001068115234
2023-07-24,52.689998626708984,53.310001373291016,52.66999816894531,53.11000061035156
2023-07-25,53.189998626708984,53.7599983215332,53.11000061035156,53.599998474121094
2023-07-26,53.540000915527344,53.650001525878906,52.959999084472656,53.220001220703125
2023-07-27,53.599998474121094,53.88999938964844,52.86000061035156,53.0
2023-07-28,52.060001373291016,52.41999816894531,51.77000045776367,52.09000015258789
2023-07-31,51.84000015258789,52.18000030517578,51.7400016784668,52.040000915527344
2023-08-01,52.56999969482422,52.779998779296875,52.310001373291016,52.65999984741211
2023-08-02,52.380001068115234,53.11000061035156,52.31999969482422,52.58000183105469
2023-08-03,52.4900016784668,53.27000045776367,52.2400016784668,53.150001525878906
2023-08-04,52.880001068115234,53.31999969482422,52.540000915527344,52.630001068115234
2023-08-07,52.970001220703125,53.06999969482422,52.68000030517578,53.0099983215332
2023-08-08,52.65999984741211,53.130001068115234,52.36000061035156,53.060001373291016
2023-08-09,52.900001525878906,53.45000076293945,52.65999984741211,52.9900016784668
2023-08-10,53.40999984741211,54.13999938964844,53.16999816894531,53.369998931884766
2023-08-11,53.349998474121094,53.95000076293945,53.189998626708984,53.790000915527344
2023-08-14,53.79999923706055,54.130001068115234,53.720001220703125,53.880001068115234
2023-08-15,53.619998931884766,53.72999954223633,53.18000030517578,53.349998474121094
2023-08-16,53.189998626708984,53.52000045776367,52.869998931884766,52.959999084472656
2023-08-17,54.439998626708984,55.84000015258789,54.369998931884766,54.72999954223633
2023-08-18,54.630001068115234,55.459999084472656,54.619998931884766,55.040000915527344
2023-08-21,55.20000076293945,55.790000915527344,55.150001525878906,55.439998626708984
2023-08-22,55.47999954223633,55.81999969482422,55.279998779296875,55.459999084472656
2023-08-23,55.61000061035156,56.20000076293945,55.400001525878906,55.97999954223633
2023-08-24,56.31999969482422,56.47999954223633,55.209999084472656,55.2400016784668
2023-08-25,55.25,55.869998931884766,55.25,55.70000076293945
2023-08-28,55.88999938964844,56.279998779296875,55.68000030517578,56.20000076293945
2023-08-29,56.349998474121094,56.79999923706055,56.11000061035156,56.560001373291016
2023-08-30,56.630001068115234,56.90999984741211,56.540000915527344,56.810001373291016
2023-08-31,57.099998474121094,57.529998779296875,56.88999938964844,57.349998474121094
2023-09-01,57.38999938964844,58.189998626708984,57.38999938964844,57.84000015258789
2023-09-05,57.81999969482422,57.81999969482422,57.22999954223633,57.2599983215332
2023-09-06,57.099998474121094,57.470001220703125,57.06999969482422,57.15999984741211
2023-09-07,56.970001220703125,57.09000015258789,56.65999984741211,56.790000915527344
2023-09-08,56.7599983215332,57.06999969482422,56.560001373291016,56.66999816894531
2023-09-11,56.720001220703125,56.970001220703125,56.439998626708984,56.84000015258789
2023-09-12,56.650001525878906,56.86000061035156,56.34000015258789,56.38999938964844
2023-09-13,56.31999969482422,56.529998779296875,56.08000183105469,56.279998779296875
2023-09-14,56.41999816894531,56.470001220703125,56.08000183105469,56.369998931884766
2023-09-15,56.310001373291016,56.38999938964844,55.540000915527344,56.040000915527344
2023-09-18,56.0099983215332,56.279998779296875,55.83000183105469,56.11000061035156
2023-09-19,56.18000030517578,56.209999084472656,55.459999084472656,55.84000015258789
2023-09-20,55.95000076293945,56.04999923706055,55.439998626708984,55.5
2023-09-21,53.40999984741211,54.099998474121094,52.849998474121094,53.34000015258789
2023-09-22,53.400001525878906,53.83000183105469,53.20000076293945,53.56999969482422
2023-09-25,53.459999084472656,53.68000030517578,53.15999984741211,53.47999954223633
2023-09-26,53.18000030517578,53.29999923706055,52.58000183105469,52.709999084472656
2023-09-27,52.88999938964844,53.369998931884766,52.529998779296875,53.20000076293945
2023-09-28,53.369998931884766,54.189998626708984,53.349998474121094,53.880001068115234
2023-09-29,54.15999984741211,54.20000076293945,53.5,53.7599983215332
2023-10-02,53.84000015258789,54.400001525878906,53.810001373291016,54.38999938964844
2023-10-03,53.86000061035156,53.88999938964844,53.349998474121094,53.650001525878906
2023-10-04,53.65999984741211,53.849998474121094,53.220001220703125,53.45000076293945
2023-10-05,53.400001525878906,53.470001220703125,52.58000183105469,53.06999969482422
2023-10-06,52.9900016784668,53.75,52.7400016784668,53.45000076293945
2023-10-09,53.349998474121094,53.959999084472656,53.25,53.91999816894531
2023-10-10,53.959999084472656,54.09000015258789,53.650001525878906,53.869998931884766
2023-10-11,53.93000030517578,54.130001068115234,53.349998474121094,53.65999984741211
2023-10-12,54.02000045776367,54.220001220703125,53.5099983215332,53.849998474121094
2023-10-13,53.880001068115234,54.119998931884766,53.439998626708984,53.77000045776367
2023-10-16,54.06999969482422,54.59000015258789,54.040000915527344,54.15999984741211
2023-10-17,53.790000915527344,53.97999954223633,53.16999816894531,53.939998626708984
2023-10-18,53.790000915527344,54.189998626708984,53.599998474121094,53.77000045776367
2023-10-19,53.7599983215332,53.93000030517578,53.20000076293945,53.31999969482422
2023-10-20,53.38999938964844,53.59000015258789,52.79999923706055,52.93000030517578
2023-10-23,52.81999969482422,52.849998474121094,52.15999984741211,52.20000076293945
2023-10-24,52.2599983215332,53.04999923706055,52.060001373291016,53.0099983215332
2023-10-25,53.11000061035156,53.369998931884766,52.33000183105469,52.400001525878906
2023-10-26,51.869998931884766,52.130001068115234,51.310001373291016,51.369998931884766
2023-10-27,51.63999938964844,52.150001525878906,51.400001525878906,51.560001373291016
2023-10-30,51.349998474121094,51.63999938964844,51.09000015258789,51.56999969482422
2023-10-31,51.75,52.16999816894531,51.68000030517578,52.130001068115234
2023-11-01,52.040000915527344,52.279998779296875,51.79999923706055,52.189998626708984
2023-11-02,52.31999969482422,52.79999923706055,52.18000030517578,52.75
2023-11-03,53.2599983215332,53.45000076293945,52.630001068115234,53.0099983215332
2023-11-06,52.970001220703125,53.29999923706055,52.880001068115234,53.290000915527344
2023-11-07,53.34000015258789,53.439998626708984,52.970001220703125,53.130001068115234
2023-11-08,53.38999938964844,53.5,52.77000045776367,53.0
2023-11-09,52.119998931884766,52.56999969482422,51.75,52.0
2023-11-10,52.25,52.630001068115234,51.93000030517578,52.59000015258789
2023-11-13,52.47999954223633,52.63999938964844,52.09000015258789,52.22999954223633
2023-11-14,52.470001220703125,53.369998931884766,52.470001220703125,53.16999816894531
2023-11-15,53.27000045776367,53.43000030517578,53.040000915527344,53.279998779296875
2023-11-16,47.40999984741211,48.060001373291016,46.20000076293945,48.040000915527344
2023-11-17,48.04999923706055,48.36000061035156,47.72999954223633,47.7599983215332
2023-11-20,47.560001373291016,48.369998931884766,47.54999923706055,48.27000045776367
2023-11-21,48.27000045776367,48.349998474121094,47.65999984741211,47.79999923706055
2023-11-22,48.08000183105469,48.349998474121094,47.95000076293945,48.08000183105469
2023-11-24,48.09000015258789,48.400001525878906,48.04999923706055,48.36000061035156
2023-11-27,48.33000183105469,48.369998931884766,47.90999984741211,47.93000030517578
2023-11-28,47.95000076293945,48.189998626708984,47.810001373291016,47.849998474121094
2023-11-29,48.11000061035156,48.439998626708984,48.029998779296875,48.04999923706055
2023-11-30,48.189998626708984,48.5,47.939998626708984,48.380001068115234
2023-12-01,48.279998779296875,48.779998779296875,48.02000045776367,48.470001220703125
2023-12-04,48.060001373291016,48.18000030517578,47.779998779296875,48.04999923706055
2023-12-05,47.75,47.959999084472656,47.59000015258789,47.93000030517578
2023-12-06,48.06999969482422,48.209999084472656,47.650001525878906,47.70000076293945
2023-12-07,47.90999984741211,48.36000061035156,47.79999923706055,48.2599983215332
2023-12-08,48.279998779296875,48.59000015258789,48.209999084472656,48.380001068115234
2023-12-11,48.939998626708984,49.439998626708984,48.849998474121094,49.38999938964844
2023-12-12,49.58000183105469,49.59000015258789,49.11000061035156,49.33000183105469
2023-12-13,49.2400016784668,49.70000076293945,48.810001373291016,49.689998626708984
2023-12-14,50.0,50.0099983215332,49.16999816894531,49.439998626708984
2023-12-15,49.4900016784668,49.93000030517578,49.43000030517578,49.869998931884766
2023-12-18,49.91999816894531,50.29999923706055,49.400001525878906,50.2400016784668
2023-12-19,50.369998931884766,50.459999084472656,49.84000015258789,50.18000030517578
2023-12-20,50.119998931884766,50.33000183105469,49.790000915527344,49.79999923706055
2023-12-21,49.93000030517578,49.97999954223633,49.380001068115234,49.70000076293945
2023-12-22,49.84000015258789,50.38999938964844,49.84000015258789,50.09000015258789
2023-12-26,50.11000061035156,50.400001525878906,50.04999923706055,50.279998779296875
2023-12-27,50.29999923706055,50.560001373291016,50.279998779296875,50.439998626708984
2023-12-28,50.58000183105469,50.630001068115234,50.41999816894531,50.47999954223633
2023-12-29,50.45000076293945,50.59000015258789,50.220001220703125,50.52000045776367
2024-01-02,50.4900016784668,50.86000061035156,50.25,50.5099983215332
2024-01-03,50.16999816894531,50.68000030517578,49.939998626708984,50.5099983215332
2024-01-04,50.439998626708984,50.5099983215332,49.9900016784668,50.08000183105469
2024-01-05,50.18000030517578,50.369998931884766,49.869998931884766,50.09000015258789
2024-01-08,49.75,50.5,49.689998626708984,50.459999084472656
2024-01-09,49.959999084472656,50.040000915527344,49.43000030517578,49.90999984741211
2024-01-10,50.0,50.31999969482422,49.81999969482422,50.2400016784668
2024-01-11,50.45000076293945,50.5,50.040000915527344,50.439998626708984
2024-01-12,50.5,50.81999969482422,50.29999923706055,50.34000015258789
2024-01-16,50.25,50.59000015258789,50.06999969482422,50.59000015258789
2024-01-17,50.2400016784668,50.43000030517578,49.90999984741211,50.29999923706055
2024-01-18,50.29999923706055,50.79999923706055,50.279998779296875,50.75
2024-01-19,50.75,51.38999938964844,50.72999954223633,51.27000045776367
2024-01-22,51.54999923706055,51.779998779296875,51.40999984741211,51.56999969482422
2024-01-23,51.38999938964844,51.81999969482422,51.29999923706055,51.7599983215332
2024-01-24,52.0,52.0,51.209999084472656,51.310001373291016
2024-01-25,51.75,52.560001373291016,51.75,52.33000183105469
2024-01-26,52.41999816894531,52.619998931884766,51.9900016784668,52.13999938964844
2024-01-29,51.84000015258789,52.38999938964844,51.83000183105469,52.290000915527344
2024-01-30,52.29999923706055,52.41999816894531,52.0,52.2400016784668
2024-01-31,51.849998474121094,51.939998626708984,50.06999969482422,50.18000030517578
2024-02-01,50.22999954223633,50.459999084472656,49.81999969482422,50.18000030517578
2024-02-02,50.13999938964844,50.380001068115234,49.619998931884766,50.18000030517578
2024-02-05,49.939998626708984,50.150001525878906,49.2599983215332,49.5099983215332
2024-02-06,50.310001373291016,50.61000061035156,49.790000915527344,49.97999954223633
2024-02-07,50.29999923706055,50.349998474121094,49.459999084472656,49.77000045776367
2024-02-08,49.900001525878906,49.9900016784668,49.54999923706055,49.95000076293945
2024-02-09,49.93000030517578,50.2599983215332,49.630001068115234,50.130001068115234
2024-02-12,50.029998779296875,50.20000076293945,49.529998779296875,49.9900016784668
2024-02-13,49.619998931884766,49.939998626708984,49.13999938964844,49.63999938964844
2024-02-14,49.56999969482422,50.34000015258789,49.54999923706055,50.279998779296875
2024-02-15,48.2599983215332,49.689998626708984,48.189998626708984,49.060001373291016
2024-02-16,48.75,49.08000183105469,48.38999938964844,48.439998626708984
2024-02-20,47.970001220703125,48.470001220703125,47.849998474121094,48.279998779296875
2024-02-21,48.45000076293945,48.52000045776367,47.900001525878906,48.47999954223633
2024-02-22,48.27000045776367,48.70000076293945,48.150001525878906,48.56999969482422
2024-02-23,48.619998931884766,49.13999938964844,48.5,48.86000061035156
2024-02-26,48.849998474121094,48.900001525878906,48.36000061035156,48.400001525878906
2024-02-27,48.150001525878906,48.45000076293945,48.02000045776367,48.310001373291016
2024-02-28,48.20000076293945,48.47999954223633,48.0099983215332,48.060001373291016
2024-02-29,48.189998626708984,48.47999954223633,48.130001068115234,48.369998931884766
2024-03-01,48.11000061035156,48.41999816894531,47.65999984741211,48.400001525878906
2024-03-04,48.369998931884766,49.470001220703125,48.22999954223633,49.130001068115234
2024-03-05,49.040000915527344,49.06999969482422,48.56999969482422,48.95000076293945
2024-03-06,48.97999954223633,49.40999984741211,48.970001220703125,49.16999816894531
2024-03-07,49.439998626708984,49.47999954223633,48.83000183105469,48.900001525878906
2024-03-08,48.869998931884766,49.779998779296875,48.849998474121094,49.5
2024-03-11,49.720001220703125,50.29999923706055,49.58000183105469,50.220001220703125
2024-03-12,50.540000915527344,50.54999923706055,49.88999938964844,50.06999969482422
2024-03-13,50.029998779296875,50.150001525878906,49.83000183105469,50.11000061035156
2024-03-14,50.27000045776367,50.349998474121094,49.599998474121094,49.790000915527344
2024-03-15,49.790000915527344,49.959999084472656,48.900001525878906,48.93000030517578
2024-03-18,49.220001220703125,49.65999984741211,48.97999954223633,49.27000045776367
2024-03-19,49.119998931884766,49.599998474121094,48.970001220703125,49.13999938964844
2024-03-20,49.040000915527344,49.58000183105469,48.939998626708984,49.54999923706055
2024-03-21,49.709999084472656,50.189998626708984,49.560001373291016,49.880001068115234
2024-03-22,50.04999923706055,50.099998474121094,49.720001220703125,49.779998779296875
2024-03-25,49.560001373291016,49.7599983215332,49.290000915527344,49.68000030517578
2024-03-26,49.54999923706055,49.810001373291016,49.47999954223633,49.54999923706055
2024-03-27,49.77000045776367,49.900001525878906,49.40999984741211,49.77000045776367
2024-03-28,49.88999938964844,50.20000076293945,49.810001373291016,49.90999984741211
2024-04-01,49.959999084472656,50.20000076293945,49.869998931884766,50.040000915527344
2024-04-02,49.959999084472656,50.09000015258789,49.150001525878906,49.36000061035156
2024-04-03,48.79999923706055,49.220001220703125,48.65999984741211,48.7400016784668
2024-04-04,49.09000015258789,49.54999923706055,48.040000915527344,48.11000061035156
2024-04-05,47.959999084472656,48.66999816894531,47.88999938964844,48.54999923706055
2024-04-08,48.189998626708984,48.65999984741211,48.15999984741211,48.2400016784668
2024-04-09,48.84000015258789,50.20000076293945,48.52000045776367,50.0099983215332
2024-04-10,49.72999954223633,49.77000045776367,48.810001373291016,49.209999084472656
2024-04-11,49.31999969482422,49.59000015258789,49.0,49.529998779296875
2024-04-12,49.209999084472656,49.22999954223633,48.439998626708984,48.4900016784668
2024-04-15,49.720001220703125,49.790000915527344,48.20000076293945,48.2400016784668
2024-04-16,48.470001220703125,48.5099983215332,47.84000015258789,47.91999816894531
2024-04-17,48.0,48.279998779296875,47.709999084472656,47.790000915527344
2024-04-18,48.40999984741211,48.40999984741211,47.880001068115234,48.11000061035156
2024-04-19,48.38999938964844,48.43000030517578,48.029998779296875,48.31999969482422
2024-04-22,48.4900016784668,48.59000015258789,48.0,48.13999938964844
2024-04-23,48.13999938964844,48.459999084472656,48.060001373291016,48.31999969482422
2024-04-24,48.04999923706055,48.380001068115234,47.91999816894531,48.349998474121094
2024-04-25,48.779998779296875,48.93000030517578,47.849998474121094,48.099998474121094
2024-04-26,47.63999938964844,48.279998779296875,47.61000061035156,47.86000061035156
2024-04-29,47.9900016784668,48.310001373291016,47.58000183105469,47.779998779296875
2024-04-30,47.61000061035156,47.689998626708984,46.970001220703125,46.97999954223633
2024-05-01,46.70000076293945,47.56999969482422,46.68000030517578,46.84000015258789
2024-05-02,47.029998779296875,47.119998931884766,46.599998474121094,46.790000915527344
2024-05-03,47.099998474121094,47.400001525878906,46.84000015258789,47.119998931884766
2024-05-06,47.220001220703125,47.439998626708984,46.970001220703125,47.11000061035156
2024-05-07,47.209999084472656,47.459999084472656,47.0099983215332,47.279998779296875
2024-05-08,47.439998626708984,48.13999938964844,47.25,48.0
2024-05-09,48.0,48.09000015258789,47.650001525878906,47.790000915527344
2024-05-10,48.0,48.099998474121094,47.70000076293945,48.060001373291016
2024-05-13,48.310001373291016,48.81999969482422,48.22999954223633,48.68000030517578
2024-05-14,48.97999954223633,49.18000030517578,48.349998474121094,48.95000076293945
2024-05-15,49.189998626708984,49.72999954223633,48.72999954223633,49.66999816894531
2024-05-16,50.08000183105469,50.11000061035156,48.16999816894531,48.34000015258789
2024-05-17,48.2599983215332,48.560001373291016,48.11000061035156,48.16999816894531
2024-05-20,48.0,48.06999969482422,47.0099983215332,47.130001068115234
2024-05-21,47.119998931884766,47.150001525878906,46.61000061035156,46.939998626708984
2024-05-22,47.099998474121094,47.84000015258789,47.040000915527344,47.43000030517578
2024-05-23,47.150001525878906,47.189998626708984,46.5099983215332,46.599998474121094
2024-05-24,46.630001068115234,46.79999923706055,46.380001068115234,46.41999816894531
2024-05-28,46.150001525878906,46.88999938964844,45.97999954223633,46.279998779296875
2024-05-29,45.900001525878906,46.33000183105469,45.849998474121094,46.08000183105469
2024-05-30,46.099998474121094,46.459999084472656,46.0,46.119998931884766
2024-05-31,46.13999938964844,46.56999969482422,46.0099983215332,46.5
2024-06-03,46.720001220703125,46.77000045776367,46.279998779296875,46.650001525878906
2024-06-04,46.650001525878906,47.599998474121094,46.5099983215332,47.41999816894531
2024-06-05,47.52000045776367,47.630001068115234,45.63999938964844,46.02000045776367
2024-06-06,45.939998626708984,46.38999938964844,45.779998779296875,46.22999954223633
2024-06-07,45.95000076293945,46.290000915527344,45.790000915527344,45.84000015258789
2024-06-10,45.79999923706055,45.86000061035156,45.27000045776367,45.849998474121094
2024-06-11,45.689998626708984,45.93000030517578,45.36000061035156,45.77000045776367
2024-06-12,45.9900016784668,46.08000183105469,45.38999938964844,45.619998931884766
2024-06-13,45.41999816894531,45.54999923706055,45.119998931884766,45.52000045776367
2024-06-14,45.31999969482422,45.709999084472656,44.970001220703125,45.68000030517578
2024-06-17,45.400001525878906,45.709999084472656,44.95000076293945,45.689998626708984
2024-06-18,45.5,45.9900016784668,45.5,45.970001220703125
2024-06-20,45.90999984741211,46.869998931884766,45.86000061035156,46.720001220703125
2024-06-21,47.099998474121094,47.84000015258789,47.04999923706055,47.290000915527344
2024-06-24,47.4900016784668,47.779998779296875,47.02000045776367,47.279998779296875
2024-06-25,47.27000045776367,47.81999969482422,46.9900016784668,47.380001068115234
2024-06-26,47.060001373291016,47.40999984741211,46.79999923706055,46.86000061035156
2024-06-27,46.779998779296875,47.5099983215332,46.77000045776367,47.45000076293945
2024-06-28,47.54999923706055,47.86000061035156,47.34000015258789,47.5099983215332
2024-07-01,47.47999954223633,47.84000015258789,47.349998474121094,47.52000045776367
2024-07-02,47.400001525878906,47.790000915527344,46.959999084472656,47.279998779296875
2024-07-03,47.150001525878906,47.52000045776367,47.040000915527344,47.09000015258789
2024-07-05,46.43000030517578,46.7599983215332,46.310001373291016,46.650001525878906
2024-07-08,46.349998474121094,46.779998779296875,45.95000076293945,46.060001373291016
2024-07-09,46.0,46.099998474121094,45.650001525878906,45.79999923706055
2024-07-10,46.060001373291016,46.290000915527344,45.83000183105469,46.27000045776367
2024-07-11,46.18000030517578,46.90999984741211,46.18000030517578,46.7599983215332
2024-07-12,46.779998779296875,47.86000061035156,46.650001525878906,47.380001068115234
2024-07-15,47.40999984741211,47.4900016784668,46.790000915527344,47.400001525878906
2024-07-16,47.45000076293945,47.970001220703125,47.220001220703125,47.41999816894531
2024-07-17,47.459999084472656,48.7400016784668,47.349998474121094,48.52000045776367
2024-07-18,48.150001525878906,48.63999938964844,47.97999954223633,48.040000915527344
2024-07-19,48.09000015258789,48.099998474121094,47.13999938964844,47.31999969482422
2024-07-22,47.31999969482422,47.380001068115234,46.77000045776367,46.81999969482422
2024-07-23,46.75,46.779998779296875,46.34000015258789,46.36000061035156
2024-07-24,46.540000915527344,47.040000915527344,46.2400016784668,46.849998474121094
2024-07-25,47.369998931884766,48.189998626708984,47.060001373291016,47.2400016784668
2024-07-26,47.31999969482422,48.0099983215332,47.2400016784668,47.880001068115234
2024-07-29,47.81999969482422,48.209999084472656,47.439998626708984,47.9900016784668
2024-07-30,48.189998626708984,48.54999923706055,47.88999938964844,48.13999938964844
2024-07-31,48.40999984741211,48.77000045776367,48.2400016784668,48.45000076293945
2024-08-01,48.619998931884766,48.720001220703125,47.20000076293945,47.38999938964844
2024-08-02,47.68000030517578,47.75,46.349998474121094,46.65999984741211
2024-08-05,46.54999923706055,46.68000030517578,44.689998626708984,44.7400016784668
2024-08-06,44.75,45.7400016784668,44.63999938964844,45.15999984741211
2024-08-07,45.41999816894531,46.209999084472656,45.09000015258789,45.119998931884766
2024-08-08,45.279998779296875,46.27000045776367,45.279998779296875,45.83000183105469
2024-08-09,45.70000076293945,46.060001373291016,45.2400016784668,45.470001220703125
2024-08-12,45.529998779296875,45.7400016784668,44.5,44.86000061035156
2024-08-13,44.97999954223633,45.38999938964844,44.88999938964844,45.369998931884766
2024-08-14,45.13999938964844,45.7400016784668,45.040000915527344,45.439998626708984
2024-08-15,48.75,50.279998779296875,48.15999984741211,48.529998779296875
2024-08-16,48.63999938964844,49.72999954223633,48.5,49.459999084472656
2024-08-19,49.33000183105469,49.9900016784668,49.29999923706055,49.97999954223633
2024-08-20,49.97999954223633,50.369998931884766,49.599998474121094,50.2400016784668
2024-08-21,50.290000915527344,50.54999923706055,50.029998779296875,50.45000076293945
2024-08-22,50.720001220703125,50.93000030517578,50.18000030517578,50.220001220703125
2024-08-23,50.5099983215332,50.77000045776367,50.31999969482422,50.7400016784668
2024-08-26,50.790000915527344,51.02000045776367,50.720001220703125,50.790000915527344
2024-08-27,50.66999816894531,50.84000015258789,50.400001525878906,50.709999084472656
2024-08-28,50.45000076293945,50.56999969482422,49.40999984741211,49.849998474121094
2024-08-29,49.970001220703125,50.81999969482422,49.880001068115234,50.38999938964844
2024-08-30,50.54999923706055,50.689998626708984,50.06999969482422,50.540000915527344
2024-09-03,50.310001373291016,50.5,49.900001525878906,50.060001373291016
2024-09-04,49.81999969482422,50.040000915527344,49.58000183105469,49.70000076293945
2024-09-05,49.5,49.650001525878906,48.939998626708984,49.130001068115234
2024-09-06,48.869998931884766,49.22999954223633,48.20000076293945,48.5
2024-09-09,48.470001220703125,49.150001525878906,48.2599983215332,48.70000076293945
2024-09-10,48.790000915527344,48.970001220703125,48.439998626708984,48.790000915527344
2024-09-11,48.75,49.209999084472656,47.849998474121094,49.11000061035156
2024-09-12,49.09000015258789,49.63999938964844,48.86000061035156,49.61000061035156
2024-09-13,49.7400016784668,50.060001373291016,49.66999816894531,49.79999923706055
2024-09-16,49.880001068115234,51.06999969482422,49.779998779296875,51.029998779296875
2024-09-17,51.02000045776367,51.41999816894531,50.56999969482422,50.61000061035156
2024-09-18,50.38999938964844,51.13999938964844,50.27000045776367,50.56999969482422
2024-09-19,51.40999984741211,51.720001220703125,51.150001525878906,51.439998626708984
2024-09-20,51.45000076293945,52.33000183105469,51.41999816894531,51.970001220703125
2024-09-23,52.060001373291016,52.439998626708984,51.88999938964844,52.189998626708984
2024-09-24,52.209999084472656,52.56999969482422,52.0099983215332,52.52000045776367
2024-09-25,52.56999969482422,52.72999954223633,52.369998931884766,52.650001525878906
2024-09-26,53.0,53.290000915527344,52.7599983215332,52.849998474121094
2024-09-27,53.040000915527344,53.220001220703125,52.86000061035156,53.02000045776367
2024-09-30,53.02000045776367,53.310001373291016,52.650001525878906,53.220001220703125
2024-10-01,53.11000061035156,53.20000076293945,52.310001373291016,52.7400016784668
2024-10-02,52.400001525878906,52.84000015258789,52.130001068115234,52.619998931884766
2024-10-03,52.189998626708984,52.65999984741211,52.15999984741211,52.43000030517578
2024-10-04,52.79999923706055,52.90999984741211,52.40999984741211,52.75
2024-10-07,52.58000183105469,52.849998474121094,52.369998931884766,52.5099983215332
2024-10-08,52.63999938964844,52.77000045776367,52.20000076293945,52.72999954223633
2024-10-09,52.650001525878906,53.68000030517578,52.540000915527344,53.560001373291016
2024-10-10,53.70000076293945,53.810001373291016,53.41999816894531,53.540000915527344
2024-10-11,53.52000045776367,54.33000183105469,53.52000045776367,54.25
2024-10-14,54.310001373291016,54.40999984741211,53.790000915527344,54.27000045776367
2024-10-15,54.41999816894531,54.61000061035156,53.91999816894531,54.08000183105469
2024-10-16,55.0,56.40999984741211,54.83000183105469,56.380001068115234
2024-10-17,56.380001068115234,56.58000183105469,55.849998474121094,56.400001525878906
2024-10-18,56.40999984741211,56.869998931884766,56.209999084472656,56.7599983215332
2024-10-21,56.689998626708984,57.060001373291016,56.5099983215332,56.59000015258789
2024-10-22,56.0,56.900001525878906,55.86000061035156,56.599998474121094
2024-10-23,56.15999984741211,56.59000015258789,55.9900016784668,56.279998779296875
2024-10-24,56.380001068115234,56.54999923706055,55.810001373291016,55.959999084472656
2024-10-25,56.25,56.630001068115234,55.66999816894531,55.7400016784668
2024-10-28,55.900001525878906,55.97999954223633,55.209999084472656,55.279998779296875
2024-10-29,55.369998931884766,56.11000061035156,55.27000045776367,55.68000030517578
2024-10-30,55.56999969482422,56.040000915527344,55.369998931884766,55.59000015258789
2024-10-31,55.43000030517578,55.5099983215332,54.709999084472656,54.77000045776367
2024-11-01,54.7400016784668,55.810001373291016,54.529998779296875,55.5
2024-11-04,55.45000076293945,55.90999984741211,55.119998931884766,55.83000183105469
2024-11-05,55.900001525878906,56.27000045776367,55.5,56.15999984741211
2024-11-06,57.189998626708984,58.09000015258789,56.959999084472656,57.869998931884766
2024-11-07,57.79999923706055,58.29999923706055,57.540000915527344,58.08000183105469
2024-11-08,58.09000015258789,58.20000076293945,57.65999984741211,58.060001373291016
2024-11-11,59.0,59.380001068115234,58.36000061035156,58.630001068115234
2024-11-12,58.7599983215332,59.040000915527344,58.43000030517578,58.709999084472656
2024-11-13,58.150001525878906,59.279998779296875,57.84000015258789,59.18000030517578
2024-11-14,58.9900016784668,58.9900016784668,57.52000045776367,57.91999816894531
2024-11-15,57.45000076293945,58.099998474121094,57.22999954223633,57.459999084472656
2024-11-18,57.54999923706055,57.9900016784668,57.22999954223633,57.310001373291016
2024-11-19,56.68000030517578,57.040000915527344,56.349998474121094,57.0099983215332
2024-11-20,56.84000015258789,57.5,56.61000061035156,57.5
2024-11-21,57.290000915527344,57.93000030517578,57.099998474121094,57.560001373291016
2024-11-22,57.59000015258789,58.70000076293945,57.459999084472656,58.54999923706055
2024-11-25,58.650001525878906,58.959999084472656,58.2599983215332,58.7400016784668
2024-11-26,59.0,59.63999938964844,58.939998626708984,59.59000015258789
2024-11-27,59.61000061035156,59.869998931884766,58.93000030517578,59.290000915527344
2024-11-29,59.06999969482422,59.59000015258789,59.040000915527344,59.209999084472656
2024-12-02,59.25,59.70000076293945,59.13999938964844,59.43000030517578
2024-12-03,59.43000030517578,59.529998779296875,59.16999816894531,59.47999954223633
2024-12-04,59.63999938964844,59.84000015258789,59.27000045776367,59.619998931884766
2024-12-05,59.790000915527344,60.22999954223633,59.70000076293945,60.02000045776367
2024-12-06,60.0,60.08000183105469,59.77000045776367,59.88999938964844
2024-12-09,59.83000183105469,59.880001068115234,58.86000061035156,58.95000076293945
2024-12-10,58.5,58.86000061035156,58.130001068115234,58.720001220703125
2024-12-11,58.880001068115234,58.959999084472656,58.310001373291016,58.59000015258789
2024-12-12,58.689998626708984,59.7400016784668,58.630001068115234,58.849998474121094
2024-12-13,58.619998931884766,58.939998626708984,58.380001068115234,58.619998931884766
2024-12-16,58.470001220703125,58.4900016784668,57.849998474121094,58.349998474121094
2024-12-17,58.380001068115234,59.06999969482422,58.16999816894531,58.52000045776367
2024-12-18,58.709999084472656,58.709999084472656,57.47999954223633,57.529998779296875
2024-12-19,57.38999938964844,58.13999938964844,57.34000015258789,57.630001068115234
2024-12-20,57.56999969482422,58.779998779296875,57.27000045776367,58.52000045776367
2024-12-23,58.130001068115234,59.02000045776367,58.119998931884766,58.97999954223633
2024-12-24,58.79999923706055,59.849998474121094,58.79999923706055,59.849998474121094
2024-12-26,59.619998931884766,60.060001373291016,59.400001525878906,59.97999954223633
2024-12-27,59.56999969482422,60.02000045776367,59.13999938964844,59.61000061035156
2024-12-30,59.09000015258789,59.38999938964844,58.40999984741211,59.189998626708984
2024-12-31,59.220001220703125,59.380001068115234,58.77000045776367,59.20000076293945
2025-01-02,59.27000045776367,59.68000030517578,58.56999969482422,59.099998474121094
2025-01-03,58.84000015258789,59.16999816894531,58.36000061035156,58.86000061035156
2025-01-06,58.90999984741211,59.58000183105469,58.59000015258789,58.77000045776367
2025-01-07,58.970001220703125,59.25,58.650001525878906,58.93000030517578
2025-01-08,58.88999938964844,59.2400016784668,58.27000045776367,59.20000076293945
2025-01-10,58.790000915527344,59.060001373291016,58.540000915527344,58.7400016784668
2025-01-13,58.91999816894531,58.93000030517578,58.16999816894531,58.7599983215332
2025-01-14,58.970001220703125,59.34000015258789,58.75,59.33000183105469
2025-01-15,59.86000061035156,60.34000015258789,59.59000015258789,59.97999954223633
2025-01-16,60.18000030517578,60.45000076293945,59.779998779296875,59.81999969482422
2025-01-17,60.7599983215332,60.95000076293945,60.20000076293945,60.22999954223633
2025-01-21,60.470001220703125,61.33000183105469,60.279998779296875,61.029998779296875
2025-01-22,61.040000915527344,61.7599983215332,60.9900016784668,61.630001068115234
2025-01-23,61.79999923706055,62.31999969482422,61.380001068115234,62.22999954223633
2025-01-24,62.060001373291016,62.290000915527344,61.86000061035156,62.22999954223633
2025-01-27,61.38999938964844,61.459999084472656,58.7599983215332,59.08000183105469
2025-01-28,59.02000045776367,59.560001373291016,58.91999816894531,59.43000030517578
2025-01-29,59.95000076293945,60.540000915527344,59.5099983215332,59.54999923706055
2025-01-30,60.470001220703125,61.08000183105469,60.25,60.470001220703125
2025-01-31,60.529998779296875,61.189998626708984,60.459999084472656,60.599998474121094
2025-02-03,60.189998626708984,61.2599983215332,59.54999923706055,61.040000915527344
2025-02-04,60.84000015258789,61.59000015258789,60.72999954223633,61.34000015258789
2025-02-05,61.45000076293945,62.709999084472656,61.29999923706055,62.56999969482422
2025-02-06,62.81999969482422,62.90999984741211,62.06999969482422,62.27000045776367
2025-02-07,62.7400016784668,63.25,62.209999084472656,62.27000045776367
2025-02-10,63.119998931884766,63.150001525878906,62.380001068115234,62.810001373291016
2025-02-11,62.529998779296875,62.79999923706055,62.18000030517578,62.43000030517578
2025-02-12,61.439998626708984,62.560001373291016,61.20000076293945,62.529998779296875
2025-02-13,66.0999984741211,66.5,62.720001220703125,63.84000015258789
2025-02-14,63.790000915527344,65.06999969482422,63.439998626708984,64.87000274658203
2025-02-18,65.30000305175781,66.25,64.43000030517578,64.58999633789062
2025-02-19,64.5199966430664,64.95999908447266,64.29000091552734,64.83999633789062
2025-02-20,64.95999908447266,65.2300033569336,64.2699966430664,64.66999816894531
2025-02-21,64.68000030517578,64.95999908447266,63.880001068115234,63.97999954223633
2025-02-24,64.43000030517578,64.58000183105469,63.150001525878906,63.2400016784668
2025-02-25,64.5999984741211,64.63999938964844,63.31999969482422,64.2699966430664
2025-02-26,64.05000305175781,64.77999877929688,63.939998626708984,64.08000183105469
2025-02-27,64.7699966430664,65.29000091552734,63.75,63.810001373291016
2025-02-28,63.93000030517578,64.16000366210938,62.83000183105469,64.11000061035156
2025-03-03,64.38999938964844,64.87999725341797,63.189998626708984,63.47999954223633
2025-03-04,63.7400016784668,63.90999984741211,62.61000061035156,63.2599983215332
2025-03-05,63.22999954223633,64.18000030517578,62.79999923706055,63.959999084472656
2025-03-06,63.79999923706055,64.0199966430664,62.7599983215332,63.40999984741211
2025-03-07,62.900001525878906,64.16999816894531,62.189998626708984,63.939998626708984
2025-03-10,63.47999954223633,63.689998626708984,61.68000030517578,62.060001373291016
2025-03-11,62.279998779296875,62.380001068115234,60.529998779296875,60.66999816894531
2025-03-12,60.959999084472656,61.18000030517578,60.25,60.459999084472656
2025-03-13,60.40999984741211,60.4900016784668,59.22999954223633,59.66999816894531
2025-03-14,60.31999969482422,60.619998931884766,59.91999816894531,60.5
2025-03-17,60.400001525878906,61.209999084472656,60.34000015258789,60.88999938964844
2025-03-18,60.66999816894531,60.79999923706055,59.66999816894531,60.29999923706055
2025-03-19,60.630001068115234,61.58000183105469,60.5,61.119998931884766
2025-03-20,60.47999954223633,61.02000045776367,60.34000015258789,60.619998931884766
2025-03-21,60.16999816894531,60.400001525878906,59.43000030517578,60.29999923706055
2025-03-24,61.040000915527344,61.380001068115234,60.880001068115234,60.970001220703125
2025-03-25,60.84000015258789,61.209999084472656,60.70000076293945,60.9900016784668
2025-03-26,61.029998779296875,61.84000015258789,61.0099983215332,61.79999923706055
2025-03-27,61.88999938964844,61.97999954223633,61.33000183105469,61.400001525878906
2025-03-28,61.65999984741211,61.779998779296875,60.5099983215332,60.86000061035156
2025-03-31,60.630001068115234,61.900001525878906,60.2400016784668,61.709999084472656
2025-04-01,61.380001068115234,62.040000915527344,61.060001373291016,61.79999923706055
2025-04-02,61.20000076293945,61.869998931884766,61.099998474121094,61.81999969482422
2025-04-03,59.380001068115234,59.91999816894531,57.2599983215332,57.310001373291016
2025-04-04,56.65999984741211,57.470001220703125,54.439998626708984,54.540000915527344
2025-04-07,53.380001068115234,56.119998931884766,52.11000061035156,54.40999984741211
2025-04-08,54.7400016784668,55.869998931884766,52.720001220703125,53.189998626708984
2025-04-09,53.08000183105469,58.43000030517578,52.66999816894531,58.130001068115234
2025-04-10,57.81999969482422,57.939998626708984,55.0,56.59000015258789
2025-04-11,56.66999816894531,57.79999923706055,56.279998779296875,57.33000183105469
2025-04-14,57.88999938964844,58.209999084472656,57.099998474121094,57.40999984741211
2025-04-15,57.869998931884766,57.90999984741211,57.060001373291016,57.20000076293945
2025-04-16,56.56999969482422,57.08000183105469,55.41999816894531,55.7599983215332
2025-04-17,56.20000076293945,56.40999984741211,55.689998626708984,55.7599983215332
2025-04-21,55.15999984741211,55.33000183105469,53.83000183105469,54.369998931884766
2025-04-22,55.220001220703125,55.279998779296875,54.59000015258789,55.040000915527344
2025-04-23,56.150001525878906,56.97999954223633,55.5,55.630001068115234
2025-04-24,55.29999923706055,56.56999969482422,55.15999984741211,56.290000915527344
2025-04-25,56.209999084472656,56.779998779296875,56.06999969482422,56.709999084472656
2025-04-28,56.529998779296875,57.33000183105469,56.41999816894531,56.84000015258789
2025-04-29,56.689998626708984,57.4900016784668,56.630001068115234,57.34000015258789
2025-04-30,57.099998474121094,57.90999984741211,56.459999084472656,57.72999954223633
2025-05-01,57.779998779296875,58.470001220703125,57.68000030517578,58.119998931884766
2025-05-02,59.060001373291016,59.41999816894531,58.7400016784668,59.33000183105469
2025-05-05,59.0,59.650001525878906,58.880001068115234,59.31999969482422
2025-05-06,58.630001068115234,59.5099983215332,58.58000183105469,59.220001220703125
2025-05-07,59.20000076293945,59.900001525878906,59.06999969482422,59.56999969482422
2025-05-08,59.959999084472656,60.279998779296875,59.43000030517578,59.709999084472656
2025-05-09,60.65999984741211,60.83000183105469,59.439998626708984,59.77000045776367
2025-05-12,61.61000061035156,61.849998474121094,61.119998931884766,61.66999816894531
2025-05-13,61.68000030517578,62.2400016784668,61.61000061035156,61.779998779296875
2025-05-14,61.630001068115234,61.869998931884766,60.849998474121094,61.290000915527344
2025-05-15,63.06999969482422,65.75,62.91999816894531,64.26000213623047
2025-05-16,63.90999984741211,64.02999877929688,62.97999954223633,63.619998931884766
2025-05-19,63.43000030517578,64.12999725341797,63.18000030517578,63.91999816894531
2025-05-20,63.7400016784668,63.849998474121094,63.06999969482422,63.41999816894531
2025-05-21,62.9900016784668,63.90999984741211,62.970001220703125,63.20000076293945
2025-05-22,63.40999984741211,63.720001220703125,62.95000076293945,63.36000061035156
2025-05-23,62.709999084472656,63.220001220703125,62.529998779296875,63.11000061035156
2025-05-27,63.7599983215332,63.9900016784668,63.34000015258789,63.75
2025-05-28,63.88999938964844,63.9900016784668,63.25,63.34000015258789
2025-05-29,63.72999954223633,63.7400016784668,62.4900016784668,63.04999923706055
2025-05-30,62.91999816894531,63.18000030517578,62.29999923706055,63.040000915527344
2025-06-02,62.72999954223633,63.880001068115234,62.709999084472656,63.849998474121094
2025-06-03,63.79999923706055,64.45999908447266,63.720001220703125,64.36000061035156
2025-06-04,64.66000366210938,64.88999938964844,64.3499984741211,64.38999938964844
2025-06-05,64.4800033569336,64.91000366210938,64.27999877929688,64.62000274658203
2025-06-06,65.31999969482422,66.16000366210938,65.2300033569336,66.05999755859375
2025-06-09,66.11000061035156,66.36000061035156,65.58999633789062,65.9000015258789
2025-06-10,66.01000213623047,66.08000183105469,64.80999755859375,65.1500015258789
2025-06-11,65.11000061035156,65.1500015258789,63.869998931884766,64.19000244140625
2025-06-12,64.31999969482422,65.20999908447266,64.11000061035156,65.0999984741211
2025-06-13,64.58999633789062,64.72000122070312,63.93000030517578,64.08999633789062
2025-06-16,65.19000244140625,65.61000061035156,64.8499984741211,65.51000213623047
2025-06-17,65.63999938964844,66.1500015258789,65.0199966430664,65.33000183105469
2025-06-18,65.69000244140625,66.33999633789062,65.37999725341797,65.83999633789062
2025-06-20,66.48999786376953,66.6500015258789,65.72000122070312,66.31999969482422
2025-06-23,66.3499984741211,67.48999786376953,66.20999908447266,67.37999725341797
2025-06-24,67.77999877929688,68.04000091552734,67.36000061035156,67.88999938964844
2025-06-25,67.8499984741211,68.52999877929688,67.77999877929688,68.19000244140625
2025-06-26,68.72000122070312,69.16000366210938,68.41999816894531,68.94999694824219
2025-06-27,68.87000274658203,69.22000122070312,68.33999633789062,68.6500015258789
2025-06-30,68.83000183105469,69.77999877929688,68.75,69.37999725341797
2025-07-01,69.37999725341797,69.55000305175781,68.63999938964844,69.0999984741211
2025-07-02,68.68000030517578,68.94000244140625,68.18000030517578,68.58999633789062
2025-07-03,68.18000030517578,69.47000122070312,68.18000030517578,69.37000274658203
2025-07-07,69.08000183105469,69.30000305175781,68.61000061035156,68.93000030517578
2025-07-08,68.80000305175781,68.91999816894531,68.3499984741211,68.58999633789062
2025-07-09,68.54000091552734,69.31999969482422,68.30999755859375,69.2699966430664
2025-07-10,69.26000213623047,69.38999938964844,68.55999755859375,68.76000213623047
2025-07-11,68.29000091552734,68.5,67.69000244140625,67.94999694824219
2025-07-14,67.83000183105469,68.02999877929688,67.19999694824219,67.81999969482422
2025-07-15,67.68000030517578,67.87999725341797,67.1500015258789,67.18000030517578
2025-07-16,67.1500015258789,67.55999755859375,66.9800033569336,67.37000274658203
2025-07-17,67.55000305175781,68.47000122070312,67.51000213623047,68.30000305175781
2025-07-18,68.77999877929688,68.83999633789062,67.95999908447266,68.05000305175781
2025-07-21,67.9000015258789,68.62000274658203,67.79000091552734,68.33999633789062
2025-07-22,68.33999633789062,68.5999984741211,68.08000183105469,68.16000366210938
2025-07-23,68.3499984741211,68.83000183105469,68.05999755859375,68.62000274658203
2025-07-24,68.36000061035156,68.58999633789062,67.91999816894531,68.29000091552734
2025-07-25,68.37999725341797,68.81999969482422,68.06999969482422,68.69000244140625
2025-07-28,67.75,67.95999908447266,67.37000274658203,67.91999816894531
2025-07-29,68.2300033569336,68.72000122070312,67.83000183105469,67.95999908447266
2025-07-30,67.83999633789062,68.58000183105469,67.3499984741211,68.27999877929688
2025-07-31,68.30999755859375,69.1500015258789,67.87999725341797,68.08000183105469
2025-08-01,67.51000213623047,67.61000061035156,66.5199966430664,67.11000061035156
2025-08-04,67.7699966430664,68.51000213623047,67.61000061035156,68.48999786376953
2025-08-05,68.69000244140625,68.87000274658203,67.44000244140625,67.5199966430664
2025-08-06,67.95999908447266,69.3499984741211,67.7699966430664,69.20999908447266
2025-08-07,69.80000305175781,70.13999938964844,69.20999908447266,69.9000015258789
2025-08-08,70.23999786376953,72.0199966430664,70.22000122070312,71.79000091552734
2025-08-11,72.30000305175781,72.55000305175781,70.33999633789062,70.66999816894531
2025-08-12,70.79000091552734,71.5,70.55999755859375,71.37999725341797
2025-08-13,71.86000061035156,72.02999877929688,70.25,70.4000015258789
2025-08-14,68.0,70.61000061035156,67.4800033569336,69.30000305175781
2025-08-15,68.44999694824219,68.6500015258789,65.86000061035156,66.19999694824219
2025-08-18,66.08000183105469,67.11000061035156,65.75,66.94999694824219
2025-08-19,66.76000213623047,67.5199966430664,66.4800033569336,66.76000213623047
2025-08-20,66.81999969482422,67.19000244140625,66.54000091552734,67.11000061035156
2025-08-21,67.0999984741211,67.22000122070312,66.47000122070312,67.0199966430664
2025-08-22,67.33000183105469,68.04000091552734,67.01000213623047,67.31999969482422
2025-08-25,67.27999877929688,67.5,67.11000061035156,67.13999938964844
2025-08-26,67.16999816894531,68.75,67.11000061035156,68.38999938964844
2025-08-27,68.31999969482422,68.75,68.1500015258789,68.44000244140625
2025-08-28,68.36000061035156,69.58000183105469,68.3499984741211,69.43000030517578
2025-08-29,69.11000061035156,69.45999908447266,68.83000183105469,69.08999633789062
2025-09-02,68.11000061035156,68.31999969482422,67.37999725341797,67.80000305175781
2025-09-03,68.05000305175781,68.12999725341797,67.33000183105469,67.66999816894531
2025-09-04,68.0999984741211,68.41000366210938,67.41000366210938,67.98999786376953
2025-09-05,67.72000122070312,68.0999984741211,66.4800033569336,66.9000015258789
2025-09-08,66.72000122070312,67.01000213623047,66.3499984741211,66.87999725341797
2025-09-09,66.73999786376953,67.44000244140625,66.63999938964844,67.33999633789062
2025-09-10,67.58999633789062,68.31999969482422,67.12000274658203,68.12999725341797
2025-09-11,68.30999755859375,68.56999969482422,67.51000213623047,67.69000244140625
2025-09-12,66.87999725341797,67.33999633789062,66.12999725341797,66.52999877929688
2025-09-15,66.51000213623047,67.19999694824219,66.3499984741211,67.0199966430664
2025-09-16,67.0199966430664,67.37999725341797,66.55000305175781,66.93000030517578
2025-09-17,67.0,67.87999725341797,66.37999725341797,67.72000122070312
2025-09-18,67.9000015258789,68.76000213623047,67.4800033569336,68.68000030517578
2025-09-19,68.91999816894531,68.91999816894531,67.18000030517578,68.20999908447266
2025-09-22,67.86000061035156,68.0,67.30000305175781,67.75
2025-09-23,67.58000183105469,68.22000122070312,67.06999969482422,67.54000091552734
2025-09-24,67.69999694824219,67.86000061035156,66.88999938964844,67.31999969482422
2025-09-25,67.31999969482422,68.23999786376953,67.11000061035156,67.8499984741211
2025-09-26,67.87000274658203,67.91000366210938,66.8499984741211,67.22000122070312
2025-09-29,67.72000122070312,67.94999694824219,67.44000244140625,67.72000122070312
2025-09-30,67.70999908447266,68.7699966430664,67.69000244140625,68.41999816894531
2025-10-01,67.9000015258789,68.81999969482422,67.69000244140625,68.75
2025-10-02,69.18000030517578,69.48999786376953,68.26000213623047,68.30999755859375
2025-10-03,67.94999694824219,68.58000183105469,67.6500015258789,67.91999816894531
2025-10-06,68.44000244140625,68.94999694824219,67.80999755859375,68.91000366210938
2025-10-07,68.91999816894531,69.22000122070312,68.44000244140625,68.98999786376953
2025-10-08,69.80999755859375,70.76000213623047,69.0,70.33000183105469
2025-10-09,70.30999755859375,70.62000274658203,69.02999877929688,69.95999908447266
2025-10-10,70.41000366210938,70.80999755859375,67.88999938964844,67.94000244140625
2025-10-13,68.55000305175781,68.88999938964844,67.12999725341797,67.45999908447266
2025-10-14,67.11000061035156,69.16000366210938,66.80999755859375,68.66000366210938
2025-10-15,69.30999755859375,70.30000305175781,68.81999969482422,69.5199966430664
2025-10-16,69.77999877929688,70.06999969482422,68.56999969482422,69.08999633789062
2025-10-17,69.05999755859375,70.7699966430664,68.94999694824219,70.12999725341797
2025-10-20,70.12000274658203,70.97000122070312,70.12000274658203,70.6500015258789
2025-10-21,70.58000183105469,71.23999786376953,70.37999725341797,70.72000122070312
2025-10-22,70.86000061035156,70.97000122070312,69.8499984741211,70.66000366210938
2025-10-23,70.5999984741211,71.23999786376953,70.2300033569336,70.2699966430664
2025-10-24,70.63999938964844,70.94000244140625,70.05999755859375,70.62999725341797
2025-10-27,70.54000091552734,71.45999908447266,70.43000030517578,71.38999938964844
2025-10-28,71.19999694824219,72.68000030517578,71.02999877929688,72.62000274658203
2025-10-29,72.68000030517578,72.81999969482422,70.91999816894531,71.33000183105469
2025-10-30,71.37000274658203,73.11000061035156,71.33999633789062,72.91000366210938
2025-10-31,72.72000122070312,73.4800033569336,72.43000030517578,73.11000061035156
2025-11-03,74.61000061035156,74.83999633789062,73.62000274658203,74.44999694824219
2025-11-04,73.9000015258789,73.98999786376953,71.9800033569336,72.31999969482422
2025-11-05,72.22000122070312,72.58000183105469,71.33999633789062,72.0999984741211
2025-11-06,71.70999908447266,72.2300033569336,70.69000244140625,71.04000091552734
2025-11-07,71.38999938964844,71.58999633789062,70.54000091552734,71.06999969482422
2025-11-10,71.76000213623047,72.5,71.1500015258789,72.08999633789062
2025-11-11,71.73999786376953,72.25,71.0999984741211,71.70999908447266
2025-11-12,71.91000366210938,74.20999908447266,71.72000122070312,73.95999908447266
2025-11-13,77.94999694824219,79.5,76.6500015258789,77.37999725341797
2025-11-14,76.58000183105469,78.66999816894531,75.83999633789062,78.0
2025-11-17,77.88999938964844,79.38999938964844,77.47000122070312,77.77999877929688
2025-11-18,77.55000305175781,78.19999694824219,76.44999694824219,77.37000274658203
2025-11-19,77.30000305175781,78.93000030517578,77.16000366210938,78.38999938964844
2025-11-20,79.12000274658203,80.05999755859375,75.31999969482422,75.44000244140625
2025-11-21,75.63999938964844,76.94000244140625,75.47000122070312,76.0999984741211
2025-11-24,76.48999786376953,76.87999725341797,75.68000030517578,76.23999786376953
2025-11-25,76.48999786376953,77.05999755859375,76.08000183105469,76.31999969482422
2025-11-26,76.45999908447266,76.5999984741211,75.33999633789062,76.06999969482422
2025-11-28,76.13999938964844,76.95999908447266,75.80999755859375,76.94000244140625
2025-12-01,76.66999816894531,76.81999969482422,75.93000030517578,76.04000091552734
2025-12-02,76.16000366210938,77.0,75.76000213623047,76.87000274658203
2025-12-03,76.58999633789062,77.81999969482422,75.6500015258789,77.75
2025-12-04,77.69000244140625,77.86000061035156,77.16999816894531,77.76000213623047
2025-12-05,77.97000122070312,78.19000244140625,77.4000015258789,77.97000122070312
2025-12-08,78.20999908447266,79.37999725341797,78.12000274658203,78.86000061035156
2025-12-09,78.79000091552734,79.87999725341797,78.51000213623047,79.51000213623047
2025-12-10,78.83000183105469,80.81999969482422,78.80000305175781,80.25
2025-12-11,80.23999786376953,80.37000274658203,78.83000183105469,79.2699966430664
2025-12-12,79.45999908447266,79.55999755859375,77.72000122070312,77.80000305175781
2025-12-15,78.20999908447266,78.70999908447266,77.54000091552734,78.25
2025-12-16,78.11000061035156,78.61000061035156,77.37999725341797,77.55000305175781
2025-12-17,77.9000015258789,78.19999694824219,75.91999816894531,76.0
2025-12-18,76.33000183105469,77.80999755859375,76.26000213623047,76.94999694824219
2025-12-19,76.97000122070312,79.16999816894531,76.79000091552734,78.41999816894531
2025-12-22,79.0199966430664,79.1500015258789,77.95999908447266,78.11000061035156
2025-12-23,77.61000061035156,78.12000274658203,77.58999633789062,78.0199966430664
2025-12-24,78.0199966430664,78.29000091552734,77.8499984741211,78.0199966430664
2025-12-26,78.0999984741211,78.27999877929688,77.93000030517578,78.16000366210938
2025-12-29,78.02999877929688,78.30000305175781,77.5199966430664,77.79000091552734
2025-12-30,77.80999755859375,77.80999755859375,77.16999816894531,77.41000366210938
2025-12-31,77.33999633789062,77.81999969482422,76.87999725341797,77.02999877929688
2026-01-02,76.6500015258789,76.94999694824219,75.61000061035156,76.04000091552734
2026-01-05,76.44999694824219,76.7699966430664,75.20999908447266,75.58000183105469
2026-01-06,75.52999877929688,75.7300033569336,74.80999755859375,75.2300033569336
2026-01-07,75.12000274658203,75.37999725341797,74.19999694824219,74.72000122070312
2026-01-08,74.30999755859375,74.45999908447266,73.55000305175781,73.95999908447266
2026-01-09,73.44999694824219,74.33000183105469,73.33999633789062,73.87999725341797
2026-01-12,72.91000366210938,74.05000305175781,72.80000305175781,74.01000213623047
2026-01-13,73.98999786376953,75.5,73.86000061035156,75.47000122070312
2026-01-14,74.93000030517578,75.11000061035156,73.81999969482422,74.41000366210938
2026-01-15,75.22000122070312,76.05000305175781,74.91000366210938,75.25
2026-01-16,75.63999938964844,75.98999786376953,74.5999984741211,75.19000244140625
2026-01-20,74.5199966430664,74.87000274658203,73.20999908447266,73.3499984741211
2026-01-21,73.94999694824219,74.36000061035156,73.01000213623047,73.69000244140625
2026-01-22,74.11000061035156,74.77999877929688,73.87999725341797,74.33000183105469
2026-01-23,73.94999694824219,75.06999969482422,73.70999908447266,74.58999633789062
2026-01-26,76.47000122070312,77.41999816894531,75.63999938964844,77.01000213623047
2026-01-27,77.19000244140625,78.91000366210938,77.05000305175781,78.68000030517578
2026-01-28,78.93000030517578,79.04000091552734,78.0199966430664,78.95999908447266
2026-01-29,79.11000061035156,79.4800033569336,77.62999725341797,78.43000030517578
2026-01-30,78.08999633789062,78.80000305175781,77.72000122070312,78.31999969482422
2026-02-02,78.12000274658203,81.16000366210938,78.0,80.63999938964844
2026-02-03,80.80999755859375,83.25,80.80999755859375,83.11000061035156
2026-02-04,83.9800033569336,84.23999786376953,81.13999938964844,81.16000366210938
2026-02-05,80.86000061035156,83.30999755859375,80.80999755859375,82.36000061035156
2026-02-06,83.55999755859375,85.0,82.80999755859375,84.81999969482422
2026-02-09,84.7300033569336,87.25,84.30999755859375,86.77999877929688
2026-02-10,86.97000122070312,88.19000244140625,86.12999725341797,86.29000091552734
2026-02-11,86.05999755859375,87.13999938964844,85.12999725341797,85.54000091552734
2026-02-12,79.61000061035156,80.37000274658203,74.08999633789062,75.0
2026-02-13,74.37999725341797,77.30000305175781,73.41999816894531,76.8499984741211
2026-02-17,76.94999694824219,77.56999969482422,76.4800033569336,76.8499984741211
2026-02-18,76.55000305175781,78.5999984741211,76.48999786376953,78.18000030517578
2026-02-19,77.98999786376953,79.16000366210938,77.87000274658203,78.55999755859375
2026-02-20,78.12999725341797,79.33000183105469,78.12999725341797,79.19999694824219
2026-02-23,78.8499984741211,79.4800033569336,76.94000244140625,77.73999786376953
2026-02-24,77.73999786376953,78.70999908447266,77.47000122070312,78.13999938964844
2026-02-25,78.44999694824219,79.41999816894531,78.26000213623047,79.12000274658203
2026-02-26,78.94000244140625,79.33999633789062,77.72000122070312,78.0999984741211
2026-02-27,77.6500015258789,79.52999877929688,77.06999969482422,79.45999908447266
2026-03-02,78.75,79.5199966430664,77.69000244140625,79.41999816894531
2026-03-03,78.37999725341797,79.44000244140625,77.56999969482422,78.95999908447266
2026-03-04,79.19999694824219,80.95999908447266,78.52999877929688,80.87000274658203
2026-03-05,79.98999786376953,81.16999816894531,79.05000305175781,80.01000213623047
2026-03-06,78.5199966430664,79.5199966430664,78.3499984741211,78.63999938964844
2026-03-09,77.18000030517578,77.55999755859375,75.19999694824219,76.20999908447266
2026-03-10,77.13999938964844,79.01000213623047,77.0999984741211,77.69999694824219
2026-03-11,77.63999938964844,78.5,77.12000274658203,78.0999984741211
2026-03-12,76.94999694824219,78.12999725341797,76.94999694824219,77.73999786376953
2026-03-13,78.06999969482422,79.26000213623047,77.94000244140625,78.33000183105469
2026-03-16,78.91999816894531,79.16999816894531,78.19000244140625,78.9000015258789
2026-03-17,79.18000030517578,80.05000305175781,78.81999969482422,79.2699966430664
2026-03-18,79.73999786376953,80.02999877929688,77.52999877929688,77.5999984741211
2026-03-19,77.55000305175781,78.87999725341797,76.91999816894531,78.51000213623047
2026-03-20,78.44999694824219,79.04000091552734,76.70999908447266,77.6500015258789
2026-03-23,78.63999938964844,79.51000213623047,78.41999816894531,78.81999969482422
2026-03-24,78.37000274658203,80.94000244140625,78.12999725341797,80.86000061035156
2026-03-25,81.0,82.68000030517578,80.88999938964844,81.83000183105469
2026-03-26,82.06999969482422,83.11000061035156,81.80999755859375,82.16000366210938
2026-03-27,81.9800033569336,82.12000274658203,79.4000015258789,79.91999816894531
2026-03-30,79.86000061035156,80.38999938964844,76.58999633789062,77.04000091552734
2026-03-31,77.88999938964844,78.19000244140625,76.30999755859375,77.58999633789062
2026-04-01,78.0,79.12000274658203,77.80999755859375,77.93000030517578
2026-04-02,76.7300033569336,79.0999984741211,76.54000091552734,79.0199966430664
2026-04-06,79.12000274658203,80.4800033569336,79.0199966430664,80.44000244140625
2026-04-07,80.0199966430664,80.88999938964844,79.41999816894531,80.68000030517578
2026-04-08,82.30999755859375,83.73999786376953,81.5,83.69999694824219
2026-04-09,83.8499984741211,84.7699966430664,82.1500015258789,83.16999816894531
2026-04-10,83.88999938964844,84.55999755859375,81.62000274658203,82.22000122070312
2026-04-13,82.04000091552734,82.38999938964844,81.25,82.3499984741211
2026-04-14,82.02999877929688,82.6500015258789,81.36000061035156,82.61000061035156
2026-04-15,82.52999877929688,82.66000366210938,80.87999725341797,82.36000061035156
2026-04-16,82.08000183105469,84.52999877929688,82.0,84.5
2026-04-17,85.19000244140625,86.37999725341797,84.5999984741211,86.25
2026-04-20,86.19999694824219,88.3499984741211,85.86000061035156,87.70999908447266
2026-04-21,87.91999816894531,89.80000305175781,87.16000366210938,89.69999694824219
2026-04-22,89.93000030517578,90.44999694824219,89.4800033569336,89.80000305175781
2026-04-23,89.31999969482422,90.0,88.2699966430664,88.58999633789062
2026-04-24,87.41000366210938,89.7300033569336,87.41000366210938,89.01000213623047
2026-04-27,89.27999877929688,89.5,87.63999938964844,88.26000213623047
2026-04-28,88.55000305175781,88.55000305175781,85.77999877929688,86.86000061035156
2026-04-29,87.31999969482422,89.62999725341797,86.83999633789062,89.56999969482422
2026-04-30,89.81999969482422,91.66999816894531,89.31999969482422,91.5
2026-05-01,91.75,92.91999816894531,91.16000366210938,91.8499984741211
2026-05-04,91.8499984741211,93.0999984741211,91.19000244140625,92.62999725341797
2026-05-05,93.81999969482422,94.72000122070312,93.37999725341797,94.30000305175781
2026-05-06,92.63999938964844,93.41999816894531,91.0,91.63999938964844
2026-05-07,92.0,92.7300033569336,91.61000061035156,92.16000366210938
2026-05-08,93.33000183105469,97.0199966430664,93.13999938964844,96.56999969482422
2026-05-11,96.3499984741211,98.83000183105469,95.33000183105469,98.72000122070312
2026-05-12,99.5199966430664,99.93000030517578,97.7699966430664,99.29000091552734
2026-05-13,99.4000015258789,102.01000213623047,99.29000091552734,101.87000274658203
2026-05-14,117.55000305175781,119.36000061035156,113.97000122070312,115.52999877929688
2026-05-15,114.61000061035156,118.83000183105469,114.0,118.20999908447266
2026-05-18,118.80000305175781,119.38999938964844,116.02999877929688,118.87999725341797
2026-05-19,117.04000091552734,118.5,114.79000091552734,115.37999725341797
2026-05-20,115.69000244140625,116.91999816894531,113.8499984741211,114.3499984741211
2026-05-21,114.12999725341797,118.5999984741211,113.56999969482422,118.19999694824219
2026-05-22,118.45999908447266,120.79000091552734,117.68000030517578,120.41000366210938
2026-05-26,120.54000091552734,120.7699966430664,117.0999984741211,118.33000183105469
2026-05-27,117.94000244140625,120.38999938964844,116.7699966430664,119.66999816894531
2026-05-28,120.52999877929688,120.72000122070312,117.95999908447266,118.63999938964844
2026-05-29,117.81999969482422,121.43000030517578,117.01000213623047,120.41999816894531
2026-06-01,119.80000305175781,121.94999694824219,118.30000305175781,121.33000183105469
2026-06-02,122.48999786376953,128.22000122070312,122.48999786376953,128.0
2026-06-03,126.16000366210938,129.4199981689453,124.91999816894531,126.5
2026-06-04,126.05999755859375,130.3699951171875,124.13999938964844,130.0
2026-06-05,128.66000366210938,128.83999633789062,121.55000305175781,121.63999938964844
2026-06-08,123.55999755859375,126.44000244140625,122.0,124.1500015258789
2026-06-09,123.26000213623047,124.22000122070312,117.0999984741211,120.36000061035156
2026-06-10,119.72000122070312,120.94999694824219,118.36000061035156,118.80000305175781
2026-06-11,117.18000030517578,122.55000305175781,116.5,121.83000183105469
2026-06-12,122.3499984741211,122.79000091552734,120.7300033569336,121.0999984741211
2026-06-15,122.55999755859375,122.58999633789062,119.52999877929688,120.16999816894531
2026-06-16,120.29000091552734,120.7699966430664,119.19999694824219,119.56999969482422
2026-06-17,118.95999908447266,119.66000366210938,116.94000244140625,117.33000183105469
2026-06-18,118.5999984741211,120.31999969482422,117.30000305175781,119.54000091552734
2026-06-22,119.5999984741211,122.08999633789062,119.5999984741211,121.52999877929688
2026-06-23,118.54000091552734,122.33999633789062,117.6500015258789,121.1500015258789
2026-06-24,120.56999969482422,122.88999938964844,119.02999877929688,119.7300033569336
2026-06-25,120.80999755859375,121.13999938964844,117.55999755859375,118.97000122070312
2026-06-26,117.18000030517578,117.18000030517578,112.86000061035156,113.7699966430664
2026-06-29,114.9800033569336,118.18000030517578,114.7300033569336,117.69999694824219
2026-06-30,116.77999877929688,119.0999984741211,116.19999694824219,117.45999908447266
2026-07-01,116.54000091552734,117.43000030517578,114.98999786376953,117.01000213623047
2026-07-02,117.02999877929688,117.13999938964844,111.9000015258789,112.69000244140625
2026-07-06,113.05000305175781,115.4800033569336,112.68000030517578,113.9800033569336
2026-07-07,112.79000091552734,114.02999877929688,111.66999816894531,111.79000091552734
2026-07-08,111.68000030517578,114.05000305175781,111.33000183105469,113.81999969482422
2026-07-09,115.27999877929688,119.4800033569336,115.27999877929688,118.30999755859375
2026-07-10,117.62999725341797,121.61000061035156,117.02999877929688,121.30999755859375
2026-07-13,119.97000122070312,120.33999633789062,117.26000213623047,119.25
2026-07-14,119.63999938964844,120.05999755859375,117.4207992553711,117.4800033569336
