Date,Open,High,Low,Close
2018-01-02,108.94999694824219,111.80999755859375,108.55999755859375,111.80000305175781
2018-01-03,112.19000244140625,113.19000244140625,111.44999694824219,112.27999877929688
2018-01-04,112.94999694824219,113.0,111.62999725341797,112.2300033569336
2018-01-05,112.68000030517578,112.68000030517578,111.23999786376953,111.62000274658203
2018-01-08,110.88999938964844,111.27999877929688,109.54000091552734,110.0199966430664
2018-01-09,110.12999725341797,110.86000061035156,109.86000061035156,109.94000244140625
2018-01-10,109.95999908447266,110.5,109.01000213623047,109.47000122070312
2018-01-11,110.25,111.08000183105469,109.51000213623047,110.98999786376953
2018-01-12,111.31999969482422,112.72000122070312,111.0,112.47000122070312
2018-01-16,113.06999969482422,113.16000366210938,110.62000274658203,110.69000244140625
2018-01-17,111.19999694824219,112.20999908447266,110.56999969482422,111.97000122070312
2018-01-18,111.73999786376953,111.98999786376953,110.19999694824219,110.41999816894531
2018-01-19,110.97000122070312,111.08999633789062,109.83999633789062,110.58999633789062
2018-01-22,110.2699966430664,111.55999755859375,110.05999755859375,111.0999984741211
2018-01-23,110.2699966430664,111.13999938964844,109.88999938964844,110.41000366210938
2018-01-24,110.95999908447266,111.43000030517578,110.29000091552734,110.5
2018-01-25,110.5999984741211,111.81999969482422,110.12000274658203,110.55000305175781
2018-01-26,110.80999755859375,112.52999877929688,110.66999816894531,112.19000244140625
2018-01-29,112.0999984741211,112.44999694824219,111.23999786376953,111.54000091552734
2018-01-30,111.41999816894531,112.41999816894531,110.0999984741211,110.11000061035156
2018-01-31,110.08000183105469,110.12000274658203,108.47000122070312,108.66999816894531
2018-02-01,108.62000274658203,110.6500015258789,107.36000061035156,110.48999786376953
2018-02-02,109.94999694824219,110.58000183105469,108.44999694824219,108.69999694824219
2018-02-05,107.0999984741211,108.62999725341797,104.01000213623047,104.69999694824219
2018-02-06,102.87999725341797,106.19999694824219,101.76000213623047,106.16999816894531
2018-02-07,107.83000183105469,108.02999877929688,104.41000366210938,104.76000213623047
2018-02-08,105.47000122070312,105.81999969482422,101.19000244140625,101.3499984741211
2018-02-09,102.55000305175781,103.75,100.26000213623047,103.08999633789062
2018-02-12,103.93000030517578,104.63999938964844,102.0999984741211,103.38999938964844
2018-02-13,102.63999938964844,104.30999755859375,102.4000015258789,104.12000274658203
2018-02-14,103.48999786376953,104.76000213623047,102.69000244140625,104.5999984741211
2018-02-15,105.36000061035156,105.56999969482422,103.93000030517578,105.18000030517578
2018-02-16,105.19000244140625,107.3499984741211,105.19000244140625,106.52999877929688
2018-02-20,106.37000274658203,107.56999969482422,105.5199966430664,105.9800033569336
2018-02-21,106.0,106.91000366210938,105.0199966430664,105.05000305175781
2018-02-22,105.30999755859375,106.01000213623047,104.93000030517578,105.23999786376953
2018-02-23,105.75,107.36000061035156,105.43000030517578,107.25
2018-02-26,108.0,109.80999755859375,107.66999816894531,109.80999755859375
2018-02-27,108.0,108.16000366210938,104.8499984741211,104.87000274658203
2018-02-28,105.44999694824219,105.56999969482422,103.13999938964844,103.16000366210938
2018-03-01,103.19999694824219,104.02999877929688,101.33000183105469,102.56999969482422
2018-03-02,102.0,103.16999816894531,101.44000244140625,102.98999786376953
2018-03-05,102.70999908447266,103.97000122070312,102.41999816894531,103.41000366210938
2018-03-06,104.0,104.94999694824219,103.51000213623047,104.94000244140625
2018-03-07,103.72000122070312,104.23999786376953,102.7699966430664,103.58999633789062
2018-03-08,103.98999786376953,104.58999633789062,103.47000122070312,104.02999877929688
2018-03-09,104.43000030517578,104.75,103.63999938964844,104.7300033569336
2018-03-12,104.72000122070312,105.94000244140625,104.72000122070312,105.16999816894531
2018-03-13,105.83000183105469,105.83000183105469,103.41999816894531,103.7300033569336
2018-03-14,104.52999877929688,104.6500015258789,103.47000122070312,103.9000015258789
2018-03-15,104.0,104.29000091552734,103.23999786376953,103.23999786376953
2018-03-16,103.55999755859375,104.2699966430664,102.83999633789062,102.87000274658203
2018-03-19,102.80000305175781,102.94999694824219,101.0,101.4800033569336
2018-03-20,101.54000091552734,102.1500015258789,100.75,101.3499984741211
2018-03-21,101.5,102.94000244140625,101.41999816894531,101.81999969482422
2018-03-22,101.29000091552734,101.63999938964844,100.41000366210938,100.5999984741211
2018-03-23,100.8499984741211,101.11000061035156,98.44999694824219,98.54000091552734
2018-03-26,99.86000061035156,100.77999877929688,99.08000183105469,100.6500015258789
2018-03-27,100.87999725341797,101.18000030517578,98.88999938964844,99.36000061035156
2018-03-28,99.5,100.08000183105469,98.1500015258789,98.54000091552734
2018-03-29,99.01000213623047,101.27999877929688,98.86000061035156,100.44000244140625
2018-04-02,100.18000030517578,100.98999786376953,97.77999877929688,98.66000366210938
2018-04-03,98.80000305175781,99.48999786376953,97.69999694824219,99.41999816894531
2018-04-04,98.43000030517578,101.1500015258789,97.76000213623047,100.94999694824219
2018-04-05,101.36000061035156,102.37999725341797,100.9800033569336,102.11000061035156
2018-04-06,101.62999725341797,102.19000244140625,99.44999694824219,100.3499984741211
2018-04-09,100.69999694824219,101.51000213623047,99.58000183105469,99.69999694824219
2018-04-10,100.91999816894531,101.52999877929688,100.31999969482422,101.37000274658203
2018-04-11,100.77999877929688,101.6500015258789,100.41000366210938,100.80000305175781
2018-04-12,101.41999816894531,101.51000213623047,99.68000030517578,100.38999938964844
2018-04-13,101.0,101.5199966430664,100.16000366210938,100.3499984741211
2018-04-16,100.69000244140625,101.0,99.7300033569336,100.23999786376953
2018-04-17,101.19999694824219,102.58999633789062,100.75,102.16999816894531
2018-04-18,102.66999816894531,102.70999908447266,101.19999694824219,101.20999908447266
2018-04-19,101.0,101.58000183105469,100.22000122070312,100.88999938964844
2018-04-20,101.18000030517578,101.4000015258789,99.91000366210938,100.23999786376953
2018-04-23,100.55000305175781,100.72000122070312,99.52999877929688,100.1500015258789
2018-04-24,100.58000183105469,100.8499984741211,98.86000061035156,99.45999908447266
2018-04-25,99.5,101.48999786376953,99.05000305175781,101.1500015258789
2018-04-26,101.2300033569336,101.37999725341797,99.73999786376953,99.83999633789062
2018-04-27,99.77999877929688,99.98999786376953,98.94000244140625,99.2300033569336
2018-04-30,100.41000366210938,101.37000274658203,100.12000274658203,100.33000183105469
2018-05-01,100.18000030517578,100.69999694824219,98.93000030517578,100.05999755859375
2018-05-02,100.16999816894531,100.72000122070312,99.25,99.62000274658203
2018-05-03,99.11000061035156,99.25,97.68000030517578,98.76000213623047
2018-05-04,98.70999908447266,101.3499984741211,98.58000183105469,101.1500015258789
2018-05-07,102.3499984741211,102.68000030517578,101.72000122070312,102.4800033569336
2018-05-08,101.19999694824219,102.63999938964844,100.83999633789062,101.79000091552734
2018-05-09,102.25,102.2699966430664,99.30000305175781,99.97000122070312
2018-05-10,100.41999816894531,102.06999969482422,100.30000305175781,101.68000030517578
2018-05-11,101.88999938964844,102.20999908447266,101.26000213623047,102.06999969482422
2018-05-14,102.44000244140625,103.48999786376953,101.9800033569336,102.44000244140625
2018-05-15,102.44000244140625,103.31999969482422,102.0999984741211,102.91999816894531
2018-05-16,103.25,105.04000091552734,103.1500015258789,105.04000091552734
2018-05-17,105.2300033569336,105.4800033569336,104.08999633789062,104.33999633789062
2018-05-18,104.33999633789062,104.79000091552734,103.55999755859375,103.93000030517578
2018-05-21,104.22000122070312,104.68000030517578,103.61000061035156,104.05999755859375
2018-05-22,104.4000015258789,105.48999786376953,103.98999786376953,104.06999969482422
2018-05-23,103.19999694824219,103.33999633789062,102.06999969482422,102.88999938964844
2018-05-24,102.80999755859375,102.86000061035156,101.20999908447266,102.11000061035156
2018-05-25,102.25,103.0,101.97000122070312,102.19999694824219
2018-05-29,100.55000305175781,101.6500015258789,99.37999725341797,99.69000244140625
2018-05-30,100.5,100.55000305175781,99.41999816894531,99.9800033569336
2018-05-31,99.76000213623047,100.13999938964844,98.80999755859375,99.47000122070312
2018-06-01,99.69000244140625,100.05000305175781,99.19999694824219,99.36000061035156
2018-06-04,99.76000213623047,100.5,99.69999694824219,100.23999786376953
2018-06-05,100.36000061035156,100.51000213623047,99.77999877929688,99.94000244140625
2018-06-06,100.05999755859375,101.94000244140625,99.76000213623047,101.91000366210938
2018-06-07,101.91000366210938,102.95999908447266,101.80999755859375,102.47000122070312
2018-06-08,102.08999633789062,103.98999786376953,101.83000183105469,103.9800033569336
2018-06-11,103.93000030517578,104.79000091552734,103.75,104.3499984741211
2018-06-12,104.7300033569336,105.22000122070312,103.95999908447266,104.33000183105469
2018-06-13,103.19999694824219,107.87999725341797,102.66999816894531,106.30999755859375
2018-06-14,106.44999694824219,109.48999786376953,106.44999694824219,108.75
2018-06-15,108.16999816894531,109.41999816894531,107.8499984741211,108.8499984741211
2018-06-18,107.0,107.4800033569336,106.5,107.05999755859375
2018-06-19,105.87000274658203,106.98999786376953,105.76000213623047,106.0999984741211
2018-06-20,107.0,107.9000015258789,105.80999755859375,107.1500015258789
2018-06-21,107.01000213623047,107.25,105.79000091552734,105.88999938964844
2018-06-22,106.06999969482422,106.80000305175781,105.80999755859375,106.33999633789062
2018-06-25,106.0,106.08000183105469,103.73999786376953,104.44999694824219
2018-06-26,104.45999908447266,104.70999908447266,103.91000366210938,104.26000213623047
2018-06-27,104.5,105.87999725341797,103.4800033569336,103.95999908447266
2018-06-28,103.91000366210938,105.12000274658203,103.68000030517578,104.7699966430664
2018-06-29,104.93000030517578,105.68000030517578,104.6500015258789,104.80999755859375
2018-07-02,104.1500015258789,105.37000274658203,103.9000015258789,105.33000183105469
2018-07-03,105.87999725341797,105.94999694824219,103.5,104.04000091552734
2018-07-05,104.69999694824219,105.5999984741211,104.43000030517578,105.33999633789062
2018-07-06,104.5,105.04000091552734,104.04000091552734,104.77999877929688
2018-07-09,105.01000213623047,106.06999969482422,104.75,106.0199966430664
2018-07-10,106.25,106.56999969482422,104.83000183105469,106.02999877929688
2018-07-11,105.31999969482422,109.33999633789062,105.31999969482422,108.04000091552734
2018-07-12,108.05000305175781,109.19999694824219,107.81999969482422,108.25
2018-07-13,108.0,110.23999786376953,107.66000366210938,110.0
2018-07-16,109.81999969482422,110.44999694824219,108.7699966430664,110.19999694824219
2018-07-17,110.26000213623047,112.62000274658203,110.08999633789062,110.30000305175781
2018-07-18,110.30999755859375,111.05999755859375,109.6500015258789,110.69000244140625
2018-07-19,111.54000091552734,114.68000030517578,111.30000305175781,112.12999725341797
2018-07-20,112.1500015258789,112.19999694824219,110.83000183105469,111.4800033569336
2018-07-23,111.05000305175781,111.20999908447266,110.33999633789062,111.08999633789062
2018-07-24,111.83999633789062,111.88999938964844,110.54000091552734,110.69999694824219
2018-07-25,110.63999938964844,111.41999816894531,109.62999725341797,111.18000030517578
2018-07-26,112.1500015258789,114.55999755859375,111.68000030517578,113.51000213623047
2018-07-27,114.0,114.05000305175781,111.91999816894531,112.62000274658203
2018-07-30,112.19999694824219,113.33999633789062,112.05000305175781,112.62999725341797
2018-07-31,112.55000305175781,114.05000305175781,112.36000061035156,113.55999755859375
2018-08-01,113.68000030517578,113.83000183105469,112.58999633789062,112.97000122070312
2018-08-02,112.5,113.31999969482422,111.68000030517578,112.75
2018-08-03,113.19999694824219,114.0999984741211,112.4000015258789,114.08999633789062
2018-08-06,114.66000366210938,116.83999633789062,114.16000366210938,115.94000244140625
2018-08-07,116.56999969482422,117.9000015258789,116.23999786376953,116.55999755859375
2018-08-08,115.9000015258789,116.41000366210938,113.9000015258789,113.9800033569336
2018-08-09,114.05000305175781,114.80000305175781,112.80999755859375,114.16000366210938
2018-08-10,113.58000183105469,113.80000305175781,112.4000015258789,112.68000030517578
2018-08-13,112.66000366210938,112.83999633789062,111.72000122070312,112.12000274658203
2018-08-14,112.37999725341797,113.19000244140625,111.94999694824219,112.75
2018-08-15,112.18000030517578,113.12000274658203,111.47000122070312,112.8499984741211
2018-08-16,113.30000305175781,113.33000183105469,112.4000015258789,112.4800033569336
2018-08-17,112.51000213623047,112.86000061035156,111.88999938964844,112.4800033569336
2018-08-20,112.93000030517578,113.0,111.91000366210938,111.98999786376953
2018-08-21,112.25,113.0,112.0,112.38999938964844
2018-08-22,112.44000244140625,112.75,111.94000244140625,111.94000244140625
2018-08-23,111.94000244140625,112.13999938964844,111.52999877929688,112.0
2018-08-24,111.62999725341797,112.69999694824219,111.44000244140625,111.93000030517578
2018-08-27,112.48999786376953,112.88999938964844,112.06999969482422,112.33000183105469
2018-08-28,112.56999969482422,112.79000091552734,112.19999694824219,112.58000183105469
2018-08-29,112.58000183105469,112.72000122070312,112.0199966430664,112.44999694824219
2018-08-30,112.06999969482422,112.41999816894531,111.58999633789062,111.91999816894531
2018-08-31,111.9000015258789,112.27999877929688,111.55999755859375,112.0199966430664
2018-09-04,111.80000305175781,112.0,110.6500015258789,110.8499984741211
2018-09-05,110.58000183105469,110.81999969482422,109.69999694824219,109.87000274658203
2018-09-06,110.0,110.41000366210938,109.36000061035156,110.26000213623047
2018-09-07,110.08000183105469,111.3499984741211,110.01000213623047,110.97000122070312
2018-09-10,111.44000244140625,111.91000366210938,110.37000274658203,110.68000030517578
2018-09-11,110.5,110.61000061035156,109.51000213623047,109.5999984741211
2018-09-12,109.25,110.25,109.18000030517578,109.45999908447266
2018-09-13,109.55000305175781,110.72000122070312,109.37000274658203,110.66999816894531
2018-09-14,110.91999816894531,111.25,108.87999725341797,109.26000213623047
2018-09-17,109.58000183105469,109.87999725341797,108.61000061035156,109.36000061035156
2018-09-18,108.88999938964844,109.75,108.2300033569336,109.52999877929688
2018-09-19,109.62999725341797,110.18000030517578,109.4800033569336,109.79000091552734
2018-09-20,110.58000183105469,111.94999694824219,109.94000244140625,111.62000274658203
2018-09-21,111.94999694824219,111.9800033569336,110.4000015258789,110.4000015258789
2018-09-24,112.2699966430664,113.13999938964844,111.69999694824219,112.7699966430664
2018-09-25,113.30999755859375,114.70999908447266,112.6500015258789,113.62999725341797
2018-09-26,114.01000213623047,116.31999969482422,114.01000213623047,115.20999908447266
2018-09-27,115.19000244140625,116.5999984741211,115.0999984741211,116.04000091552734
2018-09-28,115.6500015258789,117.45999908447266,115.3499984741211,116.94000244140625
2018-10-01,117.27999877929688,117.4000015258789,115.68000030517578,116.23999786376953
2018-10-02,115.55000305175781,117.69999694824219,115.30000305175781,117.66000366210938
2018-10-03,117.94999694824219,118.0999984741211,116.73999786376953,116.91000366210938
2018-10-04,117.0,117.16999816894531,115.12000274658203,116.12999725341797
2018-10-05,116.0,116.58000183105469,114.7300033569336,114.77999877929688
2018-10-08,114.83000183105469,116.16000366210938,114.12000274658203,116.0199966430664
2018-10-09,116.62000274658203,117.7699966430664,116.04000091552734,116.88999938964844
2018-10-10,116.83999633789062,117.2300033569336,112.7300033569336,112.86000061035156
2018-10-11,112.5,113.25,110.31999969482422,111.1500015258789
2018-10-12,111.97000122070312,113.2699966430664,111.2300033569336,112.61000061035156
2018-10-15,111.93000030517578,114.62000274658203,111.88999938964844,113.44000244140625
2018-10-16,114.33999633789062,116.37000274658203,113.83999633789062,116.19000244140625
2018-10-17,116.0999984741211,117.22000122070312,115.43000030517578,117.12999725341797
2018-10-18,116.75,117.12999725341797,115.58000183105469,116.18000030517578
2018-10-19,117.41999816894531,119.16999816894531,117.22000122070312,118.9000015258789
2018-10-22,119.05000305175781,119.69000244140625,117.72000122070312,118.2699966430664
2018-10-23,116.94999694824219,118.48999786376953,115.41000366210938,117.8499984741211
2018-10-24,117.05999755859375,117.05999755859375,111.25,111.61000061035156
2018-10-25,112.62000274658203,114.69000244140625,112.12000274658203,114.16000366210938
2018-10-26,112.83999633789062,114.13999938964844,112.0999984741211,113.19000244140625
2018-10-29,114.44999694824219,114.94000244140625,111.95999908447266,113.04000091552734
2018-10-30,113.38999938964844,114.88999938964844,112.41000366210938,114.76000213623047
2018-10-31,116.2300033569336,116.5199966430664,114.68000030517578,114.83000183105469
2018-11-01,115.19999694824219,116.27999877929688,114.9000015258789,116.0999984741211
2018-11-02,116.83000183105469,116.94999694824219,114.37000274658203,115.18000030517578
2018-11-05,115.73999786376953,116.22000122070312,115.12000274658203,115.44999694824219
2018-11-06,115.73999786376953,116.83999633789062,115.44999694824219,116.70999908447266
2018-11-07,116.56999969482422,117.29000091552734,115.16000366210938,117.05000305175781
2018-11-08,117.44999694824219,117.83000183105469,115.20999908447266,116.0
2018-11-09,118.19999694824219,120.19999694824219,117.18000030517578,118.0
2018-11-12,118.0,118.45999908447266,116.5999984741211,116.69999694824219
2018-11-13,117.11000061035156,117.77999877929688,116.18000030517578,116.8499984741211
2018-11-14,117.44000244140625,118.22000122070312,116.44000244140625,117.12000274658203
2018-11-15,116.48999786376953,117.43000030517578,115.69999694824219,117.11000061035156
2018-11-16,116.52999877929688,117.33999633789062,115.98999786376953,116.19000244140625
2018-11-19,116.0,117.83000183105469,114.79000091552734,115.41999816894531
2018-11-20,113.5199966430664,114.58999633789062,111.5199966430664,111.87000274658203
2018-11-21,112.5,113.98999786376953,112.30000305175781,113.02999877929688
2018-11-23,112.23999786376953,112.79000091552734,111.73999786376953,112.08000183105469
2018-11-26,113.18000030517578,113.18000030517578,111.91999816894531,112.55000305175781
2018-11-27,113.61000061035156,114.0999984741211,112.41000366210938,113.9000015258789
2018-11-28,114.31999969482422,116.30000305175781,114.05000305175781,116.0999984741211
2018-11-29,115.75,117.13999938964844,115.20999908447266,116.61000061035156
2018-11-30,116.83999633789062,117.06999969482422,115.05999755859375,115.48999786376953
2018-12-03,116.6500015258789,116.91999816894531,114.91000366210938,115.73999786376953
2018-12-04,115.62000274658203,116.29000091552734,112.66000366210938,112.87000274658203
2018-12-06,112.05999755859375,114.33999633789062,111.16000366210938,114.33000183105469
2018-12-07,113.86000061035156,113.98999786376953,111.61000061035156,111.9800033569336
2018-12-10,111.98999786376953,112.29000091552734,109.52999877929688,111.86000061035156
2018-12-11,112.97000122070312,113.72000122070312,111.43000030517578,111.97000122070312
2018-12-12,113.0,113.9800033569336,112.1500015258789,112.20999908447266
2018-12-13,112.87000274658203,113.5999984741211,112.33999633789062,113.38999938964844
2018-12-14,112.37000274658203,113.91999816894531,112.05000305175781,112.19999694824219
2018-12-17,112.29000091552734,112.88999938964844,110.02999877929688,110.62000274658203
2018-12-18,110.87000274658203,111.08000183105469,108.9000015258789,109.44999694824219
2018-12-19,110.0,112.12999725341797,108.94999694824219,109.22000122070312
2018-12-20,108.75,109.20999908447266,106.12999725341797,107.0
2018-12-21,106.47000122070312,108.75,103.86000061035156,104.22000122070312
2018-12-24,103.2300033569336,103.9000015258789,100.3499984741211,100.3499984741211
2018-12-26,100.48999786376953,105.8499984741211,100.37999725341797,105.83000183105469
2018-12-27,104.41000366210938,106.55000305175781,102.80000305175781,106.5199966430664
2018-12-28,107.27999877929688,108.5199966430664,106.19000244140625,107.30000305175781
2018-12-31,109.11000061035156,109.66999816894531,107.55000305175781,109.6500015258789
2019-01-02,108.0999984741211,109.13999938964844,107.7300033569336,108.97000122070312
2019-01-03,108.4800033569336,108.6500015258789,105.94000244140625,106.33000183105469
2019-01-04,107.94000244140625,110.75,107.25,109.61000061035156
2019-01-07,109.91000366210938,111.4000015258789,109.30000305175781,110.55999755859375
2019-01-08,111.80000305175781,112.55999755859375,111.16999816894531,111.41999816894531
2019-01-09,111.80000305175781,112.80000305175781,111.55999755859375,112.66999816894531
2019-01-10,111.98999786376953,112.91000366210938,111.5,112.80000305175781
2019-01-11,112.18000030517578,112.91999816894531,111.7300033569336,112.6500015258789
2019-01-14,111.6500015258789,112.69999694824219,111.43000030517578,112.41999816894531
2019-01-15,112.30000305175781,113.18000030517578,110.61000061035156,111.76000213623047
2019-01-16,111.44999694824219,112.01000213623047,110.80999755859375,110.91000366210938
2019-01-17,110.72000122070312,111.26000213623047,110.16000366210938,111.01000213623047
2019-01-18,111.86000061035156,111.93000030517578,110.83000183105469,111.04000091552734
2019-01-22,110.62000274658203,111.33000183105469,109.75,110.5999984741211
2019-01-23,111.19000244140625,111.83999633789062,110.0,111.12000274658203
2019-01-24,111.0,111.11000061035156,109.93000030517578,110.55000305175781
2019-01-25,111.47000122070312,111.5,110.66000366210938,111.08999633789062
2019-01-28,110.76000213623047,110.98999786376953,109.94999694824219,110.80999755859375
2019-01-29,110.6500015258789,110.93000030517578,110.0,110.9000015258789
2019-01-30,110.30000305175781,110.58000183105469,108.95999908447266,110.12999725341797
2019-01-31,110.0999984741211,111.54000091552734,110.01000213623047,111.5199966430664
2019-02-01,111.97000122070312,112.05000305175781,110.93000030517578,111.30000305175781
2019-02-04,111.41000366210938,111.9800033569336,110.68000030517578,111.80000305175781
2019-02-05,112.0199966430664,112.73999786376953,111.44999694824219,112.66000366210938
2019-02-06,113.8499984741211,113.91999816894531,111.06999969482422,111.41000366210938
2019-02-07,111.05000305175781,111.11000061035156,109.80999755859375,110.94999694824219
2019-02-08,110.45999908447266,111.54000091552734,110.05999755859375,111.51000213623047
2019-02-11,111.7699966430664,111.80999755859375,109.25,109.44000244140625
2019-02-12,110.20999908447266,110.83000183105469,109.1500015258789,109.19999694824219
2019-02-13,109.23999786376953,110.4800033569336,109.2300033569336,110.19999694824219
2019-02-14,109.8499984741211,111.5,109.54000091552734,110.66000366210938
2019-02-15,111.4000015258789,112.62999725341797,111.02999877929688,112.58999633789062
2019-02-19,112.91000366210938,113.7699966430664,112.83000183105469,113.51000213623047
2019-02-20,113.5999984741211,114.08999633789062,113.29000091552734,113.68000030517578
2019-02-21,113.4000015258789,114.54000091552734,112.87000274658203,114.29000091552734
2019-02-22,114.62999725341797,115.7699966430664,113.94999694824219,115.25
2019-02-25,115.62000274658203,115.80000305175781,113.45999908447266,113.58999633789062
2019-02-26,113.6500015258789,114.01000213623047,112.8499984741211,113.5
2019-02-27,113.0999984741211,113.51000213623047,112.45999908447266,112.77999877929688
2019-02-28,112.9000015258789,113.43000030517578,112.75,112.83999633789062
2019-03-01,113.44999694824219,114.44000244140625,113.44999694824219,114.01000213623047
2019-03-04,114.41999816894531,114.41999816894531,113.08999633789062,114.33000183105469
2019-03-05,114.2300033569336,114.54000091552734,113.76000213623047,114.0
2019-03-06,114.0,115.05000305175781,114.0,114.8499984741211
2019-03-07,114.8499984741211,114.9000015258789,113.47000122070312,114.01000213623047
2019-03-08,113.45999908447266,113.83999633789062,112.9000015258789,113.80999755859375
2019-03-11,114.04000091552734,115.0,114.02999877929688,114.75
2019-03-12,114.72000122070312,115.30000305175781,114.04000091552734,114.7300033569336
2019-03-13,114.83999633789062,114.8499984741211,113.72000122070312,114.08999633789062
2019-03-14,114.12000274658203,114.7699966430664,113.93000030517578,114.4800033569336
2019-03-15,114.5,115.4800033569336,113.68000030517578,114.95999908447266
2019-03-18,113.02999877929688,114.0,112.45999908447266,113.12000274658203
2019-03-19,112.94999694824219,113.70999908447266,109.80000305175781,110.0
2019-03-20,110.30999755859375,110.87999725341797,108.05000305175781,109.98999786376953
2019-03-21,110.0999984741211,110.1500015258789,108.37000274658203,108.66000366210938
2019-03-22,108.33000183105469,109.0,107.51000213623047,108.2300033569336
2019-03-25,108.48999786376953,109.06999969482422,107.31999969482422,107.79000091552734
2019-03-26,108.4000015258789,110.33999633789062,108.2699966430664,110.13999938964844
2019-03-27,110.44999694824219,111.08999633789062,109.7300033569336,110.27999877929688
2019-03-28,110.5999984741211,111.2699966430664,110.23999786376953,110.70999908447266
2019-03-29,111.55999755859375,111.5999984741211,110.38999938964844,111.02999877929688
2019-04-01,111.58999633789062,112.87000274658203,111.37999725341797,112.51000213623047
2019-04-02,113.1500015258789,113.30999755859375,111.91999816894531,111.95999908447266
2019-04-03,112.69999694824219,113.11000061035156,112.20999908447266,112.5199966430664
2019-04-04,113.23999786376953,114.86000061035156,113.02999877929688,114.75
2019-04-05,114.97000122070312,115.12999725341797,114.30999755859375,115.0
2019-04-08,115.0,115.83000183105469,114.63999938964844,114.95999908447266
2019-04-09,115.61000061035156,117.16000366210938,115.27999877929688,116.86000061035156
2019-04-10,117.58000183105469,118.02999877929688,116.27999877929688,117.16000366210938
2019-04-11,117.7300033569336,117.86000061035156,116.31999969482422,116.5999984741211
2019-04-12,127.91000366210938,130.89999389648438,126.36000061035156,130.05999755859375
2019-04-15,131.0500030517578,132.6999969482422,129.7899932861328,132.0399932861328
2019-04-16,131.75,132.1300048828125,129.55999755859375,129.89999389648438
2019-04-17,129.80999755859375,132.36000061035156,129.27999877929688,131.75
2019-04-18,131.77000427246094,132.8699951171875,131.11000061035156,132.4499969482422
2019-04-22,131.89999389648438,132.1999969482422,131.02999877929688,131.67999267578125
2019-04-23,133.38999938964844,134.24000549316406,132.64999389648438,133.36000061035156
2019-04-24,133.11000061035156,135.75,132.72000122070312,135.10000610351562
2019-04-25,135.36000061035156,138.8800048828125,134.83999633789062,137.24000549316406
2019-04-26,138.6999969482422,140.0399932861328,137.50999450683594,139.9199981689453
2019-04-29,142.19000244140625,142.3699951171875,137.61000061035156,139.3000030517578
2019-04-30,139.1199951171875,139.38999938964844,136.02999877929688,136.97000122070312
2019-05-01,137.49000549316406,138.1699981689453,136.24000549316406,136.3800048828125
2019-05-02,135.3800048828125,135.69000244140625,132.3800048828125,134.13999938964844
2019-05-03,135.22000122070312,135.30999755859375,133.77999877929688,134.3300018310547
2019-05-06,132.5399932861328,135.3300018310547,132.3000030517578,135.0
2019-05-07,135.35000610351562,135.97000122070312,132.75999450683594,133.44000244140625
2019-05-08,133.5,135.6999969482422,133.30999755859375,134.99000549316406
2019-05-09,135.02999877929688,136.47999572753906,132.83999633789062,133.58999633789062
2019-05-10,133.00999450683594,134.32000732421875,131.22999572753906,134.0399932861328
2019-05-13,131.5,132.66000366210938,130.5500030517578,131.33999633789062
2019-05-14,133.52000427246094,134.66000366210938,132.0500030517578,133.1999969482422
2019-05-15,132.5500030517578,135.2100067138672,132.0399932861328,134.67999267578125
2019-05-16,135.2899932861328,136.39999389648438,134.80999755859375,135.5
2019-05-17,134.25999450683594,135.97999572753906,134.02999877929688,135.0399932861328
2019-05-20,134.25,134.39999389648438,133.25,133.91000366210938
2019-05-21,134.57000732421875,134.57000732421875,133.11000061035156,134.08999633789062
2019-05-22,133.82000732421875,134.1699981689453,133.38999938964844,133.85000610351562
2019-05-23,132.7100067138672,133.5500030517578,131.9499969482422,132.72999572753906
2019-05-24,133.10000610351562,133.2899932861328,132.22000122070312,132.7899932861328
2019-05-28,133.2100067138672,134.0399932861328,132.58999633789062,132.6199951171875
2019-05-29,131.9600067138672,132.14999389648438,130.77999877929688,131.57000732421875
2019-05-30,131.8800048828125,132.67999267578125,131.33999633789062,132.1999969482422
2019-05-31,130.9600067138672,132.92999267578125,130.77999877929688,132.0399932861328
2019-06-03,132.02000427246094,132.9499969482422,131.49000549316406,132.47000122070312
2019-06-04,133.4499969482422,134.8800048828125,132.9199981689453,134.82000732421875
2019-06-05,135.41000366210938,136.0,134.94000244140625,135.94000244140625
2019-06-06,136.50999450683594,137.44000244140625,135.72999572753906,137.2100067138672
2019-06-07,137.60000610351562,138.75999450683594,137.3300018310547,138.0399932861328
2019-06-10,138.8800048828125,138.8800048828125,136.07000732421875,137.07000732421875
2019-06-11,137.58999633789062,137.75,134.94000244140625,135.0800018310547
2019-06-12,135.08999633789062,136.27999877929688,134.82000732421875,135.72000122070312
2019-06-13,137.9499969482422,141.85000610351562,137.61000061035156,141.74000549316406
2019-06-14,142.0500030517578,142.9499969482422,140.52999877929688,141.64999389648438
2019-06-17,140.80999755859375,141.47999572753906,139.11000061035156,140.97000122070312
2019-06-18,141.99000549316406,143.50999450683594,138.97000122070312,139.24000549316406
2019-06-19,139.50999450683594,141.07000732421875,138.5800018310547,140.9199981689453
2019-06-20,141.97999572753906,142.22999572753906,139.91000366210938,142.02000427246094
2019-06-21,141.9499969482422,142.0,140.0,140.22999572753906
2019-06-24,140.1199951171875,140.47000122070312,137.8000030517578,139.22000122070312
2019-06-25,139.02000427246094,140.41000366210938,138.6699981689453,139.94000244140625
2019-06-26,140.36000061035156,140.74000549316406,139.50999450683594,140.39999389648438
2019-06-27,141.0,141.74000549316406,138.9199981689453,139.3000030517578
2019-06-28,139.41000366210938,140.2100067138672,138.61000061035156,139.63999938964844
2019-07-01,140.4499969482422,141.9499969482422,139.22000122070312,141.64999389648438
2019-07-02,141.39999389648438,142.86000061035156,141.27000427246094,142.52999877929688
2019-07-03,142.6999969482422,143.0,142.0,142.97999572753906
2019-07-05,141.4199981689453,142.88999938964844,140.6999969482422,142.4499969482422
2019-07-08,142.17999267578125,142.22999572753906,140.97000122070312,141.02000427246094
2019-07-09,140.05999755859375,141.72000122070312,139.75,141.61000061035156
2019-07-10,142.39999389648438,144.25,142.00999450683594,143.5399932861328
2019-07-11,144.00999450683594,145.33999633789062,143.5399932861328,143.55999755859375
2019-07-12,144.14999389648438,145.42999267578125,144.0,144.8800048828125
2019-07-15,145.1300048828125,145.36000061035156,143.97000122070312,145.05999755859375
2019-07-16,144.75,144.99000549316406,143.80999755859375,144.3000030517578
2019-07-17,144.60000610351562,144.67999267578125,142.3699951171875,142.57000732421875
2019-07-18,142.4600067138672,142.4600067138672,140.1699981689453,141.6300048828125
2019-07-19,142.24000549316406,142.24000549316406,139.74000549316406,139.85000610351562
2019-07-22,141.25,141.44000244140625,140.00999450683594,140.83999633789062
2019-07-23,141.64999389648438,142.5399932861328,140.27000427246094,141.25999450683594
2019-07-24,141.39999389648438,141.58999633789062,140.39999389648438,141.2899932861328
2019-07-25,141.39999389648438,143.22999572753906,141.0399932861328,143.2100067138672
2019-07-26,143.74000549316406,145.19000244140625,143.0500030517578,144.64999389648438
2019-07-29,145.58999633789062,147.14999389648438,145.1699981689453,146.38999938964844
2019-07-30,145.75999450683594,146.8000030517578,144.61000061035156,144.92999267578125
2019-07-31,144.99000549316406,145.0,142.33999633789062,143.00999450683594
2019-08-01,143.33999633789062,144.52999877929688,141.25999450683594,141.85000610351562
2019-08-02,140.99000549316406,142.22000122070312,139.94000244140625,141.7100067138672
2019-08-05,139.13999938964844,140.22999572753906,137.02999877929688,138.3000030517578
2019-08-06,140.41000366210938,141.9499969482422,138.3699951171875,141.8699951171875
2019-08-07,134.92999267578125,135.8699951171875,132.25999450683594,134.86000061035156
2019-08-08,137.89999389648438,138.0,136.00999450683594,137.88999938964844
2019-08-09,137.10000610351562,139.24000549316406,136.75999450683594,138.52000427246094
2019-08-12,137.30999755859375,137.57000732421875,135.22999572753906,135.75
2019-08-13,135.0,137.9199981689453,135.0,137.00999450683594
2019-08-14,135.05999755859375,135.14999389648438,132.67999267578125,132.85000610351562
2019-08-15,133.5,134.27999877929688,132.47000122070312,133.41000366210938
2019-08-16,134.02000427246094,135.5,133.8300018310547,135.1999969482422
2019-08-19,136.7899932861328,137.6199951171875,134.27999877929688,135.2899932861328
2019-08-20,133.3300018310547,136.0399932861328,133.25999450683594,135.1300048828125
2019-08-21,134.61000061035156,136.05999755859375,134.0500030517578,135.75999450683594
2019-08-22,136.1999969482422,136.6699981689453,134.69000244140625,136.0800018310547
2019-08-23,135.50999450683594,136.44000244140625,131.02000427246094,131.6699981689453
2019-08-26,134.19000244140625,134.63999938964844,132.5500030517578,134.61000061035156
2019-08-27,135.77000427246094,135.99000549316406,134.19000244140625,134.49000549316406
2019-08-28,134.05999755859375,136.72999572753906,133.52000427246094,136.5500030517578
2019-08-29,138.1199951171875,138.67999267578125,137.4199981689453,137.83999633789062
2019-08-30,138.2899932861328,138.5,136.75999450683594,137.25999450683594
2019-09-03,136.3699951171875,136.4199981689453,135.05999755859375,136.30999755859375
2019-09-04,136.74000549316406,138.1999969482422,136.38999938964844,137.88999938964844
2019-09-05,138.9199981689453,139.27000427246094,138.32000732421875,138.83999633789062
2019-09-06,139.1300048828125,139.80999755859375,138.25,139.5500030517578
2019-09-09,139.5800018310547,140.0800018310547,138.47999572753906,138.8300018310547
2019-09-10,138.1199951171875,138.44000244140625,134.5800018310547,135.7899932861328
2019-09-11,135.55999755859375,136.24000549316406,134.92999267578125,136.19000244140625
2019-09-12,136.83999633789062,138.6699981689453,136.5399932861328,137.5
2019-09-13,137.85000610351562,138.22000122070312,137.11000061035156,138.02000427246094
2019-09-16,136.2899932861328,137.24000549316406,135.3000030517578,135.8000030517578
2019-09-17,135.8000030517578,136.72999572753906,135.6699981689453,136.30999755859375
2019-09-18,136.41000366210938,137.07000732421875,135.72000122070312,136.8000030517578
2019-09-19,137.0,137.36000061035156,133.0,133.3000030517578
2019-09-20,133.02999877929688,133.22999572753906,131.61000061035156,132.27000427246094
2019-09-23,131.99000549316406,132.88999938964844,131.88999938964844,132.4600067138672
2019-09-24,134.00999450683594,134.14999389648438,131.5,131.97000122070312
2019-09-25,131.7899932861328,133.4199981689453,131.22000122070312,133.08999633789062
2019-09-26,133.13999938964844,133.3000030517578,129.05999755859375,131.27000427246094
2019-09-27,130.10000610351562,131.0,128.9199981689453,129.9600067138672
2019-09-30,130.35000610351562,130.86000061035156,129.82000732421875,130.32000732421875
2019-10-01,130.8000030517578,131.77999877929688,129.50999450683594,129.5500030517578
2019-10-02,128.50999450683594,129.22000122070312,127.56999969482422,129.13999938964844
2019-10-03,128.60000610351562,129.42999267578125,127.54000091552734,128.14999389648438
2019-10-04,128.69000244140625,130.44000244140625,128.61000061035156,130.27000427246094
2019-10-07,130.27000427246094,131.57000732421875,129.0399932861328,130.89999389648438
2019-10-08,129.89999389648438,130.0399932861328,128.3699951171875,128.47000122070312
2019-10-09,129.10000610351562,129.85000610351562,128.05999755859375,129.3300018310547
2019-10-10,129.22000122070312,130.13999938964844,128.8800048828125,129.33999633789062
2019-10-11,130.3000030517578,130.99000549316406,129.83999633789062,130.02000427246094
2019-10-14,130.1300048828125,130.3000030517578,129.47999572753906,129.6999969482422
2019-10-15,130.00999450683594,130.88999938964844,129.39999389648438,129.75999450683594
2019-10-16,129.75999450683594,131.8300018310547,129.6999969482422,130.86000061035156
2019-10-17,132.52999877929688,133.44000244140625,130.50999450683594,132.3699951171875
2019-10-18,132.3699951171875,133.16000366210938,130.88999938964844,130.88999938964844
2019-10-21,131.44000244140625,131.72999572753906,130.02000427246094,130.25999450683594
2019-10-22,133.14999389648438,133.67999267578125,132.10000610351562,132.39999389648438
2019-10-23,132.4499969482422,132.67999267578125,130.75999450683594,131.1300048828125
2019-10-24,131.52000427246094,131.6999969482422,129.6300048828125,130.25999450683594
2019-10-25,130.5,131.75999450683594,130.02999877929688,130.89999389648438
2019-10-28,131.4499969482422,132.0800018310547,130.13999938964844,130.52999877929688
2019-10-29,130.5,130.77000427246094,129.44000244140625,129.47999572753906
2019-10-30,129.69000244140625,130.30999755859375,129.14999389648438,129.60000610351562
2019-10-31,129.52999877929688,130.14999389648438,128.75,129.9199981689453
2019-11-01,130.99000549316406,132.8000030517578,130.50999450683594,132.75
2019-11-04,134.1199951171875,134.13999938964844,132.47000122070312,132.9199981689453
2019-11-05,132.77000427246094,132.77000427246094,130.88999938964844,131.4499969482422
2019-11-06,131.60000610351562,131.66000366210938,130.66000366210938,131.27000427246094
2019-11-07,132.35000610351562,133.6999969482422,131.75,132.9600067138672
2019-11-08,140.22000122070312,140.25,136.74000549316406,137.9600067138672
2019-11-11,137.5,138.55999755859375,136.2100067138672,136.74000549316406
2019-11-12,138.02999877929688,139.33999633789062,136.74000549316406,138.5800018310547
2019-11-13,138.5800018310547,149.9199981689453,136.83999633789062,148.72000122070312
2019-11-14,148.0,150.6300048828125,146.27999877929688,147.14999389648438
2019-11-15,147.13999938964844,147.1999969482422,144.2100067138672,144.6699981689453
2019-11-18,144.75,149.0399932861328,143.69000244140625,147.64999389648438
2019-11-19,148.17999267578125,149.47999572753906,146.8000030517578,148.3800048828125
2019-11-20,148.08999633789062,148.99000549316406,146.02999877929688,146.92999267578125
2019-11-21,147.16000366210938,147.47000122070312,146.25999450683594,146.89999389648438
2019-11-22,147.2100067138672,149.44000244140625,146.67999267578125,148.2899932861328
2019-11-25,148.8000030517578,150.2100067138672,147.6999969482422,149.69000244140625
2019-11-26,151.75,153.41000366210938,150.61000061035156,151.63999938964844
2019-11-27,152.3000030517578,152.57000732421875,151.14999389648438,151.47999572753906
2019-11-29,151.47999572753906,152.47000122070312,151.00999450683594,151.5800018310547
2019-12-02,152.94000244140625,152.97000122070312,149.10000610351562,150.6199951171875
2019-12-03,147.74000549316406,149.11000061035156,146.8699951171875,148.5800018310547
2019-12-04,149.3000030517578,149.3300018310547,148.17999267578125,148.27999877929688
2019-12-05,148.69000244140625,148.8300018310547,147.10000610351562,147.44000244140625
2019-12-06,148.39999389648438,148.61000061035156,147.17999267578125,147.66000366210938
2019-12-09,147.9600067138672,148.50999450683594,145.39999389648438,146.2100067138672
2019-12-10,145.25999450683594,146.85000610351562,145.0500030517578,146.10000610351562
2019-12-11,147.38999938964844,147.88999938964844,146.75999450683594,147.58999633789062
2019-12-12,147.9199981689453,148.92999267578125,147.25,147.75999450683594
2019-12-13,147.42999267578125,147.8000030517578,146.30999755859375,146.3800048828125
2019-12-16,147.58999633789062,148.64999389648438,146.5500030517578,148.4600067138672
2019-12-17,148.10000610351562,148.4600067138672,147.6199951171875,147.72999572753906
2019-12-18,147.77000427246094,147.9499969482422,146.19000244140625,146.25999450683594
2019-12-19,146.17999267578125,146.8000030517578,145.32000732421875,146.14999389648438
2019-12-20,147.14999389648438,147.8800048828125,145.77000427246094,146.8800048828125
2019-12-23,145.91000366210938,146.3300018310547,144.3300018310547,144.67999267578125
2019-12-24,144.5800018310547,145.42999267578125,144.4499969482422,145.2899932861328
2019-12-26,145.39999389648438,145.86000061035156,145.1699981689453,145.6999969482422
2019-12-27,146.0500030517578,146.50999450683594,145.4499969482422,145.75
2019-12-30,145.75,145.8699951171875,143.39999389648438,143.77000427246094
2019-12-31,143.6699981689453,144.77000427246094,143.25999450683594,144.6300048828125
2020-01-02,145.2899932861328,148.1999969482422,145.10000610351562,148.1999969482422
2020-01-03,146.39999389648438,147.89999389648438,146.0500030517578,146.5
2020-01-06,145.5399932861328,146.02999877929688,144.30999755859375,145.64999389648438
2020-01-07,145.99000549316406,146.8699951171875,145.4199981689453,145.6999969482422
2020-01-08,145.49000549316406,146.1300048828125,144.82000732421875,145.39999389648438
2020-01-09,146.47000122070312,146.6300048828125,144.61000061035156,144.8300018310547
2020-01-10,145.3000030517578,145.5,144.25999450683594,144.6199951171875
2020-01-13,144.75,144.75,143.36000061035156,143.8800048828125
2020-01-14,143.41000366210938,146.72000122070312,142.2899932861328,145.1999969482422
2020-01-15,145.7100067138672,145.7100067138672,143.92999267578125,144.32000732421875
2020-01-16,145.08999633789062,145.42999267578125,144.44000244140625,145.1199951171875
2020-01-17,145.5399932861328,145.63999938964844,144.00999450683594,144.3300018310547
2020-01-21,144.24000549316406,144.58999633789062,143.00999450683594,143.55999755859375
2020-01-22,144.4499969482422,144.7899932861328,143.5399932861328,144.00999450683594
2020-01-23,143.60000610351562,143.61000061035156,140.64999389648438,142.1999969482422
2020-01-24,141.39999389648438,142.25,139.1999969482422,140.0800018310547
2020-01-27,135.86000061035156,137.72999572753906,135.0,135.89999389648438
2020-01-28,136.5,138.92999267578125,135.86000061035156,138.3699951171875
2020-01-29,138.60000610351562,138.67999267578125,135.7899932861328,136.05999755859375
2020-01-30,135.08999633789062,137.85000610351562,134.8300018310547,137.80999755859375
2020-01-31,138.39999389648438,138.6699981689453,137.05999755859375,138.30999755859375
2020-02-03,139.7899932861328,141.82000732421875,139.75,141.32000732421875
2020-02-04,145.49000549316406,145.58999633789062,143.25,144.72999572753906
2020-02-05,146.60000610351562,147.3000030517578,138.57000732421875,141.3699951171875
2020-02-06,141.9199981689453,143.9499969482422,141.22000122070312,142.6999969482422
2020-02-07,141.88999938964844,141.99000549316406,140.1199951171875,141.02000427246094
2020-02-10,141.02999877929688,142.58999633789062,140.4600067138672,142.58999633789062
2020-02-11,142.85000610351562,142.99000549316406,140.4600067138672,141.00999450683594
2020-02-12,141.33999633789062,142.22000122070312,140.8699951171875,141.85000610351562
2020-02-13,141.1699981689453,141.89999389648438,140.82000732421875,140.89999389648438
2020-02-14,141.10000610351562,141.27999877929688,139.1300048828125,139.5399932861328
2020-02-18,139.02000427246094,139.66000366210938,138.10000610351562,139.13999938964844
2020-02-19,139.6300048828125,141.8699951171875,139.22999572753906,141.3000030517578
2020-02-20,141.6300048828125,141.6300048828125,138.85000610351562,140.3699951171875
2020-02-21,139.86000061035156,139.8800048828125,138.5800018310547,138.97000122070312
2020-02-24,132.89999389648438,134.44000244140625,131.2100067138672,133.00999450683594
2020-02-25,133.75,133.94000244140625,127.9800033569336,128.19000244140625
2020-02-26,126.12000274658203,128.3699951171875,122.12999725341797,123.36000061035156
2020-02-27,119.80999755859375,122.9000015258789,117.91999816894531,118.04000091552734
2020-02-28,114.51000213623047,118.30999755859375,113.20999908447266,117.6500015258789
2020-03-02,119.12999725341797,119.9800033569336,116.02999877929688,119.9800033569336
2020-03-03,121.1500015258789,121.77999877929688,115.1500015258789,116.44999694824219
2020-03-04,118.95999908447266,119.23999786376953,115.4800033569336,119.18000030517578
2020-03-05,116.86000061035156,116.95999908447266,112.11000061035156,113.9800033569336
2020-03-06,110.76000213623047,115.87000274658203,110.31999969482422,115.2699966430664
2020-03-09,108.69000244140625,110.43000030517578,104.27999877929688,104.3499984741211
2020-03-10,108.0999984741211,111.58000183105469,102.43000030517578,111.45999908447266
2020-03-11,108.41999816894531,108.9000015258789,102.86000061035156,105.51000213623047
2020-03-12,97.62000274658203,100.0,91.63999938964844,91.80999755859375
2020-03-13,100.77999877929688,102.87000274658203,92.25,102.5199966430664
2020-03-16,91.80000305175781,98.27999877929688,90.0,95.01000213623047
2020-03-17,95.80000305175781,97.45999908447266,91.1500015258789,93.52999877929688
2020-03-18,87.58999633789062,89.33999633789062,79.06999969482422,88.80000305175781
2020-03-19,88.0,97.4000015258789,85.11000061035156,94.93000030517578
2020-03-20,95.98999786376953,96.98999786376953,85.83999633789062,85.9800033569336
2020-03-23,84.48999786376953,87.27999877929688,81.08999633789062,85.76000213623047
2020-03-24,92.33000183105469,99.16999816894531,91.80000305175781,98.12000274658203
2020-03-25,100.66000366210938,105.91999816894531,95.51000213623047,100.7300033569336
2020-03-26,100.83000183105469,107.7300033569336,100.80000305175781,105.36000061035156
2020-03-27,100.44999694824219,101.48999786376953,95.54000091552734,96.4000015258789
2020-03-30,96.0,100.45999908447266,92.0999984741211,99.80000305175781
2020-03-31,100.22000122070312,103.16000366210938,96.16000366210938,96.5999984741211
2020-04-01,93.5,97.4000015258789,92.55999755859375,94.91999816894531
2020-04-02,94.19999694824219,97.26000213623047,94.19999694824219,96.97000122070312
2020-04-03,96.30999755859375,96.91999816894531,92.70999908447266,93.87999725341797
2020-04-06,97.26000213623047,100.19000244140625,94.5199966430664,99.58000183105469
2020-04-07,104.86000061035156,105.88999938964844,100.25,101.23999786376953
2020-04-08,100.52999877929688,102.3499984741211,98.6500015258789,101.06999969482422
2020-04-09,107.91999816894531,107.98999786376953,103.52999877929688,104.5
2020-04-13,104.70999908447266,104.87000274658203,99.61000061035156,103.5
2020-04-14,105.5,107.63999938964844,103.9000015258789,106.02999877929688
2020-04-15,104.38999938964844,104.87999725341797,102.69999694824219,103.37000274658203
2020-04-16,103.52999877929688,103.72000122070312,100.88999938964844,102.0199966430664
2020-04-17,106.20999908447266,106.79000091552734,104.3499984741211,106.62999725341797
2020-04-20,103.58000183105469,104.86000061035156,102.0,102.26000213623047
2020-04-21,100.01000213623047,101.51000213623047,99.12999725341797,100.54000091552734
2020-04-22,101.80000305175781,102.62999725341797,100.88999938964844,100.98999786376953
2020-04-23,100.6500015258789,102.52999877929688,99.45999908447266,101.0
2020-04-24,101.77999877929688,101.91999816894531,99.5199966430664,101.19000244140625
2020-04-27,102.0,106.5199966430664,101.61000061035156,106.05999755859375
2020-04-28,108.79000091552734,110.05999755859375,105.9800033569336,106.20999908447266
2020-04-29,109.94000244140625,112.69999694824219,108.55999755859375,112.25
2020-04-30,109.44000244140625,110.30999755859375,106.86000061035156,108.1500015258789
2020-05-01,106.36000061035156,106.91000366210938,104.47000122070312,105.5
2020-05-04,102.01000213623047,103.83000183105469,100.55000305175781,103.18000030517578
2020-05-05,101.51000213623047,105.18000030517578,100.9000015258789,101.05999755859375
2020-05-06,101.4800033569336,105.2699966430664,98.86000061035156,100.87999725341797
2020-05-07,101.8499984741211,105.61000061035156,101.83000183105469,105.56999969482422
2020-05-08,109.05000305175781,109.18000030517578,106.62999725341797,109.16000366210938
2020-05-11,108.4000015258789,108.80999755859375,106.41000366210938,107.7699966430664
2020-05-12,109.05999755859375,109.44000244140625,104.48999786376953,104.55999755859375
2020-05-13,104.5,104.54000091552734,101.5999984741211,102.91999816894531
2020-05-14,101.9800033569336,105.91999816894531,99.66000366210938,105.91000366210938
2020-05-15,104.9800033569336,109.37999725341797,104.2699966430664,109.05000305175781
2020-05-18,114.47000122070312,119.77999877929688,114.47000122070312,116.8499984741211
2020-05-19,115.0999984741211,116.47000122070312,113.41999816894531,114.37000274658203
2020-05-20,116.41999816894531,120.87000274658203,116.04000091552734,119.91999816894531
2020-05-21,119.33999633789062,120.30000305175781,116.5,117.83000183105469
2020-05-22,117.5,118.56999969482422,116.83000183105469,118.0199966430664
2020-05-26,121.05000305175781,122.51000213623047,120.43000030517578,120.94999694824219
2020-05-27,123.68000030517578,123.77999877929688,119.70999908447266,121.52999877929688
2020-05-28,121.5999984741211,121.9800033569336,116.0,116.75
2020-05-29,116.19000244140625,117.75,114.12000274658203,117.30000305175781
2020-06-01,117.26000213623047,119.6500015258789,116.93000030517578,118.7699966430664
2020-06-02,119.0,119.8499984741211,117.83000183105469,118.75
2020-06-03,119.98999786376953,122.44999694824219,119.31999969482422,122.18000030517578
2020-06-04,121.94999694824219,124.5,121.8499984741211,123.69000244140625
2020-06-05,126.30999755859375,127.81999969482422,124.27999877929688,124.81999969482422
2020-06-08,125.0999984741211,127.44000244140625,123.94000244140625,127.27999877929688
2020-06-09,125.62999725341797,125.79000091552734,123.51000213623047,123.88999938964844
2020-06-10,124.0199966430664,124.0999984741211,120.93000030517578,122.18000030517578
2020-06-11,117.5999984741211,118.0,112.25,112.63999938964844
2020-06-12,115.16999816894531,117.0,112.88999938964844,115.48999786376953
2020-06-15,112.08000183105469,118.12000274658203,111.70999908447266,117.08000183105469
2020-06-16,121.23999786376953,121.5,116.05000305175781,118.44000244140625
2020-06-17,118.63999938964844,119.2300033569336,117.13999938964844,117.6500015258789
2020-06-18,116.87999725341797,118.52999877929688,115.93000030517578,118.37000274658203
2020-06-19,119.9800033569336,120.12000274658203,114.3499984741211,114.3499984741211
2020-06-22,114.19000244140625,116.19000244140625,113.11000061035156,115.91999816894531
2020-06-23,116.95999908447266,117.44999694824219,115.97000122070312,116.58999633789062
2020-06-24,115.8499984741211,116.0,110.02999877929688,112.06999969482422
2020-06-25,108.98999786376953,111.51000213623047,108.5,111.36000061035156
2020-06-26,110.94999694824219,111.19999694824219,108.0199966430664,109.0999984741211
2020-06-29,109.0,111.56999969482422,108.0999984741211,111.5199966430664
2020-06-30,111.5,112.05000305175781,109.93000030517578,111.51000213623047
2020-07-01,112.81999969482422,115.5999984741211,112.29000091552734,113.01000213623047
2020-07-02,115.0,115.0999984741211,112.0,112.18000030517578
2020-07-06,113.83000183105469,114.52999877929688,112.9000015258789,114.43000030517578
2020-07-07,113.62999725341797,115.08000183105469,112.61000061035156,113.62999725341797
2020-07-08,113.4800033569336,117.12999725341797,112.80999755859375,116.66000366210938
2020-07-09,116.51000213623047,117.8499984741211,115.37999725341797,116.80999755859375
2020-07-10,116.83000183105469,119.44000244140625,116.20999908447266,119.33999633789062
2020-07-13,119.94000244140625,120.12999725341797,115.88999938964844,116.22000122070312
2020-07-14,115.2300033569336,119.08000183105469,114.54000091552734,118.66000366210938
2020-07-15,121.62999725341797,122.08999633789062,119.69999694824219,120.9000015258789
2020-07-16,117.72000122070312,119.98999786376953,117.5999984741211,119.43000030517578
2020-07-17,118.9000015258789,119.55999755859375,117.05999755859375,118.6500015258789
2020-07-20,118.05000305175781,118.48999786376953,116.81999969482422,117.79000091552734
2020-07-21,118.05000305175781,120.38999938964844,117.66000366210938,118.62000274658203
2020-07-22,118.19000244140625,119.30000305175781,117.93000030517578,119.02999877929688
2020-07-23,118.86000061035156,119.3499984741211,117.01000213623047,118.12000274658203
2020-07-24,115.69999694824219,118.20999908447266,115.52999877929688,117.61000061035156
2020-07-27,117.19999694824219,117.41999816894531,115.68000030517578,116.30999755859375
2020-07-28,115.45999908447266,116.83999633789062,114.68000030517578,116.18000030517578
2020-07-29,116.22000122070312,116.70999908447266,115.11000061035156,115.61000061035156
2020-07-30,114.91000366210938,116.29000091552734,113.37000274658203,115.66000366210938
2020-07-31,115.22000122070312,117.05000305175781,114.12000274658203,116.94000244140625
2020-08-03,116.16999816894531,117.12000274658203,115.3499984741211,116.3499984741211
2020-08-04,115.95999908447266,118.3499984741211,115.76000213623047,117.29000091552734
2020-08-05,123.37000274658203,130.30999755859375,123.27999877929688,127.61000061035156
2020-08-06,126.95999908447266,131.6300048828125,125.61000061035156,130.82000732421875
2020-08-07,130.22000122070312,131.94000244140625,128.66000366210938,129.92999267578125
2020-08-10,129.75,131.32000732421875,128.49000549316406,128.7899932861328
2020-08-11,130.52999877929688,132.75999450683594,130.0,130.49000549316406
2020-08-12,130.6699981689453,133.0,130.49000549316406,131.7899932861328
2020-08-13,130.63999938964844,132.35000610351562,130.4499969482422,130.9600067138672
2020-08-14,130.00999450683594,131.0800018310547,129.74000549316406,130.52999877929688
2020-08-17,130.10000610351562,130.13999938964844,128.5399932861328,129.3699951171875
2020-08-18,129.44000244140625,129.58999633789062,128.36000061035156,128.9199981689453
2020-08-19,129.25,130.22000122070312,127.43000030517578,127.7699966430664
2020-08-20,126.80000305175781,128.4499969482422,126.52999877929688,128.1199951171875
2020-08-21,127.72000122070312,128.30999755859375,127.2300033569336,127.44000244140625
2020-08-24,128.14999389648438,130.8800048828125,127.93000030517578,130.69000244140625
2020-08-25,130.8300018310547,131.08999633789062,129.30999755859375,129.7899932861328
2020-08-26,130.0,132.60000610351562,129.52000427246094,132.17999267578125
2020-08-27,133.0,136.36000061035156,132.82000732421875,133.72999572753906
2020-08-28,134.5,136.8000030517578,133.5800018310547,135.5399932861328
2020-08-31,135.25,135.5399932861328,131.25,131.8699951171875
2020-09-01,131.9199981689453,133.61000061035156,130.88999938964844,133.5500030517578
2020-09-02,133.6300048828125,135.9199981689453,133.25999450683594,135.38999938964844
2020-09-03,135.24000549316406,137.24000549316406,132.02000427246094,133.24000549316406
2020-09-04,133.75,134.8800048828125,129.4199981689453,131.99000549316406
2020-09-08,131.99000549316406,137.13999938964844,130.86000061035156,134.1999969482422
2020-09-09,134.27999877929688,135.5500030517578,132.25999450683594,133.36000061035156
2020-09-10,133.5800018310547,136.75,132.74000549316406,133.22000122070312
2020-09-11,133.74000549316406,133.74000549316406,131.08999633789062,131.75
2020-09-14,132.52999877929688,132.92999267578125,130.89999389648438,131.25
2020-09-15,131.4600067138672,132.5399932861328,131.00999450683594,131.24000549316406
2020-09-16,132.1699981689453,133.6199951171875,131.39999389648438,132.08999633789062
2020-09-17,130.5500030517578,131.77000427246094,128.60000610351562,130.22000122070312
2020-09-18,129.5,130.7899932861328,128.1199951171875,128.6300048828125
2020-09-21,125.9800033569336,126.88999938964844,123.58999633789062,125.41000366210938
2020-09-22,125.26000213623047,127.47000122070312,124.69999694824219,127.20999908447266
2020-09-23,127.06999969482422,127.30000305175781,122.9000015258789,123.27999877929688
2020-09-24,121.93000030517578,123.80000305175781,120.77999877929688,122.48999786376953
2020-09-25,121.36000061035156,124.19000244140625,120.9800033569336,124.0
2020-09-28,125.75,126.86000061035156,125.37000274658203,125.98999786376953
2020-09-29,125.91999816894531,126.29000091552734,123.68000030517578,125.4000015258789
2020-09-30,123.23999786376953,125.55000305175781,123.23999786376953,124.08000183105469
2020-10-01,124.94000244140625,125.47000122070312,122.41999816894531,123.30999755859375
2020-10-02,121.98999786376953,123.68000030517578,121.69000244140625,122.55000305175781
2020-10-05,123.26000213623047,123.5999984741211,122.33000183105469,123.37000274658203
2020-10-06,123.12999725341797,124.19000244140625,120.61000061035156,120.93000030517578
2020-10-07,121.94999694824219,123.30999755859375,120.93000030517578,122.91000366210938
2020-10-08,123.58000183105469,123.75,122.41999816894531,123.08999633789062
2020-10-09,123.8499984741211,125.55000305175781,123.33000183105469,124.9800033569336
2020-10-12,124.9000015258789,125.94000244140625,123.7300033569336,124.97000122070312
2020-10-13,129.8000030517578,131.36000061035156,127.9000015258789,128.9600067138672
2020-10-14,129.13999938964844,129.5,125.29000091552734,126.58999633789062
2020-10-15,125.0,127.4000015258789,124.43000030517578,127.36000061035156
2020-10-16,127.80999755859375,128.1199951171875,126.33000183105469,126.80999755859375
2020-10-19,127.37000274658203,127.4000015258789,123.70999908447266,124.2300033569336
2020-10-20,124.58000183105469,125.7300033569336,123.63999938964844,124.94999694824219
2020-10-21,124.36000061035156,127.55999755859375,123.83999633789062,126.62999725341797
2020-10-22,126.66999816894531,128.10000610351562,125.97000122070312,127.55999755859375
2020-10-23,128.10000610351562,128.5,126.3499984741211,128.35000610351562
2020-10-26,127.11000061035156,127.11000061035156,122.94999694824219,124.05999755859375
2020-10-27,124.02999877929688,124.61000061035156,123.02999877929688,123.30999755859375
2020-10-28,121.01000213623047,121.52999877929688,118.31999969482422,118.47000122070312
2020-10-29,118.16000366210938,122.62999725341797,117.2300033569336,121.54000091552734
2020-10-30,120.63999938964844,121.75,119.08999633789062,121.25
2020-11-02,122.23999786376953,122.93000030517578,119.80999755859375,120.12999725341797
2020-11-03,121.61000061035156,125.06999969482422,121.37000274658203,124.0199966430664
2020-11-04,123.58000183105469,126.86000061035156,123.41000366210938,125.06999969482422
2020-11-05,126.77999877929688,128.6199951171875,125.80000305175781,126.95999908447266
2020-11-06,126.26000213623047,128.0399932861328,124.61000061035156,127.45999908447266
2020-11-09,140.25999450683594,147.67999267578125,138.07000732421875,142.58999633789062
2020-11-10,139.97000122070312,142.3699951171875,137.6699981689453,142.11000061035156
2020-11-11,141.47000122070312,142.0,136.6199951171875,137.82000732421875
2020-11-12,136.33999633789062,138.49000549316406,134.10000610351562,135.52000427246094
2020-11-13,140.89999389648438,141.19000244140625,136.52000427246094,138.36000061035156
2020-11-16,141.57000732421875,144.74000549316406,141.57000732421875,144.6699981689453
2020-11-17,144.39999389648438,144.8300018310547,142.55999755859375,144.5
2020-11-18,144.5,145.47999572753906,143.35000610351562,143.89999389648438
2020-11-19,142.57000732421875,143.3000030517578,141.6999969482422,141.72000122070312
2020-11-20,141.7100067138672,142.61000061035156,140.86000061035156,141.07000732421875
2020-11-23,142.4499969482422,147.75,141.6999969482422,145.97999572753906
2020-11-24,148.16000366210938,151.86000061035156,147.85000610351562,151.49000549316406
2020-11-25,150.27000427246094,150.27000427246094,147.24000549316406,149.08999633789062
2020-11-27,149.0,150.35000610351562,146.52999877929688,147.1300048828125
2020-11-30,147.05999755859375,148.69000244140625,146.2899932861328,148.00999450683594
2020-12-01,149.57000732421875,151.39999389648438,149.0,149.44000244140625
2020-12-02,149.49000549316406,154.00999450683594,148.33999633789062,153.61000061035156
2020-12-03,153.4499969482422,154.44000244140625,152.1300048828125,153.24000549316406
2020-12-04,153.69000244140625,154.67999267578125,152.80999755859375,154.13999938964844
2020-12-07,153.17999267578125,153.8800048828125,152.25999450683594,153.67999267578125
2020-12-08,152.4199981689453,154.8800048828125,152.25,153.72000122070312
2020-12-09,156.2899932861328,157.4600067138672,153.88999938964844,154.42999267578125
2020-12-10,153.32000732421875,155.33999633789062,152.5,154.69000244140625
2020-12-11,169.67999267578125,179.4499969482422,165.3300018310547,175.72000122070312
2020-12-14,173.8000030517578,177.3000030517578,168.80999755859375,169.3000030517578
2020-12-15,170.49000549316406,174.47000122070312,167.82000732421875,173.94000244140625
2020-12-16,173.99000549316406,174.85000610351562,171.6199951171875,173.1199951171875
2020-12-17,173.82000732421875,174.83999633789062,171.9600067138672,173.5500030517578
2020-12-18,173.60000610351562,175.83999633789062,172.27999877929688,172.88999938964844
2020-12-21,170.08999633789062,171.94000244140625,168.19000244140625,170.69000244140625
2020-12-22,170.0,171.4499969482422,169.16000366210938,170.4499969482422
2020-12-23,172.9600067138672,175.9499969482422,172.3000030517578,173.5500030517578
2020-12-24,173.99000549316406,174.5800018310547,172.3800048828125,173.72999572753906
2020-12-28,175.75,179.9199981689453,175.0500030517578,178.86000061035156
2020-12-29,180.00999450683594,180.1999969482422,176.22000122070312,177.3000030517578
2020-12-30,178.5,183.39999389648438,178.3699951171875,181.1699981689453
2020-12-31,181.22000122070312,183.39999389648438,180.27000427246094,181.17999267578125
2021-01-04,182.25999450683594,182.58999633789062,174.72999572753906,177.67999267578125
2021-01-05,176.1999969482422,180.33999633789062,176.1999969482422,178.44000244140625
2021-01-06,178.32000732421875,181.61000061035156,177.27999877929688,179.1199951171875
2021-01-07,179.5,179.9499969482422,177.5800018310547,178.5800018310547
2021-01-08,178.80999755859375,180.02000427246094,176.60000610351562,178.69000244140625
2021-01-11,177.75,181.25999450683594,177.35000610351562,179.08999633789062
2021-01-12,177.3000030517578,178.32000732421875,174.86000061035156,175.99000549316406
2021-01-13,174.39999389648438,177.72999572753906,173.74000549316406,176.1199951171875
2021-01-14,177.00999450683594,178.35000610351562,173.39999389648438,173.42999267578125
2021-01-15,172.9499969482422,174.19000244140625,170.1699981689453,171.44000244140625
2021-01-19,172.10000610351562,173.7100067138672,171.44000244140625,172.25999450683594
2021-01-20,175.22000122070312,177.8800048828125,173.0,173.63999938964844
2021-01-21,173.24000549316406,175.0,171.02000427246094,171.27999877929688
2021-01-22,174.0,175.25,171.88999938964844,172.77999877929688
2021-01-25,171.88999938964844,173.11000061035156,168.77000427246094,171.88999938964844
2021-01-26,173.0,173.35000610351562,169.0500030517578,169.55999755859375
2021-01-27,165.00999450683594,166.33999633789062,160.52000427246094,163.02999877929688
2021-01-28,166.1699981689453,172.8800048828125,165.9499969482422,171.8800048828125
2021-01-29,168.8000030517578,169.80999755859375,165.7899932861328,168.1699981689453
2021-02-01,170.83999633789062,171.72999572753906,168.02999877929688,170.97000122070312
2021-02-02,173.77000427246094,179.75999450683594,172.8000030517578,176.9600067138672
2021-02-03,177.0,178.42999267578125,175.75999450683594,176.42999267578125
2021-02-04,177.58999633789062,181.3800048828125,176.49000549316406,180.22999572753906
2021-02-05,181.7100067138672,182.32000732421875,179.3300018310547,181.16000366210938
2021-02-08,183.85000610351562,190.63999938964844,183.3000030517578,190.0
2021-02-09,188.1699981689453,189.25,186.0399932861328,188.2100067138672
2021-02-10,189.97999572753906,190.6999969482422,185.80999755859375,189.6300048828125
2021-02-11,189.17999267578125,191.25,188.07000732421875,190.91000366210938
2021-02-12,193.0,193.85000610351562,186.55999755859375,187.6699981689453
2021-02-16,187.3000030517578,188.44000244140625,184.86000061035156,186.35000610351562
2021-02-17,185.36000061035156,187.6300048828125,182.16000366210938,186.44000244140625
2021-02-18,184.7899932861328,186.39999389648438,182.83999633789062,183.0
2021-02-19,184.27000427246094,184.77999877929688,182.7899932861328,183.64999389648438
2021-02-22,181.74000549316406,194.02000427246094,181.52999877929688,191.75999450683594
2021-02-23,193.58999633789062,198.94000244140625,188.66000366210938,197.08999633789062
2021-02-24,197.5800018310547,200.60000610351562,195.3300018310547,197.50999450683594
2021-02-25,197.72999572753906,197.9600067138672,190.3800048828125,190.97999572753906
2021-02-26,190.07000732421875,191.61000061035156,185.4499969482422,189.0399932861328
2021-03-01,193.22999572753906,196.89999389648438,191.38999938964844,194.97999572753906
2021-03-02,196.10000610351562,197.9600067138672,193.49000549316406,193.94000244140625
2021-03-03,194.6300048828125,196.80999755859375,192.2100067138672,192.25999450683594
2021-03-04,189.89999389648438,192.47999572753906,184.1199951171875,188.02999877929688
2021-03-05,189.14999389648438,190.57000732421875,183.33999633789062,189.99000549316406
2021-03-08,197.30999755859375,203.02000427246094,193.7899932861328,201.91000366210938
2021-03-09,200.19000244140625,201.6999969482422,194.3699951171875,194.50999450683594
2021-03-10,197.30999755859375,198.8000030517578,194.67999267578125,195.05999755859375
2021-03-11,197.3800048828125,199.0500030517578,195.39999389648438,196.75
2021-03-12,196.52999877929688,198.41000366210938,195.17999267578125,197.16000366210938
2021-03-15,198.5399932861328,198.5399932861328,194.80999755859375,196.75999450683594
2021-03-16,196.10000610351562,196.58999633789062,192.8800048828125,194.24000549316406
2021-03-17,193.44000244140625,196.19000244140625,191.77999877929688,195.24000549316406
2021-03-18,194.9499969482422,195.0800018310547,191.74000549316406,192.27999877929688
2021-03-19,190.9199981689453,194.0,189.75999450683594,191.13999938964844
2021-03-22,193.25999450683594,196.3300018310547,192.0,192.86000061035156
2021-03-23,191.58999633789062,192.33999633789062,187.97000122070312,188.72999572753906
2021-03-24,190.05999755859375,190.5,184.63999938964844,184.72000122070312
2021-03-25,181.85000610351562,187.7100067138672,181.00999450683594,186.91000366210938
2021-03-26,188.8300018310547,188.97999572753906,182.57000732421875,185.9199981689453
2021-03-29,185.24000549316406,185.94000244140625,183.14999389648438,184.85000610351562
2021-03-30,183.8300018310547,186.32000732421875,183.55999755859375,185.52999877929688
2021-03-31,185.8300018310547,186.89999389648438,184.4199981689453,184.52000427246094
2021-04-01,186.42999267578125,189.10000610351562,185.58999633789062,188.97000122070312
2021-04-05,191.47000122070312,191.6699981689453,188.08999633789062,188.5
2021-04-06,188.5,191.27999877929688,187.8699951171875,189.72999572753906
2021-04-07,189.8000030517578,190.3300018310547,186.9499969482422,187.55999755859375
2021-04-08,187.1999969482422,188.0500030517578,185.6300048828125,187.32000732421875
2021-04-09,188.1699981689453,188.22000122070312,186.14999389648438,187.88999938964844
2021-04-12,187.75,187.85000610351562,185.47999572753906,186.49000549316406
2021-04-13,185.58999633789062,186.44000244140625,184.60000610351562,185.49000549316406
2021-04-14,185.97000122070312,190.39999389648438,185.7100067138672,187.4600067138672
2021-04-15,188.08999633789062,188.89999389648438,185.6999969482422,185.92999267578125
2021-04-16,187.57000732421875,189.47000122070312,186.1999969482422,187.25999450683594
2021-04-19,187.50999450683594,190.3300018310547,185.64999389648438,187.42999267578125
2021-04-20,187.2899932861328,188.0800018310547,181.82000732421875,182.7899932861328
2021-04-21,181.2899932861328,183.3800048828125,178.86000061035156,183.11000061035156
2021-04-22,184.22000122070312,184.8800048828125,181.25999450683594,182.75999450683594
2021-04-23,182.35000610351562,183.89999389648438,181.9600067138672,183.02000427246094
2021-04-26,183.9600067138672,185.60000610351562,183.25999450683594,184.27000427246094
2021-04-27,184.99000549316406,185.80999755859375,184.14999389648438,184.63999938964844
2021-04-28,184.7899932861328,184.7899932861328,182.82000732421875,183.38999938964844
2021-04-29,184.8000030517578,185.5500030517578,182.75,185.3300018310547
2021-04-30,184.2899932861328,186.32000732421875,183.5399932861328,186.02000427246094
2021-05-03,187.69000244140625,189.22000122070312,185.25,185.50999450683594
2021-05-04,184.8699951171875,185.6300048828125,182.30999755859375,184.25
2021-05-05,185.00999450683594,185.00999450683594,181.36000061035156,181.50999450683594
2021-05-06,182.77999877929688,182.99000549316406,179.80999755859375,181.7899932861328
2021-05-07,182.0,185.1199951171875,181.50999450683594,184.83999633789062
2021-05-10,185.6999969482422,186.97000122070312,184.02999877929688,184.3000030517578
2021-05-11,181.8000030517578,182.25,178.42999267578125,181.6699981689453
2021-05-12,180.6999969482422,182.4600067138672,177.5800018310547,177.85000610351562
2021-05-13,178.3699951171875,180.75,175.8000030517578,178.33999633789062
2021-05-14,172.92999267578125,174.91000366210938,168.77999877929688,173.6999969482422
2021-05-17,172.6999969482422,172.99000549316406,168.57000732421875,170.0800018310547
2021-05-18,170.25999450683594,171.25999450683594,169.4499969482422,169.67999267578125
2021-05-19,167.7100067138672,169.39999389648438,167.10000610351562,169.27000427246094
2021-05-20,169.2100067138672,171.89999389648438,168.97999572753906,171.36000061035156
2021-05-21,172.22000122070312,173.1199951171875,171.52000427246094,172.39999389648438
2021-05-24,172.4499969482422,175.11000061035156,171.75,174.30999755859375
2021-05-25,175.60000610351562,177.4499969482422,175.39999389648438,176.1699981689453
2021-05-26,176.6199951171875,177.89999389648438,176.1999969482422,176.47000122070312
2021-05-27,177.1999969482422,179.58999633789062,176.7899932861328,179.0399932861328
2021-05-28,179.50999450683594,180.13999938964844,178.0800018310547,178.64999389648438
2021-06-01,180.17999267578125,181.00999450683594,178.74000549316406,178.83999633789062
2021-06-02,179.0399932861328,179.10000610351562,176.92999267578125,177.0
2021-06-03,176.27000427246094,176.97000122070312,175.4199981689453,176.24000549316406
2021-06-04,175.92999267578125,177.52000427246094,175.61000061035156,177.17999267578125
2021-06-07,177.97000122070312,178.07000732421875,176.39999389648438,176.99000549316406
2021-06-08,175.97000122070312,177.1199951171875,175.19000244140625,176.3300018310547
2021-06-09,176.30999755859375,177.3300018310547,175.8800048828125,176.0399932861328
2021-06-10,176.44000244140625,177.61000061035156,175.5500030517578,176.57000732421875
2021-06-11,177.4499969482422,178.49000549316406,176.80999755859375,177.3800048828125
2021-06-14,177.64999389648438,178.8699951171875,176.89999389648438,178.17999267578125
2021-06-15,178.17999267578125,178.6999969482422,175.6199951171875,175.86000061035156
2021-06-16,176.00999450683594,176.25999450683594,173.5500030517578,174.66000366210938
2021-06-17,174.58999633789062,176.25999450683594,173.83999633789062,174.64999389648438
2021-06-18,173.13999938964844,173.86000061035156,172.1199951171875,172.4199981689453
2021-06-21,172.1300048828125,174.25999450683594,171.30999755859375,173.97000122070312
2021-06-22,174.3699951171875,174.6999969482422,172.35000610351562,173.5
2021-06-23,173.6199951171875,175.4499969482422,172.94000244140625,175.3300018310547
2021-06-24,176.1300048828125,178.24000549316406,175.77999877929688,177.92999267578125
2021-06-25,178.8300018310547,179.08999633789062,177.49000549316406,178.35000610351562
2021-06-28,178.5,178.66000366210938,174.99000549316406,176.57000732421875
2021-06-29,176.63999938964844,177.02000427246094,173.8000030517578,173.92999267578125
2021-06-30,173.88999938964844,175.97999572753906,173.33999633789062,175.77000427246094
2021-07-01,175.35000610351562,177.60000610351562,174.60000610351562,177.25999450683594
2021-07-02,177.86000061035156,178.36000061035156,174.6199951171875,177.11000061035156
2021-07-06,176.75999450683594,177.0,172.22000122070312,173.69000244140625
2021-07-07,172.86000061035156,174.32000732421875,171.99000549316406,172.82000732421875
2021-07-08,170.17999267578125,173.75,169.80999755859375,172.8000030517578
2021-07-09,174.6999969482422,177.52000427246094,173.92999267578125,177.0399932861328
2021-07-12,177.7100067138672,184.99000549316406,177.3699951171875,184.3800048828125
2021-07-13,184.08999633789062,185.6699981689453,181.83999633789062,183.64999389648438
2021-07-14,185.1999969482422,186.2899932861328,182.0800018310547,183.4199981689453
2021-07-15,183.4499969482422,185.4199981689453,183.0500030517578,184.14999389648438
2021-07-16,184.94000244140625,185.2899932861328,178.9199981689453,179.30999755859375
2021-07-19,175.7100067138672,176.47999572753906,172.16000366210938,172.9499969482422
2021-07-20,173.6999969482422,177.50999450683594,172.8699951171875,176.75
2021-07-21,176.5,177.89999389648438,175.32000732421875,176.88999938964844
2021-07-22,176.6999969482422,176.72000122070312,173.89999389648438,175.1300048828125
2021-07-23,175.66000366210938,176.5,174.02999877929688,176.13999938964844
2021-07-26,175.6199951171875,178.77999877929688,175.33999633789062,178.74000549316406
2021-07-27,178.25,179.55999755859375,176.57000732421875,179.5
2021-07-28,179.69000244140625,180.35000610351562,177.5500030517578,179.10000610351562
2021-07-29,179.80999755859375,181.4199981689453,178.27000427246094,178.35000610351562
2021-07-30,177.52999877929688,179.1999969482422,175.13999938964844,176.02000427246094
2021-08-02,177.22000122070312,178.82000732421875,175.30999755859375,175.5500030517578
2021-08-03,176.02000427246094,176.1300048828125,170.9199981689453,172.99000549316406
2021-08-04,172.5,173.25,171.33999633789062,172.5800018310547
2021-08-05,172.49000549316406,177.1199951171875,172.49000549316406,176.7100067138672
2021-08-06,177.42999267578125,178.80999755859375,176.6300048828125,177.1300048828125
2021-08-09,177.0,177.30999755859375,175.05999755859375,176.72000122070312
2021-08-10,176.25,177.39999389648438,175.5800018310547,177.07000732421875
2021-08-11,177.36000061035156,178.49000549316406,176.50999450683594,178.08999633789062
2021-08-12,178.08999633789062,179.72000122070312,176.4499969482422,179.2899932861328
2021-08-13,186.2899932861328,187.5800018310547,180.8800048828125,181.0800018310547
2021-08-16,180.50999450683594,180.58999633789062,176.50999450683594,179.08999633789062
2021-08-17,177.14999389648438,178.4499969482422,174.9199981689453,175.8300018310547
2021-08-18,175.89999389648438,176.7899932861328,174.5,174.74000549316406
2021-08-19,174.0,174.67999267578125,172.55999755859375,173.25
2021-08-20,173.0,175.2100067138672,172.64999389648438,175.1199951171875
2021-08-23,177.0800018310547,178.30999755859375,175.91000366210938,177.66000366210938
2021-08-24,177.9199981689453,180.0800018310547,177.75999450683594,178.47000122070312
2021-08-25,178.16000366210938,178.58999633789062,176.8800048828125,178.30999755859375
2021-08-26,178.33999633789062,178.94000244140625,176.33999633789062,176.55999755859375
2021-08-27,176.27999877929688,180.5399932861328,176.27999877929688,180.13999938964844
2021-08-30,180.5,181.38999938964844,178.8699951171875,179.97999572753906
2021-08-31,179.25,182.97999572753906,178.52999877929688,181.3000030517578
2021-09-01,181.9600067138672,184.2100067138672,181.77999877929688,183.47999572753906
2021-09-02,184.16000366210938,185.3000030517578,181.5500030517578,181.86000061035156
2021-09-03,181.82000732421875,181.82000732421875,179.1300048828125,181.0
2021-09-07,181.02000427246094,185.5500030517578,180.0500030517578,184.33999633789062
2021-09-08,184.33999633789062,187.4600067138672,183.9199981689453,185.14999389648438
2021-09-09,185.14999389648438,187.5800018310547,184.57000732421875,185.91000366210938
2021-09-10,186.36000061035156,187.10000610351562,184.00999450683594,184.1199951171875
2021-09-13,185.1199951171875,185.8000030517578,183.5,184.97999572753906
2021-09-14,184.9600067138672,185.1300048828125,182.14999389648438,182.39999389648438
2021-09-15,182.05999755859375,184.66000366210938,181.10000610351562,184.41000366210938
2021-09-16,183.97000122070312,184.63999938964844,182.1199951171875,183.33999633789062
2021-09-17,182.91000366210938,185.89999389648438,182.72999572753906,183.47000122070312
2021-09-20,179.74000549316406,180.8800048828125,176.5500030517578,178.61000061035156
2021-09-21,180.32000732421875,182.22999572753906,169.02999877929688,171.1699981689453
2021-09-22,172.94000244140625,175.33999633789062,171.66000366210938,173.64999389648438
2021-09-23,174.94000244140625,177.19000244140625,174.3699951171875,176.25
2021-09-24,175.3000030517578,176.6999969482422,175.0800018310547,176.0
2021-09-27,176.6300048828125,179.4499969482422,175.9600067138672,178.25999450683594
2021-09-28,177.75,178.0,173.86000061035156,174.52000427246094
2021-09-29,174.25,174.9600067138672,172.58999633789062,172.67999267578125
2021-09-30,173.10000610351562,173.67999267578125,169.10000610351562,169.1699981689453
2021-10-01,172.27999877929688,177.32000732421875,171.97000122070312,176.00999450683594
2021-10-04,175.55999755859375,175.9600067138672,172.6699981689453,173.4600067138672
2021-10-05,173.8300018310547,176.24000549316406,173.61000061035156,174.61000061035156
2021-10-06,173.0,175.7100067138672,171.5500030517578,175.47999572753906
2021-10-07,177.6999969482422,179.6300048828125,177.3300018310547,177.7100067138672
2021-10-08,177.92999267578125,178.60000610351562,176.39999389648438,176.74000549316406
2021-10-11,176.02000427246094,176.52000427246094,173.47999572753906,173.52000427246094
2021-10-12,173.6199951171875,174.49000549316406,172.5500030517578,173.1300048828125
2021-10-13,173.6300048828125,173.6999969482422,170.94000244140625,172.9600067138672
2021-10-14,174.07000732421875,176.02000427246094,174.0,174.41000366210938
2021-10-15,175.69000244140625,178.88999938964844,174.10000610351562,176.4600067138672
2021-10-18,172.36000061035156,173.33999633789062,169.8000030517578,171.13999938964844
2021-10-19,171.44000244140625,171.5800018310547,170.17999267578125,171.17999267578125
2021-10-20,170.97000122070312,171.02000427246094,169.8800048828125,170.5500030517578
2021-10-21,170.1999969482422,172.5,170.10000610351562,171.33999633789062
2021-10-22,170.57000732421875,170.8000030517578,168.60000610351562,169.4199981689453
2021-10-25,169.89999389648438,172.57000732421875,169.02999877929688,172.00999450683594
2021-10-26,172.9499969482422,173.1199951171875,170.7100067138672,172.0399932861328
2021-10-27,171.77000427246094,172.0399932861328,169.42999267578125,169.5500030517578
2021-10-28,169.47999572753906,170.35000610351562,168.60000610351562,169.67999267578125
2021-10-29,169.02000427246094,170.4600067138672,168.14999389648438,169.07000732421875
2021-11-01,169.2100067138672,171.25,169.08999633789062,170.19000244140625
2021-11-02,170.02999877929688,170.85000610351562,168.97999572753906,169.8300018310547
2021-11-03,169.6999969482422,170.19000244140625,168.3699951171875,170.0800018310547
2021-11-04,170.02999877929688,170.4199981689453,168.6699981689453,170.27999877929688
2021-11-05,173.5,176.99000549316406,172.3300018310547,175.6300048828125
2021-11-08,178.69000244140625,179.25,176.10000610351562,176.8699951171875
2021-11-09,176.9499969482422,177.1199951171875,173.2100067138672,175.11000061035156
2021-11-10,174.69000244140625,176.8699951171875,173.8699951171875,174.4499969482422
2021-11-11,162.88999938964844,163.9600067138672,158.3300018310547,162.11000061035156
2021-11-12,163.52000427246094,163.61000061035156,158.92999267578125,159.6300048828125
2021-11-15,160.08999633789062,160.72000122070312,157.66000366210938,158.42999267578125
2021-11-16,159.05999755859375,160.24000549316406,158.5500030517578,158.8300018310547
2021-11-17,158.72999572753906,158.88999938964844,156.75,157.3300018310547
2021-11-18,157.08999633789062,157.3000030517578,153.7100067138672,155.5800018310547
2021-11-19,155.02000427246094,155.2100067138672,152.77000427246094,154.0
2021-11-22,153.22999572753906,155.82000732421875,152.57000732421875,154.16000366210938
2021-11-23,153.83999633789062,154.25,150.19000244140625,151.02999877929688
2021-11-24,150.69000244140625,151.41000366210938,148.8000030517578,151.33999633789062
2021-11-26,146.8000030517578,148.85000610351562,145.85000610351562,148.11000061035156
2021-11-29,148.80999755859375,149.3000030517578,144.25,147.80999755859375
2021-11-30,146.72000122070312,147.27999877929688,143.11000061035156,144.89999389648438
2021-12-01,146.6999969482422,148.3699951171875,142.0399932861328,142.14999389648438
2021-12-02,142.83999633789062,147.64999389648438,142.77000427246094,147.1999969482422
2021-12-03,147.80999755859375,148.32000732421875,144.32000732421875,146.22000122070312
2021-12-06,147.27999877929688,150.74000549316406,146.6699981689453,150.3699951171875
2021-12-07,151.83999633789062,152.75999450683594,149.72000122070312,150.80999755859375
2021-12-08,150.91000366210938,153.66000366210938,150.55999755859375,153.33999633789062
2021-12-09,152.27000427246094,154.2899932861328,151.6999969482422,152.94000244140625
2021-12-10,153.5800018310547,154.66000366210938,151.4499969482422,152.7100067138672
2021-12-13,152.1199951171875,152.5,149.2899932861328,150.42999267578125
2021-12-14,149.25999450683594,151.6199951171875,148.52000427246094,149.10000610351562
2021-12-15,148.75999450683594,150.9199981689453,147.35000610351562,150.39999389648438
2021-12-16,151.35000610351562,152.05999755859375,148.5800018310547,148.75
2021-12-17,148.50999450683594,149.83999633789062,146.57000732421875,148.75999450683594
2021-12-20,146.97999572753906,147.72999572753906,145.0800018310547,146.47000122070312
2021-12-21,147.55999755859375,151.42999267578125,147.38999938964844,151.0500030517578
2021-12-22,150.4199981689453,152.1999969482422,149.8699951171875,151.8800048828125
2021-12-23,152.32000732421875,154.19000244140625,151.92999267578125,153.6300048828125
2021-12-27,152.8800048828125,154.02000427246094,151.39999389648438,152.8000030517578
2021-12-28,152.6199951171875,156.5,152.41000366210938,155.1999969482422
2021-12-29,154.55999755859375,155.9199981689453,154.17999267578125,154.8699951171875
2021-12-30,155.7100067138672,157.07000732421875,155.50999450683594,155.92999267578125
2021-12-31,155.8699951171875,156.57000732421875,154.74000549316406,154.88999938964844
2022-01-03,155.8300018310547,157.55999755859375,155.36000061035156,156.75999450683594
2022-01-04,158.58999633789062,160.32000732421875,155.5500030517578,155.72999572753906
2022-01-05,156.52000427246094,159.3800048828125,155.10000610351562,155.19000244140625
2022-01-06,156.24000549316406,157.77000427246094,153.67999267578125,156.89999389648438
2022-01-07,156.89999389648438,159.3000030517578,156.2899932861328,157.8300018310547
2022-01-10,157.97999572753906,158.27000427246094,154.64999389648438,156.60000610351562
2022-01-11,156.6199951171875,158.22000122070312,155.9499969482422,157.88999938964844
2022-01-12,158.5,158.99000549316406,156.3300018310547,157.8000030517578
2022-01-13,157.6999969482422,158.52999877929688,155.1699981689453,155.44000244140625
2022-01-14,152.35000610351562,152.6199951171875,148.4199981689453,151.94000244140625
2022-01-18,151.11000061035156,153.1300048828125,149.8300018310547,152.27000427246094
2022-01-19,150.83999633789062,152.86000061035156,149.9600067138672,150.11000061035156
2022-01-20,150.91000366210938,152.66000366210938,147.14999389648438,147.6199951171875
2022-01-21,141.22999572753906,141.8699951171875,136.6300048828125,137.3800048828125
2022-01-24,134.82000732421875,137.67999267578125,129.25999450683594,137.4600067138672
2022-01-25,135.2899932861328,137.75,132.3800048828125,136.50999450683594
2022-01-26,137.7100067138672,138.1999969482422,132.25999450683594,133.60000610351562
2022-01-27,135.07000732421875,137.91000366210938,134.02000427246094,135.4199981689453
2022-01-28,135.2100067138672,138.69000244140625,133.55999755859375,138.6300048828125
2022-01-31,138.86000061035156,143.14999389648438,138.47000122070312,142.97000122070312
2022-02-01,143.02000427246094,144.69000244140625,142.25,144.49000549316406
2022-02-02,144.19000244140625,144.58999633789062,141.3800048828125,142.6199951171875
2022-02-03,140.0,142.0399932861328,139.25,140.02999877929688
2022-02-04,140.0399932861328,143.19000244140625,139.52999877929688,142.02000427246094
2022-02-07,143.38999938964844,144.08999633789062,141.61000061035156,142.50999450683594
2022-02-08,141.7899932861328,142.88999938964844,140.74000549316406,142.47999572753906
2022-02-09,144.3699951171875,147.35000610351562,143.25,147.22999572753906
2022-02-10,156.02000427246094,157.5,151.11000061035156,152.16000366210938
2022-02-11,153.5399932861328,154.69000244140625,148.55999755859375,149.47000122070312
2022-02-14,149.3699951171875,153.72999572753906,149.2100067138672,150.85000610351562
2022-02-15,153.5399932861328,154.85000610351562,152.50999450683594,154.72000122070312
2022-02-16,154.97999572753906,156.72999572753906,153.75,156.35000610351562
2022-02-17,154.69000244140625,155.36000061035156,152.61000061035156,152.9499969482422
2022-02-18,152.91000366210938,153.67999267578125,150.0500030517578,151.36000061035156
2022-02-22,150.19000244140625,150.7899932861328,147.61000061035156,148.08999633789062
2022-02-23,149.5,149.74000549316406,145.5,145.8699951171875
2022-02-24,140.0,149.57000732421875,140.0,149.39999389648438
2022-02-25,149.55999755859375,150.27999877929688,147.22000122070312,149.52999877929688
2022-02-28,147.8300018310547,149.47999572753906,146.4600067138672,148.4600067138672
2022-03-01,147.86000061035156,148.14999389648438,143.77999877929688,145.6999969482422
2022-03-02,146.30999755859375,148.47000122070312,145.9199981689453,147.33999633789062
2022-03-03,147.30999755859375,148.64999389648438,144.4499969482422,145.57000732421875
2022-03-04,144.00999450683594,144.25999450683594,139.5500030517578,140.72000122070312
2022-03-07,140.27999877929688,140.88999938964844,133.44000244140625,133.5
2022-03-08,133.02000427246094,135.49000549316406,129.2899932861328,131.75
2022-03-09,135.49000549316406,135.5,133.36000061035156,133.64999389648438
2022-03-10,132.36000061035156,134.1999969482422,131.6199951171875,133.63999938964844
2022-03-11,135.0800018310547,136.16000366210938,131.57000732421875,131.75
2022-03-14,130.97999572753906,133.07000732421875,128.3800048828125,129.02999877929688
2022-03-15,129.74000549316406,134.55999755859375,129.50999450683594,134.1999969482422
2022-03-16,135.64999389648438,138.97999572753906,134.94000244140625,138.13999938964844
2022-03-17,137.44000244140625,139.47000122070312,136.55999755859375,139.47000122070312
2022-03-18,139.5500030517578,140.72999572753906,138.3000030517578,140.3000030517578
2022-03-21,138.89999389648438,139.3000030517578,136.8800048828125,138.6199951171875
2022-03-22,139.05999755859375,142.19000244140625,138.89999389648438,140.11000061035156
2022-03-23,139.07000732421875,139.75999450683594,137.5399932861328,137.63999938964844
2022-03-24,138.5800018310547,139.27000427246094,137.41000366210938,138.9600067138672
2022-03-25,139.27999877929688,140.3800048828125,138.1199951171875,139.13999938964844
2022-03-28,138.8800048828125,139.6300048828125,136.27999877929688,138.72000122070312
2022-03-29,140.9600067138672,144.4600067138672,140.9600067138672,142.3800048828125
2022-03-30,141.30999755859375,143.27000427246094,140.0800018310547,140.9600067138672
2022-03-31,140.13999938964844,140.8800048828125,137.11000061035156,137.16000366210938
2022-04-01,137.33999633789062,138.10000610351562,135.52999877929688,137.0
2022-04-04,136.97000122070312,139.25999450683594,136.88999938964844,138.5800018310547
2022-04-05,137.74000549316406,139.1999969482422,135.1300048828125,135.6199951171875
2022-04-06,133.75,133.92999267578125,130.80999755859375,132.57000732421875
2022-04-07,133.00999450683594,133.2100067138672,130.02000427246094,131.8699951171875
2022-04-08,132.0,133.1199951171875,130.6300048828125,131.8699951171875
2022-04-11,130.0399932861328,132.42999267578125,130.0399932861328,130.64999389648438
2022-04-12,131.80999755859375,133.2100067138672,130.14999389648438,130.83999633789062
2022-04-13,131.0500030517578,132.88999938964844,130.75,132.35000610351562
2022-04-14,132.80999755859375,133.58999633789062,130.35000610351562,130.47000122070312
2022-04-18,130.07000732421875,130.22000122070312,126.81999969482422,127.7699966430664
2022-04-19,128.08999633789062,133.19000244140625,127.79000091552734,131.89999389648438
2022-04-20,126.05000305175781,127.3499984741211,124.11000061035156,124.56999969482422
2022-04-21,125.54000091552734,126.44999694824219,121.27999877929688,121.66000366210938
2022-04-22,120.01000213623047,121.88999938964844,118.1500015258789,118.2699966430664
2022-04-25,117.66000366210938,120.33000183105469,116.75,119.94999694824219
2022-04-26,119.1500015258789,119.1500015258789,115.63999938964844,115.7699966430664
2022-04-27,115.43000030517578,116.9000015258789,113.38999938964844,115.20999908447266
2022-04-28,115.22000122070312,116.0,112.69000244140625,115.29000091552734
2022-04-29,115.19999694824219,115.98999786376953,111.36000061035156,111.62999725341797
2022-05-02,111.70999908447266,113.66000366210938,111.01000213623047,113.5
2022-05-03,114.05000305175781,114.83000183105469,112.69000244140625,113.55000305175781
2022-05-04,113.37000274658203,116.44000244140625,111.83000183105469,116.19000244140625
2022-05-05,114.73999786376953,115.2699966430664,111.4800033569336,112.61000061035156
2022-05-06,111.7699966430664,112.08999633789062,108.30000305175781,110.29000091552734
2022-05-09,108.11000061035156,110.73999786376953,106.4800033569336,106.9800033569336
2022-05-10,109.83999633789062,110.69999694824219,106.13999938964844,107.68000030517578
2022-05-11,107.9000015258789,110.06999969482422,104.79000091552734,105.20999908447266
2022-05-12,102.9000015258789,105.0,99.47000122070312,104.30999755859375
2022-05-13,105.36000061035156,107.69000244140625,105.30999755859375,107.33000183105469
2022-05-16,107.45999908447266,107.62000274658203,104.8499984741211,105.18000030517578
2022-05-17,107.7300033569336,108.79000091552734,106.30000305175781,108.63999938964844
2022-05-18,107.37999725341797,107.66000366210938,103.87999725341797,104.30000305175781
2022-05-19,103.43000030517578,105.30000305175781,102.95999908447266,103.13999938964844
2022-05-20,104.48999786376953,104.80000305175781,100.05000305175781,102.41999816894531
2022-05-23,103.76000213623047,106.02999877929688,101.55999755859375,105.83000183105469
2022-05-24,103.70999908447266,103.83999633789062,100.12999725341797,101.58999633789062
2022-05-25,101.43000030517578,103.80999755859375,101.16000366210938,103.26000213623047
2022-05-26,104.22000122070312,106.12999725341797,103.95999908447266,105.61000061035156
2022-05-27,106.88999938964844,109.37000274658203,106.52999877929688,109.31999969482422
2022-05-31,110.0,111.23999786376953,107.91000366210938,110.44000244140625
2022-06-01,112.01000213623047,112.8499984741211,108.2699966430664,109.19000244140625
2022-06-02,109.43000030517578,110.94999694824219,107.91000366210938,110.87000274658203
2022-06-03,109.16999816894531,109.8499984741211,107.91999816894531,108.66999816894531
2022-06-06,109.75,110.19000244140625,107.6500015258789,107.83000183105469
2022-06-07,106.79000091552734,107.91999816894531,106.0,107.79000091552734
2022-06-08,107.43000030517578,109.36000061035156,106.95999908447266,107.33999633789062
2022-06-09,106.52999877929688,107.05999755859375,103.25,103.30000305175781
2022-06-10,101.43000030517578,102.12000274658203,99.37999725341797,99.4000015258789
2022-06-13,97.61000061035156,97.61000061035156,94.83000183105469,95.70999908447266
2022-06-14,96.2699966430664,96.2699966430664,93.0999984741211,94.22000122070312
2022-06-15,94.61000061035156,97.30000305175781,94.08999633789062,95.87999725341797
2022-06-16,94.01000213623047,95.37999725341797,93.41000366210938,94.27999877929688
2022-06-17,94.01000213623047,95.97000122070312,93.47000122070312,94.33999633789062
2022-06-21,94.9000015258789,95.44999694824219,93.2699966430664,93.29000091552734
2022-06-22,92.16999816894531,94.61000061035156,92.01000213623047,93.5
2022-06-23,93.95999908447266,94.6500015258789,92.06999969482422,94.30000305175781
2022-06-24,95.44999694824219,98.56999969482422,95.4000015258789,97.77999877929688
2022-06-27,98.22000122070312,98.2300033569336,95.80000305175781,96.61000061035156
2022-06-28,99.73999786376953,100.4000015258789,95.77999877929688,95.91999816894531
2022-06-29,95.94999694824219,96.19999694824219,94.52999877929688,95.6500015258789
2022-06-30,94.41999816894531,95.44000244140625,92.54000091552734,94.4000015258789
2022-07-01,94.23999786376953,96.30999755859375,93.9800033569336,96.13999938964844
2022-07-05,94.26000213623047,97.2300033569336,92.30999755859375,97.18000030517578
2022-07-06,97.52999877929688,98.19000244140625,95.4000015258789,96.08000183105469
2022-07-07,96.9000015258789,97.52999877929688,95.93000030517578,97.43000030517578
2022-07-08,96.56999969482422,97.12000274658203,95.3499984741211,95.86000061035156
2022-07-11,95.0,95.33999633789062,93.43000030517578,93.63999938964844
2022-07-12,93.58000183105469,95.25,93.30999755859375,93.5999984741211
2022-07-13,92.12000274658203,93.25,91.01000213623047,92.94000244140625
2022-07-14,91.4800033569336,92.04000091552734,90.2300033569336,91.83999633789062
2022-07-15,92.91000366210938,95.31999969482422,92.69999694824219,95.19999694824219
2022-07-18,96.36000061035156,97.2699966430664,95.30999755859375,95.69999694824219
2022-07-19,96.68000030517578,99.8499984741211,96.68000030517578,99.61000061035156
2022-07-20,100.25,104.26000213623047,99.94999694824219,103.3499984741211
2022-07-21,102.70999908447266,104.25,101.61000061035156,104.18000030517578
2022-07-22,103.27999877929688,104.56999969482422,102.11000061035156,102.72000122070312
2022-07-25,102.77999877929688,103.38999938964844,101.80999755859375,102.69000244140625
2022-07-26,102.13999938964844,102.36000061035156,99.55999755859375,99.77999877929688
2022-07-27,100.97000122070312,103.6500015258789,100.80999755859375,103.5
2022-07-28,103.25,104.97000122070312,102.70999908447266,104.9000015258789
2022-07-29,105.13999938964844,106.33999633789062,103.37000274658203,106.0999984741211
2022-08-01,104.87000274658203,106.6500015258789,103.86000061035156,106.22000122070312
2022-08-02,105.73999786376953,106.36000061035156,104.62000274658203,104.70999908447266
2022-08-03,105.7300033569336,109.69999694824219,105.7300033569336,109.0199966430664
2022-08-04,108.91999816894531,109.44999694824219,107.66000366210938,108.12000274658203
2022-08-05,106.80999755859375,107.69999694824219,105.37000274658203,106.62999725341797
2022-08-08,108.20999908447266,111.2300033569336,107.9000015258789,109.11000061035156
2022-08-09,109.22000122070312,109.22000122070312,107.02999877929688,108.12999725341797
2022-08-10,112.4800033569336,112.66999816894531,109.91000366210938,112.43000030517578
2022-08-11,122.20999908447266,123.2699966430664,117.33000183105469,117.69000244140625
2022-08-12,119.0,121.61000061035156,118.91999816894531,121.56999969482422
2022-08-15,121.0,125.95999908447266,120.98999786376953,124.26000213623047
2022-08-16,124.7300033569336,126.4800033569336,123.44999694824219,124.95999908447266
2022-08-17,123.44999694824219,124.4800033569336,122.56999969482422,122.80999755859375
2022-08-18,123.01000213623047,123.12999725341797,121.70999908447266,122.66999816894531
2022-08-19,121.25,121.38999938964844,119.4800033569336,120.13999938964844
2022-08-22,117.69999694824219,118.20999908447266,115.69000244140625,115.94000244140625
2022-08-23,115.9800033569336,116.37000274658203,114.62000274658203,114.86000061035156
2022-08-24,114.66999816894531,117.16000366210938,114.0999984741211,116.41000366210938
2022-08-25,117.0199966430664,117.7699966430664,116.11000061035156,117.45999908447266
2022-08-26,117.47000122070312,118.37000274658203,113.88999938964844,114.06999969482422
2022-08-29,112.54000091552734,114.47000122070312,112.41000366210938,113.52999877929688
2022-08-30,114.27999877929688,114.75,111.44999694824219,112.43000030517578
2022-08-31,112.87000274658203,113.75,111.8499984741211,112.08000183105469
2022-09-01,111.79000091552734,112.58999633789062,110.02999877929688,112.52999877929688
2022-09-02,113.05000305175781,113.88999938964844,110.83999633789062,111.19999694824219
2022-09-06,111.7699966430664,111.77999877929688,108.5199966430664,110.08999633789062
2022-09-07,109.87000274658203,112.95999908447266,109.87000274658203,112.69000244140625
2022-09-08,111.06999969482422,112.98999786376953,110.36000061035156,112.33000183105469
2022-09-09,113.2699966430664,115.52999877929688,113.19000244140625,115.18000030517578
2022-09-12,116.13999938964844,117.48999786376953,115.2699966430664,116.38999938964844
2022-09-13,113.05000305175781,113.81999969482422,111.16999816894531,111.76000213623047
2022-09-14,111.8499984741211,112.73999786376953,109.87999725341797,112.5
2022-09-15,112.38999938964844,114.41000366210938,110.70999908447266,110.7699966430664
2022-09-16,109.20999908447266,109.58000183105469,106.95999908447266,108.25
2022-09-19,107.52999877929688,109.22000122070312,107.04000091552734,109.16999816894531
2022-09-20,108.27999877929688,108.41000366210938,106.86000061035156,107.56999969482422
2022-09-21,107.38999938964844,108.04000091552734,104.48999786376953,104.48999786376953
2022-09-22,104.20999908447266,104.66000366210938,102.0199966430664,102.16000366210938
2022-09-23,100.62000274658203,101.18000030517578,98.0199966430664,99.5
2022-09-26,98.94999694824219,100.66000366210938,98.05999755859375,98.12000274658203
2022-09-27,99.52999877929688,99.63999938964844,95.43000030517578,95.8499984741211
2022-09-28,95.79000091552734,99.87000274658203,95.44999694824219,99.4000015258789
2022-09-29,98.52999877929688,98.5999984741211,96.2300033569336,97.44999694824219
2022-09-30,96.5,97.4800033569336,94.27999877929688,94.33000183105469
2022-10-03,95.7300033569336,97.77999877929688,94.5,97.12999725341797
2022-10-04,98.68000030517578,101.5199966430664,98.2300033569336,101.44000244140625
2022-10-05,100.04000091552734,101.22000122070312,98.69999694824219,100.80000305175781
2022-10-06,100.43000030517578,101.45999908447266,99.87000274658203,100.04000091552734
2022-10-07,98.51000213623047,98.80000305175781,96.44999694824219,97.16000366210938
2022-10-10,97.58999633789062,97.73999786376953,94.41999816894531,95.16000366210938
2022-10-11,94.80999755859375,95.05999755859375,92.6500015258789,93.0999984741211
2022-10-12,93.16000366210938,94.06999969482422,92.19999694824219,93.41000366210938
2022-10-13,91.56999969482422,96.97000122070312,90.70999908447266,96.63999938964844
2022-10-14,97.47000122070312,98.08999633789062,94.33000183105469,94.44999694824219
2022-10-17,96.37999725341797,97.97000122070312,96.26000213623047,97.33000183105469
2022-10-18,99.87000274658203,100.37000274658203,97.63999938964844,98.4800033569336
2022-10-19,100.44000244140625,101.87000274658203,98.5,98.98999786376953
2022-10-20,98.2300033569336,100.75,98.11000061035156,98.58999633789062
2022-10-21,98.3499984741211,102.30000305175781,97.88999938964844,102.04000091552734
2022-10-24,102.12000274658203,103.19000244140625,100.12000274658203,101.72000122070312
2022-10-25,102.16000366210938,104.7300033569336,102.02999877929688,104.36000061035156
2022-10-26,103.52999877929688,107.43000030517578,103.52999877929688,104.62999725341797
2022-10-27,105.80999755859375,106.87000274658203,104.30999755859375,104.44000244140625
2022-10-28,104.08000183105469,106.08999633789062,103.52999877929688,105.94999694824219
2022-10-31,105.66000366210938,106.9000015258789,104.81999969482422,106.54000091552734
2022-11-01,107.69999694824219,108.83999633789062,105.63999938964844,106.0
2022-11-02,105.44999694824219,106.08000183105469,101.79000091552734,101.81999969482422
2022-11-03,100.19999694824219,100.69999694824219,98.55999755859375,99.25
2022-11-04,101.1500015258789,101.16000366210938,98.11000061035156,99.58000183105469
2022-11-07,100.87999725341797,101.55999755859375,98.98999786376953,100.43000030517578
2022-11-08,100.73999786376953,101.97000122070312,98.05000305175781,99.9000015258789
2022-11-09,90.55000305175781,91.0999984741211,86.27999877929688,86.75
2022-11-10,89.75,90.5,87.61000061035156,90.45999908447266
2022-11-11,91.58000183105469,95.58000183105469,91.0999984741211,95.01000213623047
2022-11-14,95.8499984741211,96.62000274658203,94.20999908447266,94.27999877929688
2022-11-15,96.0,97.18000030517578,93.69999694824219,95.51000213623047
2022-11-16,95.22000122070312,95.22000122070312,93.72000122070312,93.94999694824219
2022-11-17,92.12000274658203,92.2699966430664,90.8499984741211,91.44999694824219
2022-11-18,92.86000061035156,93.16000366210938,90.91000366210938,91.80000305175781
2022-11-21,100.12000274658203,100.88999938964844,96.31999969482422,97.58000183105469
2022-11-22,97.0,97.66999816894531,94.68000030517578,96.20999908447266
2022-11-23,96.0,99.33999633789062,95.77999877929688,98.87999725341797
2022-11-25,98.80999755859375,99.80999755859375,98.08000183105469,98.87000274658203
2022-11-28,98.20999908447266,99.12999725341797,95.43000030517578,95.69000244140625
2022-11-29,96.0,96.43000030517578,93.91999816894531,94.69000244140625
2022-11-30,94.94999694824219,97.94000244140625,93.87000274658203,97.87000274658203
2022-12-01,97.87000274658203,98.83999633789062,96.58000183105469,98.58999633789062
2022-12-02,97.45999908447266,99.69000244140625,97.01000213623047,99.43000030517578
2022-12-05,98.23999786376953,99.16000366210938,95.66999816894531,95.93000030517578
2022-12-06,95.7300033569336,96.0,91.9800033569336,92.29000091552734
2022-12-07,92.66000366210938,92.79000091552734,91.26000213623047,92.1500015258789
2022-12-08,92.5,93.43000030517578,91.66999816894531,92.55000305175781
2022-12-09,92.37000274658203,94.91000366210938,91.9000015258789,93.37999725341797
2022-12-12,93.7300033569336,94.66000366210938,92.61000061035156,94.66000366210938
2022-12-13,96.48999786376953,97.38999938964844,93.56999969482422,94.69999694824219
2022-12-14,94.54000091552734,95.47000122070312,92.62000274658203,94.1500015258789
2022-12-15,92.47000122070312,93.12000274658203,90.12000274658203,90.48999786376953
2022-12-16,90.19000244140625,91.08000183105469,88.80999755859375,90.08000183105469
2022-12-19,89.44000244140625,89.45999908447266,85.41000366210938,85.77999877929688
2022-12-20,86.08000183105469,87.83999633789062,85.76000213623047,87.0199966430664
2022-12-21,87.19000244140625,88.0999984741211,86.4800033569336,86.91999816894531
2022-12-22,86.02999877929688,86.7300033569336,84.69000244140625,86.66999816894531
2022-12-23,86.05999755859375,88.06999969482422,85.7699966430664,88.01000213623047
2022-12-27,87.41999816894531,87.94000244140625,85.95999908447266,86.37000274658203
2022-12-28,86.08000183105469,86.69000244140625,84.06999969482422,84.16999816894531
2022-12-29,85.25,88.23999786376953,84.97000122070312,87.18000030517578
2022-12-30,85.7300033569336,87.12000274658203,85.2300033569336,86.87999725341797
2023-01-03,88.9800033569336,89.97000122070312,87.83000183105469,88.97000122070312
2023-01-04,90.0,92.75,89.36000061035156,91.9800033569336
2023-01-05,91.66000366210938,92.4800033569336,90.51000213623047,91.91999816894531
2023-01-06,92.66000366210938,94.69000244140625,91.31999969482422,93.91999816894531
2023-01-09,94.43000030517578,95.69999694824219,93.44999694824219,94.7699966430664
2023-01-10,94.27999877929688,95.63999938964844,93.81999969482422,95.55999755859375
2023-01-11,95.91999816894531,96.55000305175781,95.05000305175781,96.33000183105469
2023-01-12,98.5,100.62999725341797,97.56999969482422,99.80999755859375
2023-01-13,99.37999725341797,99.5999984741211,98.01000213623047,99.4000015258789
2023-01-17,100.31999969482422,100.98999786376953,99.0,99.91000366210938
2023-01-18,100.27999877929688,101.12999725341797,98.72000122070312,99.04000091552734
2023-01-19,98.12000274658203,99.44999694824219,97.12000274658203,99.08000183105469
2023-01-20,100.33999633789062,103.58999633789062,99.30000305175781,103.4800033569336
2023-01-23,103.29000091552734,105.94999694824219,102.91999816894531,105.69000244140625
2023-01-24,104.69999694824219,108.44000244140625,102.0,106.0
2023-01-25,104.95999908447266,108.16000366210938,104.18000030517578,108.12000274658203
2023-01-26,108.16999816894531,109.76000213623047,107.56999969482422,109.69999694824219
2023-01-27,109.26000213623047,110.58000183105469,109.16000366210938,109.54000091552734
2023-01-30,108.26000213623047,108.97000122070312,107.4800033569336,107.58999633789062
2023-01-31,107.58000183105469,108.72000122070312,107.44999694824219,108.48999786376953
2023-02-01,108.5,109.94000244140625,106.9000015258789,109.38999938964844
2023-02-02,110.66999816894531,113.52999877929688,109.69000244140625,113.20999908447266
2023-02-03,111.47000122070312,113.13999938964844,110.37000274658203,110.70999908447266
2023-02-06,110.16999816894531,110.43000030517578,108.52999877929688,109.87000274658203
2023-02-07,109.30000305175781,112.12000274658203,108.86000061035156,111.62999725341797
2023-02-08,112.19999694824219,113.33000183105469,110.29000091552734,111.77999877929688
2023-02-09,118.04000091552734,118.18000030517578,109.80999755859375,110.36000061035156
2023-02-10,108.95999908447266,109.73999786376953,107.20999908447266,108.05999755859375
2023-02-13,108.0999984741211,108.29000091552734,106.55000305175781,107.66000366210938
2023-02-14,106.81999969482422,108.44000244140625,105.81999969482422,107.66000366210938
2023-02-15,107.08999633789062,109.2699966430664,106.69999694824219,109.23999786376953
2023-02-16,107.55000305175781,108.0199966430664,105.69999694824219,105.83000183105469
2023-02-17,105.02999877929688,105.80000305175781,103.87999725341797,105.22000122070312
2023-02-21,103.55000305175781,103.7300033569336,101.83000183105469,102.08999633789062
2023-02-22,101.33000183105469,102.55999755859375,101.08999633789062,101.68000030517578
2023-02-23,101.44999694824219,102.05000305175781,99.61000061035156,101.7300033569336
2023-02-24,99.52999877929688,100.43000030517578,98.95999908447266,100.30000305175781
2023-02-27,100.7300033569336,101.47000122070312,100.05999755859375,100.44999694824219
2023-02-28,100.44999694824219,100.75,99.56999969482422,99.61000061035156
2023-03-01,99.19000244140625,99.62999725341797,98.0999984741211,98.54000091552734
2023-03-02,97.73999786376953,99.29000091552734,97.41999816894531,98.91999816894531
2023-03-03,99.66999816894531,101.18000030517578,98.87999725341797,101.13999938964844
2023-03-06,101.61000061035156,102.69999694824219,100.48999786376953,100.66000366210938
2023-03-07,100.4000015258789,100.94000244140625,98.88999938964844,99.05999755859375
2023-03-08,99.0,99.62000274658203,98.30000305175781,99.30000305175781
2023-03-09,99.44999694824219,100.05000305175781,95.91999816894531,96.13999938964844
2023-03-10,95.5999984741211,95.9000015258789,92.83000183105469,93.56999969482422
2023-03-13,91.88999938964844,94.0199966430664,90.45999908447266,92.5999984741211
2023-03-14,94.0,94.30000305175781,92.33999633789062,93.36000061035156
2023-03-15,91.62999725341797,93.36000061035156,91.41000366210938,93.0999984741211
2023-03-16,92.66999816894531,94.55999755859375,91.88999938964844,94.29000091552734
2023-03-17,94.05000305175781,94.2699966430664,92.91000366210938,93.19999694824219
2023-03-20,93.43000030517578,94.91999816894531,93.0,94.22000122070312
2023-03-21,95.16999816894531,96.8499984741211,95.16999816894531,96.54000091552734
2023-03-22,97.44999694824219,97.93000030517578,94.81999969482422,94.9000015258789
2023-03-23,95.27999877929688,97.0199966430664,94.76000213623047,95.83000183105469
2023-03-24,94.80999755859375,95.0,93.0199966430664,94.08000183105469
2023-03-27,94.77999877929688,96.0199966430664,94.37999725341797,95.62000274658203
2023-03-28,95.51000213623047,96.0,94.58999633789062,94.81999969482422
2023-03-29,96.08000183105469,96.91000366210938,95.3499984741211,96.87000274658203
2023-03-30,98.7300033569336,98.91999816894531,97.66999816894531,98.0999984741211
2023-03-31,98.88999938964844,100.19999694824219,98.5,100.12999725341797
2023-04-03,100.20999908447266,100.43000030517578,99.2699966430664,99.76000213623047
2023-04-04,100.30000305175781,100.41999816894531,98.76000213623047,99.56999969482422
2023-04-05,99.69999694824219,100.18000030517578,98.62999725341797,99.91000366210938
2023-04-06,99.44000244140625,100.31999969482422,98.55000305175781,99.97000122070312
2023-04-10,99.30000305175781,100.80999755859375,98.9000015258789,100.80999755859375
2023-04-11,101.16000366210938,101.91000366210938,100.29000091552734,100.41999816894531
2023-04-12,101.25,102.22000122070312,97.69999694824219,97.94000244140625
2023-04-13,98.51000213623047,101.06999969482422,98.51000213623047,100.83999633789062
2023-04-14,100.5,100.86000061035156,98.93000030517578,99.9000015258789
2023-04-17,99.56999969482422,100.56999969482422,99.1500015258789,100.30000305175781
2023-04-18,100.61000061035156,101.1500015258789,99.5999984741211,100.93000030517578
2023-04-19,99.77999877929688,99.83000183105469,98.36000061035156,98.75
2023-04-20,97.75,98.58000183105469,97.38999938964844,98.06999969482422
2023-04-21,98.16000366210938,99.72000122070312,97.72000122070312,99.56999969482422
2023-04-24,100.1500015258789,100.73999786376953,98.66999816894531,99.68000030517578
2023-04-25,99.37999725341797,99.70999908447266,98.01000213623047,98.01000213623047
2023-04-26,97.83999633789062,98.4800033569336,96.45999908447266,96.61000061035156
2023-04-27,97.12999725341797,100.06999969482422,96.70999908447266,99.93000030517578
2023-04-28,99.37000274658203,102.55999755859375,99.08000183105469,102.5
2023-05-01,102.41000366210938,102.61000061035156,101.61000061035156,102.20999908447266
2023-05-02,101.33000183105469,101.69999694824219,99.62000274658203,100.5999984741211
2023-05-03,101.05999755859375,102.58000183105469,100.63999938964844,100.86000061035156
2023-05-04,99.54000091552734,99.54000091552734,96.61000061035156,97.44999694824219
2023-05-05,98.58999633789062,100.8499984741211,98.11000061035156,100.5199966430664
2023-05-08,101.69999694824219,103.91000366210938,101.69000244140625,102.97000122070312
2023-05-09,102.91000366210938,102.9800033569336,102.08999633789062,102.18000030517578
2023-05-10,103.0,103.25,100.04000091552734,101.13999938964844
2023-05-11,94.80000305175781,95.11000061035156,91.87999725341797,92.30999755859375
2023-05-12,92.33999633789062,92.87999725341797,91.23999786376953,91.98999786376953
2023-05-15,91.54000091552734,92.87000274658203,90.69999694824219,92.86000061035156
2023-05-16,92.04000091552734,92.41999816894531,90.77999877929688,90.9800033569336
2023-05-17,91.0199966430664,93.05000305175781,90.8499984741211,92.7699966430664
2023-05-18,92.8499984741211,94.23999786376953,92.45999908447266,93.76000213623047
2023-05-19,93.0,93.0,91.31999969482422,91.3499984741211
2023-05-22,91.33000183105469,91.94000244140625,89.88999938964844,91.81999969482422
2023-05-23,91.0999984741211,92.02999877929688,89.80999755859375,89.81999969482422
2023-05-24,89.44000244140625,89.48999786376953,88.41000366210938,89.06999969482422
2023-05-25,89.55999755859375,89.55999755859375,87.79000091552734,88.13999938964844
2023-05-26,88.48999786376953,89.23999786376953,88.0999984741211,88.29000091552734
2023-05-30,88.97000122070312,88.97000122070312,87.01000213623047,87.81999969482422
2023-05-31,87.58000183105469,88.16999816894531,87.1500015258789,87.95999908447266
2023-06-01,88.4000015258789,89.05999755859375,87.11000061035156,88.58999633789062
2023-06-02,89.62999725341797,91.33999633789062,89.5999984741211,90.7699966430664
2023-06-05,91.19999694824219,91.76000213623047,89.44000244140625,91.0
2023-06-06,91.0999984741211,92.51000213623047,91.0199966430664,92.16000366210938
2023-06-07,92.77999877929688,93.08000183105469,91.86000061035156,92.5199966430664
2023-06-08,92.5199966430664,92.68000030517578,91.30000305175781,92.52999877929688
2023-06-09,92.77999877929688,92.91999816894531,91.55000305175781,91.93000030517578
2023-06-12,92.25,93.2300033569336,91.7699966430664,93.13999938964844
2023-06-13,94.12000274658203,94.44000244140625,93.44000244140625,93.8499984741211
2023-06-14,94.26000213623047,94.5199966430664,91.91999816894531,92.44999694824219
2023-06-15,92.05999755859375,93.5199966430664,91.61000061035156,92.94000244140625
2023-06-16,92.87999725341797,92.97000122070312,90.86000061035156,91.31999969482422
2023-06-20,90.29000091552734,90.77999877929688,89.73999786376953,89.75
2023-06-21,89.55000305175781,89.66999816894531,88.11000061035156,88.63999938964844
2023-06-22,88.44000244140625,89.19000244140625,88.12000274658203,88.48999786376953
2023-06-23,88.0199966430664,88.4000015258789,87.61000061035156,88.0999984741211
2023-06-26,88.04000091552734,89.48999786376953,87.7699966430664,88.69999694824219
2023-06-27,88.9000015258789,89.66000366210938,88.48999786376953,89.05999755859375
2023-06-28,89.38999938964844,89.4000015258789,88.52999877929688,88.83000183105469
2023-06-29,87.80000305175781,89.12000274658203,87.33999633789062,88.94999694824219
2023-06-30,89.18000030517578,89.5999984741211,88.61000061035156,89.27999877929688
2023-07-03,89.12000274658203,90.94999694824219,88.91000366210938,90.5
2023-07-05,90.11000061035156,90.38999938964844,89.25,89.79000091552734
2023-07-06,88.66999816894531,88.83000183105469,87.77999877929688,88.73999786376953
2023-07-07,88.30999755859375,89.7300033569336,88.08000183105469,88.63999938964844
2023-07-10,88.25,88.68000030517578,87.86000061035156,88.0999984741211
2023-07-11,88.19999694824219,89.58999633789062,88.1500015258789,89.48999786376953
2023-07-12,90.11000061035156,90.70999908447266,89.56999969482422,90.1500015258789
2023-07-13,90.55000305175781,90.80999755859375,89.08000183105469,90.47000122070312
2023-07-14,90.41000366210938,90.48999786376953,88.41999816894531,88.62000274658203
2023-07-17,88.41999816894531,88.48999786376953,85.30000305175781,85.55999755859375
2023-07-18,85.51000213623047,87.30000305175781,85.30999755859375,85.94999694824219
2023-07-19,86.19999694824219,87.88999938964844,86.19000244140625,87.04000091552734
2023-07-20,86.83999633789062,87.18000030517578,86.02999877929688,86.20999908447266
2023-07-21,86.30000305175781,87.9000015258789,85.87999725341797,87.18000030517578
2023-07-24,87.48999786376953,87.95999908447266,86.55000305175781,86.5999984741211
2023-07-25,85.7300033569336,86.30999755859375,85.16000366210938,85.62999725341797
2023-07-26,85.66999816894531,86.2699966430664,85.44999694824219,85.86000061035156
2023-07-27,86.5999984741211,86.87999725341797,85.19000244140625,85.36000061035156
2023-07-28,85.86000061035156,86.58000183105469,85.44999694824219,86.12999725341797
2023-07-31,87.0,89.36000061035156,86.87999725341797,88.88999938964844
2023-08-01,89.12000274658203,89.7300033569336,88.45999908447266,89.02999877929688
2023-08-02,88.26000213623047,88.33000183105469,86.26000213623047,86.30000305175781
2023-08-03,85.81999969482422,86.45999908447266,85.44999694824219,85.48999786376953
2023-08-04,85.94000244140625,87.11000061035156,85.44999694824219,86.30000305175781
2023-08-07,86.66000366210938,87.2300033569336,85.98999786376953,86.83000183105469
2023-08-08,86.5,88.33000183105469,86.0999984741211,88.12999725341797
2023-08-09,89.19999694824219,89.55999755859375,87.04000091552734,87.48999786376953
2023-08-10,89.97000122070312,92.52999877929688,87.75,91.76000213623047
2023-08-11,91.31999969482422,91.3499984741211,88.86000061035156,89.0199966430664
2023-08-14,88.98999786376953,89.30000305175781,87.98999786376953,88.80999755859375
2023-08-15,87.98999786376953,88.2300033569336,86.88999938964844,87.05999755859375
2023-08-16,86.54000091552734,87.05999755859375,86.08000183105469,86.3499984741211
2023-08-17,86.91999816894531,86.95999908447266,85.80000305175781,85.91999816894531
2023-08-18,85.37000274658203,86.72000122070312,85.37000274658203,85.95999908447266
2023-08-21,85.80999755859375,86.25,85.41000366210938,85.87999725341797
2023-08-22,85.70999908447266,86.08999633789062,85.37000274658203,85.79000091552734
2023-08-23,85.80999755859375,86.33000183105469,85.63999938964844,85.83000183105469
2023-08-24,85.51000213623047,85.94999694824219,82.45999908447266,82.47000122070312
2023-08-25,83.06999969482422,83.6500015258789,82.45999908447266,83.36000061035156
2023-08-28,83.83000183105469,84.69000244140625,83.52999877929688,84.16000366210938
2023-08-29,83.79000091552734,84.55000305175781,83.7300033569336,84.4000015258789
2023-08-30,84.4000015258789,84.68000030517578,83.83000183105469,84.27999877929688
2023-08-31,84.45999908447266,84.61000061035156,83.63999938964844,83.68000030517578
2023-09-01,82.11000061035156,82.2300033569336,80.52999877929688,81.63999938964844
2023-09-05,81.41999816894531,82.38999938964844,81.18000030517578,81.19000244140625
2023-09-06,80.79000091552734,82.08999633789062,80.52999877929688,80.9800033569336
2023-09-07,80.81999969482422,80.8499984741211,79.75,80.56999969482422
2023-09-08,80.54000091552734,81.66999816894531,80.16999816894531,81.58000183105469
2023-09-11,81.94000244140625,83.8499984741211,81.16999816894531,82.5199966430664
2023-09-12,83.02999877929688,84.66999816894531,82.56999969482422,83.68000030517578
2023-09-13,83.3499984741211,84.05000305175781,83.12000274658203,83.4800033569336
2023-09-14,84.0,84.73999786376953,83.04000091552734,84.4800033569336
2023-09-15,85.22000122070312,86.19000244140625,84.61000061035156,85.58000183105469
2023-09-18,85.23999786376953,85.91999816894531,84.9800033569336,85.0199966430664
2023-09-19,83.91999816894531,84.79000091552734,81.70999908447266,81.94000244140625
2023-09-20,82.02999877929688,83.19999694824219,81.63999938964844,82.55999755859375
2023-09-21,82.05999755859375,83.66999816894531,81.91999816894531,82.7300033569336
2023-09-22,82.91000366210938,83.3499984741211,81.19999694824219,81.25
2023-09-25,81.55999755859375,81.7699966430664,80.55999755859375,81.01000213623047
2023-09-26,80.5,80.73999786376953,79.79000091552734,80.05000305175781
2023-09-27,80.12000274658203,80.55999755859375,79.22000122070312,79.9000015258789
2023-09-28,80.27999877929688,80.91999816894531,79.6500015258789,80.12999725341797
2023-09-29,80.66000366210938,81.33000183105469,80.41000366210938,81.05000305175781
2023-10-02,80.91999816894531,81.7699966430664,80.79000091552734,81.66999816894531
2023-10-03,81.25,81.88999938964844,79.45999908447266,79.54000091552734
2023-10-04,79.61000061035156,79.79000091552734,78.7300033569336,79.31999969482422
2023-10-05,79.0999984741211,80.94000244140625,78.87999725341797,80.80999755859375
2023-10-06,81.05000305175781,83.52999877929688,80.48999786376953,82.94000244140625
2023-10-09,84.30000305175781,84.87999725341797,83.12999725341797,84.69999694824219
2023-10-10,84.79000091552734,85.29000091552734,83.93000030517578,84.98999786376953
2023-10-11,85.37000274658203,85.72000122070312,84.26000213623047,84.8499984741211
2023-10-12,84.83000183105469,85.06999969482422,83.51000213623047,84.3499984741211
2023-10-13,83.94000244140625,84.58000183105469,83.37999725341797,84.3499984741211
2023-10-16,84.30999755859375,85.93000030517578,84.30999755859375,85.70999908447266
2023-10-17,85.3499984741211,86.29000091552734,85.30999755859375,86.19999694824219
2023-10-18,85.69000244140625,86.26000213623047,84.5999984741211,84.68000030517578
2023-10-19,85.26000213623047,85.2699966430664,83.16999816894531,83.25
2023-10-20,82.9000015258789,83.44000244140625,82.61000061035156,82.6500015258789
2023-10-23,82.08000183105469,84.02999877929688,80.91000366210938,83.0999984741211
2023-10-24,83.41000366210938,84.19999694824219,81.73999786376953,82.55999755859375
2023-10-25,82.12999725341797,82.55000305175781,80.5199966430664,80.58999633789062
2023-10-26,80.08000183105469,80.61000061035156,79.41999816894531,79.77999877929688
2023-10-27,79.75,81.02999877929688,79.2300033569336,79.33000183105469
2023-10-30,79.72000122070312,80.93000030517578,79.52999877929688,80.68000030517578
2023-10-31,80.69000244140625,81.66999816894531,80.33000183105469,81.58999633789062
2023-11-01,81.52999877929688,81.58000183105469,80.18000030517578,81.06999969482422
2023-11-02,81.8499984741211,83.30000305175781,81.81999969482422,83.29000091552734
2023-11-03,84.16999816894531,85.93000030517578,84.16000366210938,85.06999969482422
2023-11-06,85.08000183105469,85.80000305175781,83.58999633789062,84.0199966430664
2023-11-07,84.16000366210938,84.68000030517578,83.94999694824219,84.58999633789062
2023-11-08,84.13999938964844,84.91999816894531,83.94999694824219,84.5
2023-11-09,87.83999633789062,91.20999908447266,87.5999984741211,90.33999633789062
2023-11-10,90.12999725341797,90.16000366210938,86.94000244140625,88.2699966430664
2023-11-13,88.41999816894531,89.9000015258789,87.41000366210938,89.44000244140625
2023-11-14,90.02999877929688,91.54000091552734,89.98999786376953,91.06999969482422
2023-11-15,92.98999786376953,94.56999969482422,92.73999786376953,93.93000030517578
2023-11-16,93.88999938964844,94.61000061035156,93.62999725341797,94.51000213623047
2023-11-17,94.75,95.37999725341797,93.91999816894531,94.1500015258789
2023-11-20,93.9800033569336,95.58999633789062,93.87000274658203,95.02999877929688
2023-11-21,94.7300033569336,94.95999908447266,93.95999908447266,94.44999694824219
2023-11-22,94.91000366210938,95.70999908447266,94.76000213623047,95.06999969482422
2023-11-24,94.9000015258789,96.51000213623047,94.9000015258789,96.05999755859375
2023-11-27,95.73999786376953,95.73999786376953,94.5199966430664,95.16999816894531
2023-11-28,95.0,95.13999938964844,92.44999694824219,92.5
2023-11-29,92.5999984741211,93.23999786376953,91.44000244140625,92.5
2023-11-30,93.55000305175781,93.86000061035156,92.19999694824219,92.69000244140625
2023-12-01,92.73999786376953,92.83999633789062,91.7699966430664,92.58000183105469
2023-12-04,91.9000015258789,92.41000366210938,91.61000061035156,92.01000213623047
2023-12-05,91.61000061035156,91.77999877929688,89.93000030517578,90.79000091552734
2023-12-06,91.11000061035156,92.55000305175781,90.62000274658203,91.5
2023-12-07,91.80000305175781,93.38999938964844,91.6500015258789,92.3499984741211
2023-12-08,92.05999755859375,93.54000091552734,92.05999755859375,92.81999969482422
2023-12-11,92.7300033569336,93.08000183105469,91.97000122070312,92.19999694824219
2023-12-12,92.12000274658203,92.19999694824219,90.86000061035156,91.06999969482422
2023-12-13,91.16999816894531,92.87000274658203,90.77999877929688,92.83000183105469
2023-12-14,93.20999908447266,94.83000183105469,93.20999908447266,93.94000244140625
2023-12-15,93.05000305175781,93.94999694824219,92.93000030517578,93.45999908447266
2023-12-18,92.69999694824219,93.70999908447266,92.69999694824219,92.86000061035156
2023-12-19,92.63999938964844,93.98999786376953,92.61000061035156,93.93000030517578
2023-12-20,93.23999786376953,94.2699966430664,91.25,91.2699966430664
2023-12-21,91.93000030517578,92.08000183105469,91.05999755859375,92.0199966430664
2023-12-22,91.62000274658203,92.23999786376953,90.75,91.0199966430664
2023-12-26,90.83999633789062,91.2699966430664,90.5999984741211,90.94999694824219
2023-12-27,90.91000366210938,90.94000244140625,90.04000091552734,90.37999725341797
2023-12-28,90.08999633789062,90.9800033569336,89.97000122070312,90.4000015258789
2023-12-29,90.12000274658203,90.5999984741211,89.86000061035156,90.29000091552734
2024-01-02,90.0999984741211,91.4800033569336,89.7300033569336,90.70999908447266
2024-01-03,90.2300033569336,92.08000183105469,90.0,91.6500015258789
2024-01-04,91.94000244140625,91.94000244140625,90.0,90.55999755859375
2024-01-05,90.41000366210938,91.31999969482422,90.36000061035156,90.9000015258789
2024-01-08,91.55000305175781,91.94000244140625,91.0,91.55000305175781
2024-01-09,91.05000305175781,91.0999984741211,89.5999984741211,89.66999816894531
2024-01-10,89.81999969482422,89.81999969482422,88.87999725341797,89.29000091552734
2024-01-11,89.38999938964844,89.77999877929688,88.69000244140625,89.44999694824219
2024-01-12,89.6500015258789,90.83000183105469,89.6500015258789,90.3499984741211
2024-01-16,90.29000091552734,93.08999633789062,89.45999908447266,93.05000305175781
2024-01-17,92.58000183105469,93.76000213623047,90.0999984741211,90.33999633789062
2024-01-18,90.66000366210938,92.51000213623047,90.41000366210938,92.20999908447266
2024-01-19,92.31999969482422,93.58000183105469,91.62999725341797,93.05999755859375
2024-01-22,92.87000274658203,95.2300033569336,92.87000274658203,95.08000183105469
2024-01-23,95.43000030517578,95.88999938964844,93.18000030517578,93.7699966430664
2024-01-24,94.41999816894531,95.25,93.26000213623047,93.5
2024-01-25,93.91999816894531,94.94000244140625,93.75,94.86000061035156
2024-01-26,95.0,95.52999877929688,94.69999694824219,95.36000061035156
2024-01-29,95.41999816894531,97.5,95.0,97.48999786376953
2024-01-30,96.5199966430664,97.54000091552734,96.01000213623047,96.94000244140625
2024-01-31,96.41999816894531,97.56999969482422,95.80999755859375,96.05000305175781
2024-02-01,96.37000274658203,97.93000030517578,95.9000015258789,97.05999755859375
2024-02-02,96.27999877929688,97.41000366210938,95.81999969482422,97.12999725341797
2024-02-05,96.69999694824219,97.37000274658203,96.48999786376953,96.6500015258789
2024-02-06,96.91999816894531,99.31999969482422,96.79000091552734,99.29000091552734
2024-02-07,97.38999938964844,99.27999877929688,96.63999938964844,99.13999938964844
2024-02-08,107.08000183105469,112.7699966430664,106.80000305175781,110.54000091552734
2024-02-09,109.5999984741211,110.1500015258789,107.69000244140625,108.38999938964844
2024-02-12,107.87999725341797,111.05999755859375,107.83000183105469,109.29000091552734
2024-02-13,108.27999877929688,110.6500015258789,108.20999908447266,110.45999908447266
2024-02-14,110.58000183105469,111.68000030517578,109.66999816894531,111.55999755859375
2024-02-15,111.08000183105469,112.91999816894531,111.08000183105469,112.44999694824219
2024-02-16,112.0199966430664,112.55999755859375,111.16000366210938,111.5999984741211
2024-02-20,110.8499984741211,111.12999725341797,109.3499984741211,109.44000244140625
2024-02-21,108.4800033569336,109.22000122070312,107.23999786376953,107.66999816894531
2024-02-22,107.98999786376953,108.48999786376953,107.41000366210938,107.63999938964844
2024-02-23,107.56999969482422,108.0,105.83000183105469,107.73999786376953
2024-02-26,107.5199966430664,108.76000213623047,107.37999725341797,107.68000030517578
2024-02-27,107.77999877929688,109.58000183105469,107.77999877929688,109.41999816894531
2024-02-28,108.77999877929688,111.04000091552734,108.66000366210938,110.80000305175781
2024-02-29,111.13999938964844,112.75,110.97000122070312,111.58000183105469
2024-03-01,111.44000244140625,112.1500015258789,111.02999877929688,111.94999694824219
2024-03-04,112.66999816894531,114.12999725341797,111.80000305175781,113.69000244140625
2024-03-05,113.61000061035156,115.19000244140625,112.2699966430664,112.87000274658203
2024-03-06,113.08000183105469,113.30000305175781,109.25,110.05999755859375
2024-03-07,110.69999694824219,111.08000183105469,109.19999694824219,110.18000030517578
2024-03-08,110.18000030517578,111.30999755859375,109.33999633789062,110.31999969482422
2024-03-11,110.08999633789062,112.91000366210938,110.02999877929688,112.30999755859375
2024-03-12,112.5199966430664,112.94999694824219,111.63999938964844,112.45999908447266
2024-03-13,112.73999786376953,114.12999725341797,112.44000244140625,112.5
2024-03-14,111.73999786376953,112.3499984741211,109.51000213623047,112.05999755859375
2024-03-15,111.5999984741211,112.95999908447266,111.4000015258789,111.94999694824219
2024-03-18,112.29000091552734,114.43000030517578,112.29000091552734,113.8499984741211
2024-03-19,113.41000366210938,115.16999816894531,113.23999786376953,114.51000213623047
2024-03-20,114.61000061035156,116.51000213623047,114.36000061035156,116.45999908447266
2024-03-21,116.98999786376953,117.36000061035156,115.86000061035156,116.69999694824219
2024-03-22,116.91999816894531,117.66000366210938,115.83999633789062,115.87000274658203
2024-03-25,116.97000122070312,119.41000366210938,116.87000274658203,119.36000061035156
2024-03-26,119.62999725341797,120.4000015258789,118.19000244140625,119.93000030517578
2024-03-27,120.95999908447266,122.02999877929688,120.0199966430664,120.9800033569336
2024-03-28,121.25,123.73999786376953,121.19999694824219,122.36000061035156
2024-04-01,122.05999755859375,122.4000015258789,120.77999877929688,121.52999877929688
2024-04-02,120.22000122070312,123.52999877929688,120.16000366210938,122.81999969482422
2024-04-03,122.2699966430664,123.69000244140625,118.37999725341797,118.9800033569336
2024-04-04,119.22000122070312,120.19000244140625,116.95999908447266,117.08999633789062
2024-04-05,116.5999984741211,118.86000061035156,116.30000305175781,118.37999725341797
2024-04-08,118.0199966430664,118.5199966430664,116.81999969482422,117.3499984741211
2024-04-09,117.37999725341797,118.51000213623047,116.88999938964844,117.97000122070312
2024-04-10,116.5999984741211,117.55999755859375,116.37000274658203,117.19000244140625
2024-04-11,117.58999633789062,118.27999877929688,116.37000274658203,117.1500015258789
2024-04-12,116.38999938964844,116.69999694824219,113.7300033569336,114.01000213623047
2024-04-15,114.87999725341797,115.55000305175781,112.7699966430664,112.94999694824219
2024-04-16,112.81999969482422,114.5,112.5199966430664,113.87999725341797
2024-04-17,114.0,114.20999908447266,112.88999938964844,112.94000244140625
2024-04-18,113.18000030517578,114.25,112.19000244140625,112.43000030517578
2024-04-19,111.72000122070312,112.72000122070312,111.08000183105469,112.61000061035156
2024-04-22,113.0999984741211,113.63999938964844,111.75,111.98999786376953
2024-04-23,112.83000183105469,114.23999786376953,112.80000305175781,113.70999908447266
2024-04-24,113.13999938964844,114.18000030517578,113.13999938964844,113.91999816894531
2024-04-25,111.22000122070312,112.88999938964844,110.38999938964844,112.7699966430664
2024-04-26,111.8499984741211,113.0199966430664,111.31999969482422,112.7300033569336
2024-04-29,113.04000091552734,113.87999725341797,110.33999633789062,112.08000183105469
2024-04-30,112.0,112.04000091552734,110.80000305175781,111.0999984741211
2024-05-01,111.29000091552734,111.98999786376953,110.20999908447266,110.4800033569336
2024-05-02,111.43000030517578,112.87000274658203,110.55999755859375,112.62000274658203
2024-05-03,113.54000091552734,114.11000061035156,112.80000305175781,113.66000366210938
2024-05-06,114.80000305175781,116.94000244140625,114.1500015258789,116.47000122070312
2024-05-07,107.25,107.87999725341797,104.20999908447266,105.38999938964844
2024-05-08,104.9000015258789,106.4800033569336,104.44000244140625,105.44000244140625
2024-05-09,104.62000274658203,106.12999725341797,104.38999938964844,105.80000305175781
2024-05-10,106.91999816894531,107.0199966430664,105.41999816894531,105.79000091552734
2024-05-13,105.58999633789062,106.63999938964844,105.58999633789062,105.83000183105469
2024-05-14,105.30000305175781,105.98999786376953,104.94999694824219,105.3499984741211
2024-05-15,105.62000274658203,105.87999725341797,101.38999938964844,102.7699966430664
2024-05-16,103.04000091552734,104.02999877929688,102.83999633789062,103.37000274658203
2024-05-17,103.62999725341797,103.81999969482422,103.04000091552734,103.25
2024-05-20,103.33000183105469,103.66999816894531,102.5199966430664,102.9000015258789
2024-05-21,102.98999786376953,103.69999694824219,102.72000122070312,103.01000213623047
2024-05-22,102.9800033569336,103.83000183105469,102.75,103.0199966430664
2024-05-23,102.9800033569336,103.01000213623047,100.2699966430664,100.66000366210938
2024-05-24,100.8499984741211,102.08999633789062,100.69000244140625,101.76000213623047
2024-05-28,101.36000061035156,102.86000061035156,100.94999694824219,102.44000244140625
2024-05-29,101.76000213623047,102.08000183105469,100.7699966430664,100.87999725341797
2024-05-30,101.13999938964844,102.06999969482422,100.97000122070312,101.69999694824219
2024-05-31,101.5199966430664,104.08000183105469,101.41000366210938,103.91000366210938
2024-06-03,104.16999816894531,104.22000122070312,102.4800033569336,102.7699966430664
2024-06-04,102.11000061035156,103.48999786376953,101.62999725341797,103.33000183105469
2024-06-05,103.0,103.08000183105469,101.02999877929688,101.5
2024-06-06,101.05000305175781,101.93000030517578,100.80999755859375,101.20999908447266
2024-06-07,100.86000061035156,102.2699966430664,100.55000305175781,101.54000091552734
2024-06-10,101.25,102.8499984741211,100.63999938964844,102.73999786376953
2024-06-11,102.63999938964844,102.87999725341797,100.73999786376953,100.87000274658203
2024-06-12,101.19999694824219,101.69000244140625,100.25,100.80000305175781
2024-06-13,100.61000061035156,101.06999969482422,99.61000061035156,100.08999633789062
2024-06-14,99.80999755859375,100.37999725341797,99.25,99.97000122070312
2024-06-17,100.9800033569336,101.91999816894531,100.62000274658203,101.5199966430664
2024-06-18,101.12000274658203,101.76000213623047,100.61000061035156,101.5
2024-06-20,100.56999969482422,101.94000244140625,100.37999725341797,101.83999633789062
2024-06-21,101.80000305175781,102.54000091552734,101.58999633789062,102.2699966430664
2024-06-24,102.25,103.08000183105469,101.91000366210938,101.9800033569336
2024-06-25,102.66000366210938,103.68000030517578,101.7699966430664,102.19999694824219
2024-06-26,101.9000015258789,102.37000274658203,101.43000030517578,102.18000030517578
2024-06-27,102.04000091552734,102.27999877929688,101.80999755859375,102.16999816894531
2024-06-28,102.0199966430664,102.58000183105469,98.37999725341797,99.29000091552734
2024-07-01,99.4000015258789,99.73999786376953,97.87999725341797,98.04000091552734
2024-07-02,97.94000244140625,97.98999786376953,96.94999694824219,97.98999786376953
2024-07-03,97.83999633789062,99.08000183105469,97.83000183105469,98.61000061035156
2024-07-05,98.30999755859375,98.30999755859375,97.58000183105469,97.98999786376953
2024-07-08,97.69000244140625,98.29000091552734,96.88999938964844,97.37000274658203
2024-07-09,97.47000122070312,97.52999877929688,96.1500015258789,97.05000305175781
2024-07-10,96.94999694824219,97.27999877929688,96.25,96.97000122070312
2024-07-11,97.01000213623047,97.58000183105469,96.30000305175781,96.5999984741211
2024-07-12,97.0999984741211,97.83000183105469,96.9800033569336,97.12999725341797
2024-07-15,97.33000183105469,97.48999786376953,96.5999984741211,96.87000274658203
2024-07-16,97.0199966430664,98.72000122070312,96.54000091552734,98.47000122070312
2024-07-17,98.30000305175781,98.61000061035156,96.52999877929688,97.30999755859375
2024-07-18,97.36000061035156,98.05999755859375,96.68000030517578,96.79000091552734
2024-07-19,96.81999969482422,96.81999969482422,95.44000244140625,95.73999786376953
2024-07-22,95.11000061035156,95.16000366210938,93.48999786376953,94.12999725341797
2024-07-23,90.69999694824219,91.69000244140625,89.83000183105469,90.94000244140625
2024-07-24,90.22000122070312,90.75,89.58000183105469,89.80000305175781
2024-07-25,90.08000183105469,90.5,89.20999908447266,89.20999908447266
2024-07-26,90.0,90.55000305175781,89.33999633789062,89.93000030517578
2024-07-29,90.38999938964844,92.55000305175781,90.19000244140625,92.13999938964844
2024-07-30,91.66999816894531,94.04000091552734,91.66999816894531,93.79000091552734
2024-07-31,93.79000091552734,94.83999633789062,93.63999938964844,93.69000244140625
2024-08-01,93.86000061035156,93.94999694824219,92.5999984741211,93.05000305175781
2024-08-02,92.16000366210938,92.19999694824219,89.0,89.56999969482422
2024-08-05,86.88999938964844,89.55999755859375,86.41999816894531,87.77999877929688
2024-08-06,88.2300033569336,91.91000366210938,87.95999908447266,89.97000122070312
2024-08-07,88.0,89.23999786376953,85.75,85.95999908447266
2024-08-08,85.1500015258789,86.33000183105469,83.91000366210938,85.95999908447266
2024-08-09,86.12999725341797,86.25,84.70999908447266,86.20999908447266
2024-08-12,85.86000061035156,86.37999725341797,85.4800033569336,85.94999694824219
2024-08-13,86.45999908447266,86.45999908447266,85.30999755859375,85.5999984741211
2024-08-14,86.01000213623047,86.54000091552734,85.55999755859375,86.30000305175781
2024-08-15,87.25,88.93000030517578,87.20999908447266,88.79000091552734
2024-08-16,88.95999908447266,89.66999816894531,88.33999633789062,89.30000305175781
2024-08-19,89.41000366210938,90.94999694824219,89.41000366210938,90.81999969482422
2024-08-20,90.38999938964844,90.66999816894531,89.30999755859375,89.73999786376953
2024-08-21,90.22000122070312,90.77999877929688,89.43000030517578,90.72000122070312
2024-08-22,90.98999786376953,91.37999725341797,89.69999694824219,89.91999816894531
2024-08-23,90.1500015258789,90.75,89.68000030517578,90.55999755859375
2024-08-26,90.91999816894531,91.80000305175781,90.91999816894531,91.77999877929688
2024-08-27,91.43000030517578,91.72000122070312,90.75,90.9000015258789
2024-08-28,90.33000183105469,90.62000274658203,88.76000213623047,89.48999786376953
2024-08-29,90.44999694824219,90.69999694824219,89.62999725341797,89.80999755859375
2024-08-30,89.9800033569336,90.44999694824219,89.4000015258789,90.37999725341797
2024-09-03,89.61000061035156,90.48999786376953,88.54000091552734,89.12999725341797
2024-09-04,88.94999694824219,90.0199966430664,88.81999969482422,89.25
2024-09-05,89.66999816894531,89.66999816894531,88.33999633789062,88.6500015258789
2024-09-06,88.44999694824219,89.08999633789062,87.72000122070312,87.94000244140625
2024-09-09,88.22000122070312,88.88999938964844,87.80999755859375,88.33999633789062
2024-09-10,88.33000183105469,88.88999938964844,87.9800033569336,88.4000015258789
2024-09-11,88.05000305175781,88.43000030517578,86.58999633789062,88.31999969482422
2024-09-12,88.22000122070312,89.33000183105469,88.18000030517578,89.30000305175781
2024-09-13,89.44999694824219,90.72000122070312,89.38999938964844,90.55000305175781
2024-09-16,91.0999984741211,92.37000274658203,90.94999694824219,91.8499984741211
2024-09-17,92.37000274658203,93.25,92.16999816894531,92.86000061035156
2024-09-18,93.5199966430664,94.06999969482422,92.69000244140625,93.58000183105469
2024-09-19,94.81999969482422,95.29000091552734,93.31999969482422,93.44999694824219
2024-09-20,93.19999694824219,94.01000213623047,92.81999969482422,93.75
2024-09-23,93.69999694824219,93.69999694824219,92.16000366210938,92.97000122070312
2024-09-24,93.33999633789062,93.79000091552734,92.45999908447266,93.69000244140625
2024-09-25,93.63999938964844,94.44000244140625,93.3499984741211,93.91999816894531
2024-09-26,94.45999908447266,95.79000091552734,94.18000030517578,95.19999694824219
2024-09-27,95.48999786376953,96.9000015258789,95.27999877929688,96.01000213623047
2024-09-30,96.8499984741211,97.56999969482422,95.44000244140625,96.19000244140625
2024-10-01,95.19000244140625,95.8499984741211,93.31999969482422,94.05000305175781
2024-10-02,93.58999633789062,94.58000183105469,93.58999633789062,94.1500015258789
2024-10-03,93.61000061035156,94.08999633789062,93.12999725341797,93.62999725341797
2024-10-04,94.30000305175781,95.33999633789062,93.88999938964844,95.1500015258789
2024-10-07,95.08999633789062,95.13999938964844,91.76000213623047,92.38999938964844
2024-10-08,92.5199966430664,93.73999786376953,91.69000244140625,92.51000213623047
2024-10-09,91.86000061035156,94.01000213623047,91.45999908447266,93.5999984741211
2024-10-10,93.72000122070312,93.87999725341797,92.69000244140625,92.98999786376953
2024-10-11,92.8499984741211,94.61000061035156,92.80000305175781,94.12999725341797
2024-10-14,94.18000030517578,95.19000244140625,93.80000305175781,94.97000122070312
2024-10-15,95.25,95.6500015258789,93.68000030517578,94.22000122070312
2024-10-16,93.7300033569336,96.79000091552734,93.62999725341797,96.75
2024-10-17,96.93000030517578,97.33000183105469,95.61000061035156,96.54000091552734
2024-10-18,97.01000213623047,97.54000091552734,96.05000305175781,97.27999877929688
2024-10-21,97.19999694824219,97.44999694824219,95.94999694824219,96.62000274658203
2024-10-22,96.19999694824219,97.26000213623047,96.19999694824219,96.73999786376953
2024-10-23,96.93000030517578,97.13999938964844,95.98999786376953,96.23999786376953
2024-10-24,96.5999984741211,96.80000305175781,95.25,95.4000015258789
2024-10-25,95.80999755859375,96.8499984741211,95.01000213623047,95.02999877929688
2024-10-28,95.22000122070312,96.69000244140625,95.20999908447266,96.19999694824219
2024-10-29,96.26000213623047,96.62000274658203,95.68000030517578,96.12999725341797
2024-10-30,95.69999694824219,96.70999908447266,94.94000244140625,95.08000183105469
2024-10-31,95.2699966430664,96.62999725341797,95.0,96.19999694824219
2024-11-01,95.69999694824219,96.38999938964844,94.83000183105469,95.80999755859375
2024-11-04,95.83000183105469,96.0199966430664,95.02999877929688,95.79000091552734
2024-11-05,95.5999984741211,96.66999816894531,95.25,96.62999725341797
2024-11-06,98.20999908447266,99.55000305175781,98.20999908447266,98.88999938964844
2024-11-07,98.77999877929688,99.5199966430664,98.12999725341797,98.93000030517578
2024-11-08,98.7300033569336,99.26000213623047,97.61000061035156,99.0199966430664
2024-11-11,99.0,100.9000015258789,99.0,100.86000061035156
2024-11-12,100.55000305175781,101.29000091552734,99.5,100.98999786376953
2024-11-13,100.79000091552734,103.19999694824219,100.3499984741211,102.72000122070312
2024-11-14,110.33000183105469,114.80999755859375,108.4000015258789,109.12000274658203
2024-11-15,110.25,115.19000244140625,110.25,115.08000183105469
2024-11-18,113.33000183105469,115.44000244140625,112.88999938964844,113.54000091552734
2024-11-19,112.05000305175781,112.5,110.81999969482422,112.41999816894531
2024-11-20,112.26000213623047,114.37000274658203,111.47000122070312,114.26000213623047
2024-11-21,114.1500015258789,116.25,113.83000183105469,114.72000122070312
2024-11-22,113.8499984741211,116.33999633789062,113.5999984741211,115.6500015258789
2024-11-25,115.68000030517578,116.58000183105469,114.93000030517578,116.0
2024-11-26,116.0,116.41999816894531,115.44000244140625,115.44999694824219
2024-11-27,115.44999694824219,118.19999694824219,115.44999694824219,117.5999984741211
2024-11-29,117.26000213623047,117.73999786376953,116.7300033569336,117.47000122070312
2024-12-02,117.77999877929688,118.62999725341797,116.55000305175781,117.16000366210938
2024-12-03,117.0,117.2300033569336,115.44999694824219,116.44999694824219
2024-12-04,115.97000122070312,117.29000091552734,115.83999633789062,116.98999786376953
2024-12-05,116.55000305175781,117.2699966430664,116.05999755859375,116.5
2024-12-06,116.55000305175781,117.26000213623047,116.22000122070312,116.7300033569336
2024-12-09,116.38999938964844,117.18000030517578,113.91000366210938,114.61000061035156
2024-12-10,114.6500015258789,114.94999694824219,113.72000122070312,114.7300033569336
2024-12-11,114.63999938964844,115.05000305175781,113.9800033569336,114.61000061035156
2024-12-12,114.69999694824219,115.01000213623047,114.16000366210938,114.9000015258789
2024-12-13,114.31999969482422,114.95999908447266,113.30000305175781,113.33999633789062
2024-12-16,113.0,113.06999969482422,111.7300033569336,112.11000061035156
2024-12-17,111.02999877929688,114.04000091552734,110.80000305175781,113.0199966430664
2024-12-18,113.33999633789062,116.12000274658203,111.23999786376953,111.3499984741211
2024-12-19,111.66000366210938,112.91000366210938,111.25,111.37000274658203
2024-12-20,110.61000061035156,112.97000122070312,110.43000030517578,112.02999877929688
2024-12-23,111.61000061035156,111.8499984741211,110.30999755859375,111.4000015258789
2024-12-24,111.25,112.73999786376953,111.19000244140625,112.55999755859375
2024-12-26,112.12000274658203,113.31999969482422,111.86000061035156,112.55000305175781
2024-12-27,111.81999969482422,112.12000274658203,110.86000061035156,111.55000305175781
2024-12-30,110.43000030517578,111.54000091552734,109.83000183105469,110.80000305175781
2024-12-31,110.77999877929688,111.58999633789062,110.66999816894531,111.3499984741211
2025-01-02,111.69999694824219,112.19999694824219,110.16999816894531,110.81999969482422
2025-01-03,111.37000274658203,111.54000091552734,110.18000030517578,111.16000366210938
2025-01-06,111.47000122070312,112.8499984741211,110.87000274658203,111.05000305175781
2025-01-07,112.1500015258789,113.73999786376953,111.29000091552734,111.38999938964844
2025-01-08,111.0,111.11000061035156,108.63999938964844,109.76000213623047
2025-01-10,110.0,110.54000091552734,107.62000274658203,108.6500015258789
2025-01-13,107.93000030517578,108.61000061035156,106.72000122070312,108.08000183105469
2025-01-14,108.68000030517578,108.95999908447266,107.61000061035156,108.12000274658203
2025-01-15,109.16999816894531,109.5999984741211,107.98999786376953,108.18000030517578
2025-01-16,108.29000091552734,108.5999984741211,106.16000366210938,106.45999908447266
2025-01-17,106.83000183105469,107.73999786376953,106.54000091552734,107.0199966430664
2025-01-21,107.0999984741211,109.44999694824219,106.80000305175781,108.69999694824219
2025-01-22,109.55000305175781,109.55000305175781,108.2300033569336,108.80999755859375
2025-01-23,108.5,111.06999969482422,108.48999786376953,111.04000091552734
2025-01-24,111.16000366210938,113.38999938964844,110.62999725341797,112.16000366210938
2025-01-27,111.68000030517578,114.08000183105469,111.45999908447266,113.33999633789062
2025-01-28,112.8499984741211,112.95999908447266,111.55999755859375,112.13999938964844
2025-01-29,113.5,114.37999725341797,112.76000213623047,113.19000244140625
2025-01-30,114.08999633789062,115.18000030517578,113.12000274658203,113.43000030517578
2025-01-31,113.30000305175781,114.01000213623047,112.76000213623047,113.05999755859375
2025-02-03,111.3499984741211,114.5999984741211,110.86000061035156,114.0
2025-02-04,113.80000305175781,114.66000366210938,112.51000213623047,113.30000305175781
2025-02-05,115.69999694824219,118.58999633789062,110.2300033569336,110.54000091552734
2025-02-06,111.87999725341797,112.68000030517578,109.1500015258789,112.08999633789062
2025-02-07,111.61000061035156,112.55000305175781,110.80999755859375,110.86000061035156
2025-02-10,111.13999938964844,111.37999725341797,108.69000244140625,109.27999877929688
2025-02-11,108.37999725341797,109.05000305175781,107.69000244140625,109.0199966430664
2025-02-12,108.25,109.52999877929688,107.75,109.2300033569336
2025-02-13,108.91999816894531,109.76000213623047,108.55999755859375,109.58999633789062
2025-02-14,109.86000061035156,110.51000213623047,109.58999633789062,110.37999725341797
2025-02-18,109.77999877929688,109.91999816894531,108.70999908447266,109.55999755859375
2025-02-19,109.13999938964844,111.76000213623047,109.13999938964844,111.3499984741211
2025-02-20,111.23999786376953,111.5199966430664,109.37999725341797,110.55000305175781
2025-02-21,111.0,111.76000213623047,107.91999816894531,108.66000366210938
2025-02-24,108.83999633789062,111.55999755859375,108.6500015258789,111.19999694824219
2025-02-25,111.43000030517578,111.9000015258789,109.06999969482422,110.52999877929688
2025-02-26,110.05999755859375,113.25,110.05999755859375,111.83000183105469
2025-02-27,112.31999969482422,113.12000274658203,111.05999755859375,111.30999755859375
2025-02-28,111.45999908447266,113.98999786376953,111.0,113.80000305175781
2025-03-03,114.06999969482422,115.55000305175781,112.0,112.79000091552734
2025-03-04,111.69999694824219,112.25,108.2699966430664,109.01000213623047
2025-03-05,109.33999633789062,110.94000244140625,108.22000122070312,109.30999755859375
2025-03-06,108.37999725341797,108.83000183105469,105.0199966430664,105.43000030517578
2025-03-07,105.0,105.7699966430664,103.30999755859375,105.51000213623047
2025-03-10,104.43000030517578,104.80000305175781,102.11000061035156,103.08000183105469
2025-03-11,99.79000091552734,101.04000091552734,97.44999694824219,97.9000015258789
2025-03-12,98.68000030517578,99.48999786376953,96.37999725341797,98.76000213623047
2025-03-13,97.7699966430664,98.6500015258789,95.93000030517578,96.87000274658203
2025-03-14,97.44000244140625,99.0999984741211,97.41999816894531,98.63999938964844
2025-03-17,98.73999786376953,100.12000274658203,98.66000366210938,99.36000061035156
2025-03-18,99.2699966430664,99.7300033569336,98.4800033569336,99.3499984741211
2025-03-19,99.66000366210938,100.95999908447266,99.47000122070312,100.29000091552734
2025-03-20,99.56999969482422,100.05000305175781,98.63999938964844,98.86000061035156
2025-03-21,98.37999725341797,99.88999938964844,97.75,99.45999908447266
2025-03-24,100.22000122070312,100.44000244140625,98.86000061035156,100.18000030517578
2025-03-25,100.6500015258789,101.76000213623047,100.41000366210938,101.61000061035156
2025-03-26,101.69999694824219,102.2699966430664,100.26000213623047,100.77999877929688
2025-03-27,100.70999908447266,101.02999877929688,99.58000183105469,100.44999694824219
2025-03-28,100.05000305175781,100.38999938964844,97.73999786376953,98.06999969482422
2025-03-31,96.83000183105469,98.8499984741211,95.69999694824219,98.69999694824219
2025-04-01,98.31999969482422,98.58999633789062,96.83999633789062,97.68000030517578
2025-04-02,96.62000274658203,98.30999755859375,96.44999694824219,97.87999725341797
2025-04-03,94.51000213623047,94.77999877929688,88.61000061035156,88.83999633789062
2025-04-04,86.0,87.54000091552734,83.08000183105469,83.52999877929688
2025-04-07,80.98999786376953,86.62999725341797,80.0999984741211,83.30000305175781
2025-04-08,85.94999694824219,86.94999694824219,80.8499984741211,81.72000122070312
2025-04-09,81.29000091552734,92.25,81.19000244140625,91.44000244140625
2025-04-10,88.91999816894531,89.01000213623047,83.06999969482422,85.2300033569336
2025-04-11,85.11000061035156,85.66999816894531,83.3499984741211,84.88999938964844
2025-04-14,85.83000183105469,86.44999694824219,84.02999877929688,84.66000366210938
2025-04-15,84.75,85.9800033569336,84.5199966430664,85.01000213623047
2025-04-16,84.27999877929688,84.80000305175781,82.01000213623047,82.7699966430664
2025-04-17,83.37000274658203,85.77999877929688,83.36000061035156,84.80999755859375
2025-04-21,84.91000366210938,85.2300033569336,82.9800033569336,84.0
2025-04-22,85.01000213623047,86.55999755859375,84.5999984741211,86.08999633789062
2025-04-23,89.02999877929688,89.87000274658203,87.02999877929688,87.29000091552734
2025-04-24,87.44999694824219,90.23999786376953,86.7699966430664,90.01000213623047
2025-04-25,90.06999969482422,90.33999633789062,89.06999969482422,90.27999877929688
2025-04-28,90.44999694824219,91.37000274658203,89.63999938964844,90.16000366210938
2025-04-29,89.83000183105469,91.66000366210938,89.76000213623047,91.16999816894531
2025-04-30,89.88999938964844,91.19000244140625,88.55999755859375,90.94999694824219
2025-05-01,91.2699966430664,91.61000061035156,90.36000061035156,90.80999755859375
2025-05-02,91.83999633789062,93.19000244140625,91.83999633789062,92.48999786376953
2025-05-05,89.69999694824219,93.08000183105469,89.61000061035156,92.11000061035156
2025-05-06,91.19999694824219,92.73999786376953,91.0,92.16999816894531
2025-05-07,102.41999816894531,103.30999755859375,100.13999938964844,102.08999633789062
2025-05-08,103.97000122070312,106.19000244140625,103.86000061035156,105.12000274658203
2025-05-09,105.26000213623047,106.19000244140625,104.76000213623047,105.94000244140625
2025-05-12,109.87000274658203,110.94000244140625,108.66000366210938,110.48999786376953
2025-05-13,110.25,112.19999694824219,110.1500015258789,111.37999725341797
2025-05-14,111.37999725341797,113.41000366210938,110.83000183105469,112.94000244140625
2025-05-15,112.2300033569336,112.8499984741211,111.58000183105469,112.22000122070312
2025-05-16,111.91999816894531,113.44000244140625,111.41999816894531,113.41999816894531
2025-05-19,112.12000274658203,112.98999786376953,111.9000015258789,112.66000366210938
2025-05-20,112.44000244140625,113.4000015258789,111.80999755859375,112.36000061035156
2025-05-21,111.69000244140625,112.48999786376953,110.12999725341797,110.45999908447266
2025-05-22,109.9800033569336,111.80000305175781,109.9800033569336,111.12999725341797
2025-05-23,109.5999984741211,110.3499984741211,108.77999877929688,109.72000122070312
2025-05-27,111.02999877929688,112.88999938964844,110.1500015258789,112.36000061035156
2025-05-28,112.19999694824219,112.47000122070312,111.16999816894531,111.5199966430664
2025-05-29,112.01000213623047,112.26000213623047,110.5199966430664,112.0199966430664
2025-05-30,112.01000213623047,113.3499984741211,111.37000274658203,113.04000091552734
2025-06-02,112.68000030517578,113.5999984741211,112.25,112.94999694824219
2025-06-03,112.7300033569336,114.69000244140625,112.5199966430664,113.5999984741211
2025-06-04,113.86000061035156,114.05000305175781,112.9800033569336,113.48999786376953
2025-06-05,113.7300033569336,114.33999633789062,111.83999633789062,112.52999877929688
2025-06-06,113.36000061035156,114.22000122070312,113.20999908447266,113.9000015258789
2025-06-09,113.9800033569336,116.11000061035156,113.9800033569336,115.66000366210938
2025-06-10,115.52999877929688,120.5,115.52999877929688,118.7300033569336
2025-06-11,118.37999725341797,119.55000305175781,117.6500015258789,119.5199966430664
2025-06-12,118.87000274658203,119.38999938964844,117.66000366210938,118.61000061035156
2025-06-13,117.30999755859375,118.31999969482422,117.30000305175781,117.94000244140625
2025-06-16,118.0199966430664,120.33999633789062,117.87000274658203,119.4800033569336
2025-06-17,118.98999786376953,119.33000183105469,117.6500015258789,118.12999725341797
2025-06-18,117.87999725341797,118.75,116.83999633789062,117.86000061035156
2025-06-20,118.25,119.05000305175781,116.9000015258789,117.62999725341797
2025-06-23,116.66000366210938,117.98999786376953,115.0199966430664,117.75
2025-06-24,117.75,119.08000183105469,117.75,118.6500015258789
2025-06-25,118.7699966430664,119.72000122070312,118.62999725341797,119.41999816894531
2025-06-26,119.9800033569336,121.66999816894531,119.68000030517578,121.45999908447266
2025-06-27,121.8499984741211,122.94000244140625,121.4800033569336,122.33999633789062
2025-06-30,124.30999755859375,124.69000244140625,123.18000030517578,124.01000213623047
2025-07-01,123.5,123.76000213623047,122.44999694824219,123.48999786376953
2025-07-02,123.31999969482422,123.69999694824219,122.52999877929688,122.9800033569336
2025-07-03,123.06999969482422,124.23999786376953,122.9000015258789,124.0
2025-07-07,123.20999908447266,124.61000061035156,122.58000183105469,123.16000366210938
2025-07-08,123.22000122070312,123.70999908447266,121.81999969482422,121.81999969482422
2025-07-09,121.83999633789062,122.3499984741211,120.61000061035156,120.61000061035156
2025-07-10,120.62000274658203,121.94999694824219,120.62000274658203,121.55999755859375
2025-07-11,120.63999938964844,121.2300033569336,119.7300033569336,119.87000274658203
2025-07-14,119.77999877929688,120.5,119.5999984741211,119.97000122070312
2025-07-15,120.2300033569336,120.2300033569336,118.87999725341797,118.9800033569336
2025-07-16,119.36000061035156,120.56999969482422,118.87999725341797,119.81999969482422
2025-07-17,119.75,122.38999938964844,119.75,122.20999908447266
2025-07-18,121.97000122070312,122.16000366210938,120.29000091552734,121.41999816894531
2025-07-21,121.06999969482422,121.97000122070312,120.77999877929688,120.83999633789062
2025-07-22,120.75,121.43000030517578,120.55999755859375,121.05999755859375
2025-07-23,121.5199966430664,123.18000030517578,121.5,122.94000244140625
2025-07-24,122.8499984741211,123.4000015258789,121.80999755859375,121.94999694824219
2025-07-25,122.26000213623047,122.44999694824219,120.87000274658203,121.47000122070312
2025-07-28,121.02999877929688,121.4000015258789,119.88999938964844,120.37000274658203
2025-07-29,120.58000183105469,120.80999755859375,119.36000061035156,119.91000366210938
2025-07-30,119.94999694824219,120.5,119.18000030517578,119.54000091552734
2025-07-31,119.45999908447266,119.91000366210938,118.58000183105469,119.11000061035156
2025-08-01,117.58999633789062,117.88999938964844,115.56999969482422,116.58999633789062
2025-08-04,117.7300033569336,119.5199966430664,117.7300033569336,119.3499984741211
2025-08-05,119.25,119.56999969482422,117.33000183105469,118.31999969482422
2025-08-06,115.77999877929688,116.12000274658203,112.19999694824219,115.16999816894531
2025-08-07,115.75,116.4000015258789,111.81999969482422,112.87999725341797
2025-08-08,113.30000305175781,114.29000091552734,112.0199966430664,112.43000030517578
2025-08-11,112.91000366210938,113.1500015258789,111.54000091552734,112.55000305175781
2025-08-12,113.30999755859375,114.4000015258789,112.48999786376953,113.72000122070312
2025-08-13,114.2300033569336,117.2300033569336,114.1500015258789,116.63999938964844
2025-08-14,115.4800033569336,116.70999908447266,114.62000274658203,116.30999755859375
2025-08-15,116.56999969482422,116.83999633789062,115.19000244140625,115.38999938964844
2025-08-18,115.19000244140625,117.01000213623047,115.16000366210938,116.55000305175781
2025-08-19,116.5,116.98999786376953,115.72000122070312,116.2699966430664
2025-08-20,116.08000183105469,117.88999938964844,116.0,117.04000091552734
2025-08-21,116.56999969482422,116.66000366210938,115.52999877929688,116.20999908447266
2025-08-22,117.58999633789062,119.77999877929688,117.12999725341797,118.86000061035156
2025-08-25,118.48999786376953,119.05000305175781,117.69999694824219,117.70999908447266
2025-08-26,117.43000030517578,118.37999725341797,117.16000366210938,117.6500015258789
2025-08-27,117.52999877929688,118.45999908447266,117.29000091552734,118.08999633789062
2025-08-28,118.0999984741211,118.37000274658203,116.61000061035156,117.63999938964844
2025-08-29,117.38999938964844,118.6500015258789,117.25,118.37999725341797
2025-09-02,117.0199966430664,118.27999877929688,116.0,118.2699966430664
2025-09-03,117.83000183105469,118.62000274658203,116.3499984741211,117.37999725341797
2025-09-04,117.08000183105469,119.68000030517578,116.76000213623047,118.80999755859375
2025-09-05,118.91000366210938,119.77999877929688,117.69999694824219,117.91000366210938
2025-09-08,117.95999908447266,118.87999725341797,116.73999786376953,118.83999633789062
2025-09-09,118.52999877929688,119.05000305175781,117.22000122070312,117.37000274658203
2025-09-10,116.8499984741211,117.51000213623047,114.5,115.79000091552734
2025-09-11,115.44999694824219,117.16999816894531,114.62999725341797,117.08000183105469
2025-09-12,116.26000213623047,117.01000213623047,115.0999984741211,115.95999908447266
2025-09-15,116.11000061035156,116.75,115.0,115.62000274658203
2025-09-16,115.44999694824219,115.8499984741211,114.70999908447266,115.2300033569336
2025-09-17,115.23999786376953,116.66000366210938,115.22000122070312,116.0999984741211
2025-09-18,115.33000183105469,115.77999877929688,114.05000305175781,114.86000061035156
2025-09-19,114.5999984741211,114.5999984741211,111.93000030517578,113.76000213623047
2025-09-22,111.76000213623047,113.62999725341797,111.5199966430664,112.55999755859375
2025-09-23,112.72000122070312,113.62000274658203,111.5999984741211,112.25
2025-09-24,112.41000366210938,114.1500015258789,112.19999694824219,113.43000030517578
2025-09-25,112.70999908447266,114.05000305175781,112.6500015258789,112.98999786376953
2025-09-26,113.12999725341797,113.56999969482422,112.76000213623047,113.47000122070312
2025-09-29,113.47000122070312,115.01000213623047,113.33000183105469,114.77999877929688
2025-09-30,114.52999877929688,114.87999725341797,113.33999633789062,114.5
2025-10-01,114.08000183105469,116.05999755859375,112.79000091552734,112.94999694824219
2025-10-02,112.9800033569336,113.16999816894531,110.77999877929688,112.13999938964844
2025-10-03,112.04000091552734,113.56999969482422,111.55999755859375,112.47000122070312
2025-10-06,112.69000244140625,113.11000061035156,111.44999694824219,112.75
2025-10-07,112.62999725341797,113.4000015258789,111.80000305175781,112.52999877929688
2025-10-08,112.80999755859375,113.19999694824219,111.6500015258789,111.88999938964844
2025-10-09,111.81999969482422,113.0,110.87999725341797,110.98999786376953
2025-10-10,111.52999877929688,112.68000030517578,109.11000061035156,109.19000244140625
2025-10-13,110.38999938964844,110.95999908447266,109.37999725341797,110.2699966430664
2025-10-14,109.6500015258789,111.83999633789062,109.19999694824219,111.16999816894531
2025-10-15,111.47000122070312,112.68000030517578,111.13999938964844,111.70999908447266
2025-10-16,111.79000091552734,112.08999633789062,108.51000213623047,109.87999725341797
2025-10-17,109.73999786376953,111.45999908447266,109.44000244140625,110.66999816894531
2025-10-20,111.02999877929688,112.25,110.5999984741211,111.95999908447266
2025-10-21,112.25,114.54000091552734,112.04000091552734,114.30000305175781
2025-10-22,114.0,114.27999877929688,112.9800033569336,113.08000183105469
2025-10-23,113.16999816894531,113.83000183105469,111.9000015258789,113.02999877929688
2025-10-24,113.2300033569336,113.6500015258789,111.58999633789062,111.68000030517578
2025-10-27,111.94000244140625,112.5999984741211,111.30999755859375,112.33999633789062
2025-10-28,111.91000366210938,112.4800033569336,111.45999908447266,111.6500015258789
2025-10-29,111.18000030517578,111.52999877929688,110.01000213623047,110.23999786376953
2025-10-30,110.12999725341797,113.58000183105469,109.55000305175781,111.83999633789062
2025-10-31,111.58000183105469,113.0999984741211,110.52999877929688,112.62000274658203
2025-11-03,112.55000305175781,112.80999755859375,111.02999877929688,112.12000274658203
2025-11-04,110.97000122070312,111.79000091552734,110.63999938964844,111.47000122070312
2025-11-05,111.3499984741211,111.97000122070312,110.5999984741211,111.36000061035156
2025-11-06,111.16999816894531,111.70999908447266,109.18000030517578,110.48999786376953
2025-11-07,110.26000213623047,111.43000030517578,110.04000091552734,110.73999786376953
2025-11-10,111.1500015258789,112.79000091552734,111.02999877929688,112.23999786376953
2025-11-11,112.6500015258789,114.97000122070312,112.41999816894531,114.8499984741211
2025-11-12,114.56999969482422,117.08999633789062,114.38999938964844,116.6500015258789
2025-11-13,108.88999938964844,109.36000061035156,104.91000366210938,107.61000061035156
2025-11-14,107.5199966430664,108.7300033569336,105.30000305175781,105.80000305175781
2025-11-17,105.75,107.66999816894531,105.12000274658203,105.69000244140625
2025-11-18,105.0999984741211,107.08000183105469,105.0,106.27999877929688
2025-11-19,106.08000183105469,107.58999633789062,104.08000183105469,104.66999816894531
2025-11-20,105.37000274658203,105.80000305175781,102.5,102.69999694824219
2025-11-21,103.4800033569336,104.77999877929688,102.69000244140625,104.27999877929688
2025-11-24,104.08999633789062,104.33999633789062,101.88999938964844,101.94000244140625
2025-11-25,102.48999786376953,103.91999816894531,102.0,103.30999755859375
2025-11-26,103.31999969482422,104.25,102.87999725341797,103.43000030517578
2025-11-28,103.30000305175781,104.73999786376953,103.23999786376953,104.47000122070312
2025-12-01,104.91999816894531,106.83000183105469,104.47000122070312,106.7699966430664
2025-12-02,106.52999877929688,106.56999969482422,104.81999969482422,104.83000183105469
2025-12-03,104.9000015258789,105.8499984741211,104.47000122070312,105.73999786376953
2025-12-04,105.83999633789062,106.22000122070312,104.51000213623047,105.47000122070312
2025-12-05,105.18000030517578,106.16999816894531,104.55999755859375,105.30000305175781
2025-12-08,105.30000305175781,108.05000305175781,104.83000183105469,107.62999725341797
2025-12-09,107.58999633789062,107.75,106.55000305175781,107.0199966430664
2025-12-10,107.12000274658203,109.66999816894531,106.58000183105469,108.83000183105469
2025-12-11,109.19999694824219,111.55999755859375,109.11000061035156,111.45999908447266
2025-12-12,111.7300033569336,113.33999633789062,111.1500015258789,111.5999984741211
2025-12-15,110.69999694824219,111.55000305175781,108.55000305175781,110.48999786376953
2025-12-16,111.22000122070312,112.8499984741211,110.86000061035156,111.62000274658203
2025-12-17,111.05999755859375,112.12999725341797,110.45999908447266,110.62999725341797
2025-12-18,110.52999877929688,112.80000305175781,110.41999816894531,111.87000274658203
2025-12-19,112.31999969482422,113.4800033569336,110.91999816894531,111.23999786376953
2025-12-22,111.41000366210938,112.80000305175781,111.1500015258789,112.37999725341797
2025-12-23,112.29000091552734,113.30999755859375,112.04000091552734,113.22000122070312
2025-12-24,112.94000244140625,114.52999877929688,112.80000305175781,114.4800033569336
2025-12-26,114.1500015258789,114.73999786376953,113.2699966430664,113.55999755859375
2025-12-29,113.31999969482422,114.48999786376953,113.30999755859375,114.19000244140625
2025-12-30,114.0999984741211,115.27999877929688,114.0999984741211,114.79000091552734
2025-12-31,114.7699966430664,114.88999938964844,113.55000305175781,113.7699966430664
2026-01-02,113.44000244140625,113.44000244140625,111.62000274658203,111.8499984741211
2026-01-05,111.41999816894531,116.02999877929688,111.37999725341797,114.06999969482422
2026-01-06,113.79000091552734,114.76000213623047,113.11000061035156,114.56999969482422
2026-01-07,114.45999908447266,114.97000122070312,112.51000213623047,112.91000366210938
2026-01-08,112.55000305175781,114.98999786376953,112.55000305175781,114.16999816894531
2026-01-09,114.30999755859375,115.9800033569336,113.9000015258789,115.87999725341797
2026-01-12,114.62999725341797,114.94000244140625,112.55000305175781,112.81999969482422
2026-01-13,112.83999633789062,113.22000122070312,111.61000061035156,112.9800033569336
2026-01-14,112.80999755859375,113.58999633789062,112.26000213623047,113.52999877929688
2026-01-15,113.70999908447266,114.11000061035156,112.16999816894531,113.41000366210938
2026-01-16,113.19999694824219,113.8499984741211,111.12000274658203,111.19999694824219
2026-01-20,109.66000366210938,111.08999633789062,108.80000305175781,110.33999633789062
2026-01-21,110.56999969482422,113.25,110.5,113.19000244140625
2026-01-22,113.16999816894531,114.29000091552734,112.16999816894531,113.20999908447266
2026-01-23,112.69000244140625,112.94999694824219,110.55000305175781,110.9800033569336
2026-01-26,111.68000030517578,112.41000366210938,111.12999725341797,111.30999755859375
2026-01-27,111.5,111.80000305175781,110.02999877929688,110.61000061035156
2026-01-28,110.27999877929688,111.43000030517578,109.0,109.55999755859375
2026-01-29,109.62999725341797,111.66999816894531,108.76000213623047,111.58000183105469
2026-01-30,111.36000061035156,112.94999694824219,110.98999786376953,112.80000305175781
2026-02-02,104.01000213623047,108.61000061035156,103.75,104.44999694824219
2026-02-03,104.77999877929688,104.98999786376953,102.33999633789062,104.22000122070312
2026-02-04,104.19999694824219,108.5999984741211,103.62999725341797,107.05000305175781
2026-02-05,107.05000305175781,108.33000183105469,104.80999755859375,104.97000122070312
2026-02-06,106.12999725341797,108.95999908447266,105.37000274658203,108.69999694824219
2026-02-09,108.69000244140625,108.91999816894531,106.7699966430664,107.12999725341797
2026-02-10,107.5999984741211,111.11000061035156,107.5999984741211,109.95999908447266
2026-02-11,108.93000030517578,109.87000274658203,107.80000305175781,108.12000274658203
2026-02-12,107.93000030517578,108.16000366210938,101.0199966430664,102.37999725341797
2026-02-13,101.4000015258789,105.5199966430664,101.19999694824219,105.44999694824219
2026-02-17,106.56999969482422,107.27999877929688,104.37000274658203,105.44000244140625
2026-02-18,105.95999908447266,107.7300033569336,105.80999755859375,107.0999984741211
2026-02-19,107.11000061035156,107.7699966430664,105.44999694824219,106.0
2026-02-20,105.61000061035156,106.19999694824219,104.6500015258789,105.58000183105469
2026-02-23,104.9800033569336,105.19000244140625,102.95999908447266,104.41000366210938
2026-02-24,104.44999694824219,107.2300033569336,103.9800033569336,106.05000305175781
2026-02-25,106.0,106.72000122070312,104.51000213623047,105.05000305175781
2026-02-26,105.47000122070312,106.7699966430664,105.31999969482422,105.55000305175781
2026-02-27,104.77999877929688,106.33999633789062,103.93000030517578,106.04000091552734
2026-03-02,104.61000061035156,104.61000061035156,102.86000061035156,104.33000183105469
2026-03-03,102.83999633789062,104.30999755859375,102.1500015258789,103.30000305175781
2026-03-04,103.16999816894531,103.83999633789062,102.63999938964844,103.04000091552734
2026-03-05,103.0999984741211,104.55000305175781,101.58999633789062,102.41000366210938
2026-03-06,101.38999938964844,101.80999755859375,99.94999694824219,101.54000091552734
2026-03-09,100.55000305175781,101.87000274658203,98.44999694824219,101.66000366210938
2026-03-10,101.75,102.23999786376953,100.23999786376953,101.31999969482422
2026-03-11,101.4000015258789,101.88999938964844,100.4000015258789,100.88999938964844
2026-03-12,100.0999984741211,100.87999725341797,99.37000274658203,99.43000030517578
2026-03-13,99.83000183105469,100.7699966430664,99.16000366210938,99.29000091552734
2026-03-16,99.47000122070312,99.69000244140625,98.45999908447266,98.66000366210938
2026-03-17,99.16999816894531,100.70999908447266,99.0199966430664,100.30000305175781
2026-03-18,99.83999633789062,101.0199966430664,99.0,99.41999816894531
2026-03-19,99.02999877929688,100.77999877929688,98.44000244140625,99.19999694824219
2026-03-20,99.01000213623047,100.02999877929688,98.38999938964844,99.51000213623047
2026-03-23,100.22000122070312,100.5999984741211,97.86000061035156,97.94999694824219
2026-03-24,97.73999786376953,98.05000305175781,96.25,96.38999938964844
2026-03-25,96.81999969482422,97.18000030517578,95.05999755859375,95.94999694824219
2026-03-26,95.12000274658203,96.4000015258789,94.58999633789062,94.75
2026-03-27,94.19000244140625,94.19000244140625,92.19000244140625,92.41999816894531
2026-03-30,92.88999938964844,95.19000244140625,92.88999938964844,94.31999969482422
2026-03-31,95.33999633789062,96.88999938964844,94.19000244140625,96.37999725341797
2026-04-01,97.26000213623047,98.36000061035156,96.48999786376953,96.55999755859375
2026-04-02,96.0,97.16999816894531,95.08999633789062,96.61000061035156
2026-04-06,96.5,97.16000366210938,96.12000274658203,96.27999877929688
2026-04-07,95.80000305175781,96.79000091552734,95.33000183105469,95.77999877929688
2026-04-08,98.0999984741211,99.19000244140625,97.69000244140625,99.18000030517578
2026-04-09,98.66000366210938,100.2300033569336,97.68000030517578,99.79000091552734
2026-04-10,99.83999633789062,100.16000366210938,98.81999969482422,99.16999816894531
2026-04-13,98.52999877929688,101.2699966430664,98.52999877929688,101.18000030517578
2026-04-14,101.33999633789062,103.0999984741211,100.9000015258789,102.58999633789062
2026-04-15,102.5999984741211,103.37999725341797,101.79000091552734,103.04000091552734
2026-04-16,103.62000274658203,104.52999877929688,102.77999877929688,103.9000015258789
2026-04-17,104.69000244140625,106.33000183105469,104.69000244140625,106.29000091552734
2026-04-20,105.91000366210938,107.11000061035156,105.91000366210938,106.30000305175781
2026-04-21,106.19000244140625,106.87999725341797,103.97000122070312,104.29000091552734
2026-04-22,105.02999877929688,106.27999877929688,104.2300033569336,104.81999969482422
2026-04-23,104.94000244140625,105.19999694824219,102.55000305175781,103.6500015258789
2026-04-24,103.5999984741211,103.63999938964844,101.97000122070312,102.5999984741211
2026-04-27,102.62000274658203,103.80999755859375,102.05999755859375,102.3499984741211
2026-04-28,102.66000366210938,103.29000091552734,100.61000061035156,101.47000122070312
2026-04-29,100.94000244140625,101.4800033569336,100.5999984741211,101.30000305175781
2026-04-30,100.91000366210938,104.12000274658203,100.41999816894531,103.75
2026-05-01,104.4000015258789,104.83000183105469,102.97000122070312,103.08000183105469
2026-05-04,102.73999786376953,103.05000305175781,101.2699966430664,101.30999755859375
2026-05-05,101.52999877929688,101.7300033569336,100.05999755859375,100.4800033569336
2026-05-06,106.5199966430664,109.13999938964844,105.30999755859375,108.05999755859375
2026-05-07,109.05000305175781,110.4800033569336,107.08999633789062,108.66000366210938
2026-05-08,109.02999877929688,109.20999908447266,107.54000091552734,108.0199966430664
2026-05-11,108.0,108.38999938964844,104.37999725341797,104.72000122070312
2026-05-12,104.98999786376953,106.2699966430664,104.22000122070312,106.16000366210938
2026-05-13,105.3499984741211,105.87999725341797,103.86000061035156,104.9000015258789
2026-05-14,105.54000091552734,106.29000091552734,104.8499984741211,105.41999816894531
2026-05-15,105.02999877929688,105.41999816894531,102.30000305175781,102.72000122070312
2026-05-18,102.69000244140625,104.69999694824219,102.55000305175781,103.91000366210938
2026-05-19,103.70999908447266,103.93000030517578,101.97000122070312,102.29000091552734
2026-05-20,102.91000366210938,104.86000061035156,101.5999984741211,104.08000183105469
2026-05-21,103.61000061035156,104.62000274658203,102.58999633789062,103.58000183105469
2026-05-22,104.04000091552734,104.5,102.9800033569336,103.0
2026-05-26,103.0999984741211,103.80000305175781,102.3499984741211,103.27999877929688
2026-05-27,103.30000305175781,105.25,103.26000213623047,104.18000030517578
2026-05-28,103.80999755859375,104.41000366210938,103.0999984741211,103.7300033569336
2026-05-29,103.62999725341797,103.76000213623047,101.83000183105469,101.83000183105469
2026-06-01,101.66000366210938,103.01000213623047,100.30000305175781,102.8499984741211
2026-06-02,102.3499984741211,102.48999786376953,100.08999633789062,101.41000366210938
2026-06-03,100.44000244140625,101.2699966430664,99.25,99.38999938964844
2026-06-04,100.54000091552734,101.47000122070312,99.01000213623047,99.33999633789062
2026-06-05,99.68000030517578,100.19999694824219,99.08999633789062,99.70999908447266
2026-06-08,99.5199966430664,99.83999633789062,98.41000366210938,98.87000274658203
2026-06-09,99.05000305175781,100.08999633789062,98.51000213623047,99.33000183105469
2026-06-10,99.48999786376953,99.76000213623047,97.94999694824219,98.61000061035156
2026-06-11,98.83000183105469,100.73999786376953,98.0999984741211,100.33999633789062
2026-06-12,101.05999755859375,101.7699966430664,99.54000091552734,100.04000091552734
2026-06-15,100.87999725341797,102.4000015258789,100.58999633789062,101.69000244140625
2026-06-16,101.43000030517578,101.93000030517578,100.05000305175781,101.27999877929688
2026-06-17,100.66999816894531,102.36000061035156,100.44000244140625,100.86000061035156
2026-06-18,101.80000305175781,104.22000122070312,100.80000305175781,103.88999938964844
2026-06-22,103.41000366210938,104.30999755859375,101.51000213623047,102.44999694824219
2026-06-23,102.0199966430664,104.04000091552734,101.80000305175781,103.52999877929688
2026-06-24,103.0999984741211,104.52999877929688,101.04000091552734,101.12000274658203
2026-06-25,101.11000061035156,101.58000183105469,97.98999786376953,98.05000305175781
2026-06-26,98.05000305175781,99.44999694824219,97.9000015258789,98.79000091552734
2026-06-29,99.70999908447266,100.04000091552734,98.5,98.62999725341797
2026-06-30,97.41000366210938,97.5999984741211,95.98999786376953,96.25
2026-07-01,96.55000305175781,97.76000213623047,95.6500015258789,95.70999908447266
2026-07-02,96.4000015258789,99.5199966430664,95.7699966430664,99.5
2026-07-06,98.8499984741211,99.44000244140625,97.0199966430664,97.41000366210938
2026-07-07,98.13999938964844,99.04000091552734,96.91999816894531,97.4800033569336
2026-07-08,97.30000305175781,97.66000366210938,96.63999938964844,96.69999694824219
2026-07-09,96.33999633789062,96.55000305175781,94.77999877929688,96.16999816894531
2026-07-10,96.88999938964844,97.05000305175781,95.5199966430664,95.62000274658203
2026-07-13,96.0999984741211,97.54000091552734,95.83000183105469,96.0
2026-07-14,95.51000213623047,96.4800033569336,95.12999725341797,96.44999694824219
