Date,Open,High,Low,Close
2018-01-02,52.6510009765625,53.79899978637695,52.6510009765625,53.660499572753906
2018-01-03,53.69649887084961,54.80500030517578,53.67150115966797,54.57600021362305
2018-01-04,54.85449981689453,55.20399856567383,54.7130012512207,54.78799819946289
2018-01-05,55.17250061035156,55.67900085449219,55.09000015258789,55.51449966430664
2018-01-08,55.54999923706055,55.95800018310547,55.5,55.71049880981445
2018-01-09,55.922000885009766,55.922000885009766,55.40999984741211,55.63949966430664
2018-01-10,55.349998474121094,55.638999938964844,55.19900131225586,55.50699996948242
2018-01-11,55.615501403808594,55.74250030517578,55.32400131225586,55.602500915527344
2018-01-12,55.505001068115234,56.564998626708984,55.4005012512207,56.532501220703125
2018-01-16,57.015499114990234,57.444000244140625,56.33300018310547,56.53499984741211
2018-01-17,56.81800079345703,56.965999603271484,56.17449951171875,56.95500183105469
2018-01-18,56.967498779296875,57.02949905395508,56.222999572753906,56.798500061035156
2018-01-19,56.9015007019043,57.18899917602539,56.625,57.17499923706055
2018-01-22,57.191001892089844,58.34400177001953,57.090999603271484,58.20800018310547
2018-01-23,58.53099822998047,58.925498962402344,58.36249923706055,58.80849838256836
2018-01-24,59.249000549316406,59.352500915527344,58.369998931884766,58.56449890136719
2018-01-25,59.035499572753906,59.25,58.59199905395508,59.106998443603516
2018-01-26,59.37649917602539,59.37799835205078,58.4015007019043,59.37799835205078
2018-01-29,59.400001525878906,59.900001525878906,59.202999114990234,59.32400131225586
2018-01-30,58.88600158691406,59.39649963378906,58.72549819946289,58.868499755859375
2018-01-31,59.19049835205078,59.316001892089844,58.60499954223633,59.111000061035156
2018-02-01,58.79949951171875,59.372501373291016,58.46799850463867,59.079498291015625
2018-02-02,56.37099838256836,56.564998626708984,55.55849838256836,55.959999084472656
2018-02-05,55.03049850463867,55.7495002746582,52.83700180053711,53.11949920654297
2018-02-06,51.69900131225586,54.36899948120117,51.5004997253418,54.221500396728516
2018-02-07,54.24850082397461,54.326499938964844,52.73099899291992,52.77050018310547
2018-02-08,52.993499755859375,53.19649887084961,50.23500061035156,50.385501861572266
2018-02-09,51.29399871826172,52.58599853515625,49.849998474121094,52.313499450683594
2018-02-12,52.833499908447266,53.278499603271484,52.27450180053711,52.72800064086914
2018-02-13,52.5,53.06100082397461,52.34600067138672,52.707000732421875
2018-02-14,52.715999603271484,53.77349853515625,52.4900016784668,53.6349983215332
2018-02-15,54.17250061035156,54.70500183105469,53.36149978637695,54.56800079345703
2018-02-16,54.66899871826172,55.41550064086914,54.57749938964844,54.775001525878906
2018-02-20,54.63800048828125,55.81449890136719,54.5,55.179500579833984
2018-02-21,55.45500183105469,56.810001373291016,55.3754997253418,55.6875
2018-02-22,55.958499908447266,56.27299880981445,55.25749969482422,55.494998931884766
2018-02-23,55.93299865722656,56.45000076293945,55.422000885009766,56.40449905395508
2018-02-26,56.59299850463867,57.209999084472656,56.46699905395508,57.185001373291016
2018-02-27,57.185001373291016,57.212501525878906,55.839500427246094,55.8754997253418
2018-02-28,56.099998474121094,56.38249969482422,55.150001525878906,55.19599914550781
2018-03-01,55.47700119018555,55.563499450683594,53.364498138427734,53.570499420166016
2018-03-02,52.89899826049805,54.34450149536133,52.50550079345703,54.207000732421875
2018-03-05,53.90650177001953,55.058998107910156,53.61349868774414,54.737998962402344
2018-03-06,55.10499954223633,55.28150177001953,54.724998474121094,55.04499816894531
2018-03-07,54.64099884033203,55.810001373291016,54.49549865722656,55.75199890136719
2018-03-08,55.86000061035156,56.571998596191406,55.86000061035156,56.46900177001953
2018-03-09,56.974998474121094,58.04999923706055,56.714500427246094,58.04199981689453
2018-03-12,58.252498626708984,58.90800094604492,57.959999084472656,58.29650115966797
2018-03-13,58.59149932861328,58.900001525878906,56.72850036621094,56.99549865722656
2018-03-14,57.290000915527344,57.987998962402344,57.11750030517578,57.44449996948242
2018-03-15,57.47850036621094,58.125,56.78300094604492,57.53049850463867
2018-03-16,57.76750183105469,57.84049987792969,56.56800079345703,56.72100067138672
2018-03-19,55.88800048828125,55.96849822998047,54.44599914550781,55.003501892089844
2018-03-20,54.91999816894531,55.27750015258789,54.12099838256836,54.790000915527344
2018-03-21,54.628501892089844,55.435001373291016,54.36050033569336,54.70000076293945
2018-03-22,54.0004997253418,54.19599914550781,52.481998443603516,52.657501220703125
2018-03-23,52.56850051879883,53.3390007019043,51.243499755859375,51.32749938964844
2018-03-26,52.529998779296875,52.9635009765625,50.52899932861328,52.704498291015625
2018-03-27,53.19499969482422,53.22700119018555,49.88100051879883,50.34700012207031
2018-03-28,50.09550094604492,51.2495002746582,49.20000076293945,50.25899887084961
2018-03-29,50.56050109863281,52.40250015258789,50.20199966430664,51.856998443603516
2018-04-02,51.38100051879883,51.97650146484375,49.712501525878906,50.631500244140625
2018-04-03,50.807498931884766,51.25,49.86249923706055,50.933998107910156
2018-04-04,49.9114990234375,51.637001037597656,49.82550048828125,51.48550033569336
2018-04-05,52.31949996948242,52.33549880981445,51.20000076293945,51.63199996948242
2018-04-06,51.154998779296875,51.79999923706055,50.3125,50.497501373291016
2018-04-09,51.00199890136719,52.22949981689453,50.959999084472656,51.00450134277344
2018-04-10,51.51300048828125,52.06050109863281,50.77050018310547,51.82500076293945
2018-04-11,51.599998474121094,51.79349899291992,50.959999084472656,51.25299835205078
2018-04-12,51.57350158691406,52.23249816894531,51.3025016784668,51.864498138427734
2018-04-13,52.34450149536133,52.64899826049805,51.50749969482422,51.801998138427734
2018-04-16,52.27750015258789,52.57149887084961,51.69599914550781,52.30500030517578
2018-04-17,53.060001373291016,54.25,52.85449981689453,53.96799850463867
2018-04-18,53.95050048828125,54.099998474121094,53.5260009765625,53.769500732421875
2018-04-19,53.45100021362305,54.8754997253418,53.45100021362305,54.47249984741211
2018-04-20,54.2135009765625,54.73749923706055,53.60499954223633,53.86600112915039
2018-04-23,54.14899826049805,54.400001525878906,53.33399963378906,53.69049835205078
2018-04-24,52.959999084472656,53.2244987487793,50.643001556396484,51.13199996948242
2018-04-25,51.48749923706055,51.80350112915039,50.85049819946289,51.14950180053711
2018-04-26,51.6609992980957,52.60100173950195,51.022499084472656,52.16550064086914
2018-04-27,52.277000427246094,52.584999084472656,51.37950134277344,51.5724983215332
2018-04-30,51.72100067138672,51.91849899291992,50.915000915527344,50.92900085449219
2018-05-01,50.814998626708984,52.08649826049805,50.53049850463867,52.037498474121094
2018-05-02,51.70000076293945,52.19900131225586,51.15800094604492,51.3025016784668
2018-05-03,51.26850128173828,51.53450012207031,50.394500732421875,51.314998626708984
2018-05-04,50.980499267578125,52.59400177001953,50.90250015258789,52.54999923706055
2018-05-07,52.69449996948242,53.25,52.51350021362305,52.972999572753906
2018-05-08,53.23099899291992,53.26150131225586,52.582000732421875,52.929500579833984
2018-05-09,53.20500183105469,54.70000076293945,53.105499267578125,54.4474983215332
2018-05-10,54.75,55.47050094604492,54.694000244140625,55.27349853515625
2018-05-11,55.02050018310547,55.45050048828125,54.861000061035156,55.16899871826172
2018-05-14,55.278499603271484,55.907501220703125,55.2400016784668,55.33000183105469
2018-05-15,54.845001220703125,54.95600128173828,53.93899917602539,54.243499755859375
2018-05-16,54.25450134277344,54.71900177001953,54.08150100708008,54.204498291015625
2018-05-17,54.073001861572266,54.54999923706055,53.82099914550781,54.0629997253418
2018-05-18,53.29999923706055,53.686500549316406,53.23400115966797,53.481998443603516
2018-05-21,53.95000076293945,54.665000915527344,53.900001525878906,54.20050048828125
2018-05-22,54.4900016784668,54.59000015258789,53.612998962402344,53.765499114990234
2018-05-23,53.5,54.400001525878906,53.347999572753906,54.29800033569336
2018-05-24,54.345001220703125,54.35599899291992,53.6150016784668,54.272499084472656
2018-05-25,54.32749938964844,54.47850036621094,54.130001068115234,54.20399856567383
2018-05-29,53.79999923706055,54.06700134277344,53.15399932861328,53.403499603271484
2018-05-30,53.67399978637695,53.949501037597656,53.32749938964844,53.87350082397461
2018-05-31,54.099998474121094,55.5,53.900001525878906,55.0
2018-06-01,55.64350128173828,56.90800094604492,55.60049819946289,56.75
2018-06-04,56.92499923706055,57.893001556396484,56.849998474121094,57.652000427246094
2018-06-05,57.733001708984375,58.05500030517578,57.37300109863281,57.55099868774414
2018-06-06,57.63850021362305,57.73550033569336,56.816001892089844,57.34749984741211
2018-06-07,57.229000091552734,57.29349899291992,56.305999755859375,56.72100067138672
2018-06-08,56.56050109863281,56.93899917602539,56.1614990234375,56.635501861572266
2018-06-11,56.64699935913086,57.387001037597656,56.56999969482422,57.04499816894531
2018-06-12,57.05099868774414,57.4375,57.05099868774414,57.40950012207031
2018-06-13,57.61399841308594,57.78200149536133,57.16899871826172,57.21149826049805
2018-06-14,57.61050033569336,58.29949951171875,57.529998779296875,58.00550079345703
2018-06-15,57.99599838256836,58.195499420166016,57.68450164794922,57.9635009765625
2018-06-18,57.634498596191406,59.20650100708008,57.54999923706055,59.17900085449219
2018-06-19,58.50550079345703,59.140499114990234,58.080501556396484,58.93450164794922
2018-06-20,59.165000915527344,60.074501037597656,59.10150146484375,59.20349884033203
2018-06-21,59.2755012512207,59.51649856567383,58.17399978637695,58.47200012207031
2018-06-22,58.574501037597656,58.75,57.98249816894531,58.464500427246094
2018-06-25,57.75,57.79949951171875,55.994998931884766,56.9640007019043
2018-06-26,57.207000732421875,57.34349822998047,56.45000076293945,56.63100051879883
2018-06-27,56.79999923706055,57.31050109863281,55.834999084472656,55.84700012207031
2018-06-28,55.61949920654297,56.70000076293945,55.30350112915039,56.3390007019043
2018-06-29,56.615501403808594,57.06800079345703,56.35100173950195,56.45949935913086
2018-07-02,55.76750183105469,57.14950180053711,55.33000183105469,57.105499267578125
2018-07-03,57.47100067138672,57.49549865722656,55.721500396728516,55.81399917602539
2018-07-05,56.22999954223633,57.207000732421875,56.15599822998047,57.06449890136719
2018-07-06,57.0885009765625,57.810001373291016,56.86199951171875,57.75400161743164
2018-07-09,58.0,58.39649963378906,57.86149978637695,58.36399841308594
2018-07-10,58.4995002746582,58.67499923706055,58.12799835205078,58.356998443603516
2018-07-11,57.78099822998047,59.02199935913086,57.76850128173828,58.573001861572266
2018-07-12,58.74300003051758,60.0994987487793,58.654998779296875,60.0629997253418
2018-07-13,60.13999938964844,60.52199935913086,59.76449966430664,60.22100067138672
2018-07-16,60.19049835205078,60.43550109863281,59.66999816894531,59.82550048828125
2018-07-17,59.137001037597656,60.9379997253418,59.099998474121094,60.65399932861328
2018-07-18,60.42649841308594,61.079498291015625,60.22800064086914,60.64550018310547
2018-07-19,60.33250045776367,60.82400131225586,59.88650131225586,59.95500183105469
2018-07-20,59.96200180053711,60.53850173950195,59.829498291015625,59.89400100708008
2018-07-23,59.78300094604492,60.755001068115234,59.60049819946289,60.54999923706055
2018-07-24,63.54999923706055,63.75,62.207000732421875,62.907501220703125
2018-07-25,62.63100051879883,63.9119987487793,62.45249938964844,63.797000885009766
2018-07-26,63.35900115966797,64.37000274658203,63.150001525878906,64.2750015258789
2018-07-27,64.45600128173828,64.5719985961914,62.2244987487793,62.644500732421875
2018-07-30,62.252498626708984,62.644500732421875,61.208499908447266,61.50199890136719
2018-07-31,61.58549880981445,62.06050109863281,60.80950164794922,61.361000061035156
2018-08-01,61.955501556396484,62.29499816894531,61.24700164794922,61.64950180053711
2018-08-02,60.92499923706055,62.22050094604492,60.90299987792969,62.05649948120117
2018-08-03,62.25899887084961,62.32600021362305,61.47100067138672,61.90800094604492
2018-08-06,62.080501556396484,62.12300109863281,61.5265007019043,61.88349914550781
2018-08-07,62.60049819946289,63.30400085449219,62.59000015258789,62.79199981689453
2018-08-08,62.83599853515625,63.58599853515625,62.60599899291992,63.06650161743164
2018-08-09,63.13650131225586,63.597999572753906,63.005001068115234,63.222999572753906
2018-08-10,62.95899963378906,63.060001373291016,62.358001708984375,62.6254997253418
2018-08-13,62.560001373291016,63.298500061035156,62.35150146484375,62.43199920654297
2018-08-14,62.625,63.02949905395508,61.97700119018555,62.90700149536133
2018-08-15,62.2140007019043,62.5989990234375,61.3120002746582,61.611000061035156
2018-08-16,62.0994987487793,62.185001373291016,60.98149871826172,61.202999114990234
2018-08-17,61.10200119018555,61.34749984741211,60.20000076293945,60.79249954223633
2018-08-20,61.03300094604492,61.295501708984375,60.435001373291016,61.09749984741211
2018-08-21,61.1510009765625,61.63800048828125,60.75149917602539,60.87049865722656
2018-08-22,60.71099853515625,61.326499938964844,60.6609992980957,61.087501525878906
2018-08-23,60.99399948120117,61.75849914550781,60.967498779296875,61.05799865722656
2018-08-24,61.29999923706055,61.869998931884766,61.07099914550781,61.837501525878906
2018-08-27,62.207000732421875,62.89350128173828,62.034000396728516,62.813499450683594
2018-08-28,62.79499816894531,62.827999114990234,62.14849853515625,62.292999267578125
2018-08-29,62.75,63.35850143432617,62.63999938964844,63.23249816894531
2018-08-30,63.16999816894531,63.4744987487793,62.36050033569336,62.72200012207031
2018-08-31,62.61050033569336,62.627498626708984,61.287498474121094,61.59000015258789
2018-09-04,61.125999450683594,61.39350128173828,60.327999114990234,60.56549835205078
2018-09-05,60.46099853515625,60.743499755859375,58.766998291015625,59.95500183105469
2018-09-06,59.92850112915039,59.949501037597656,58.18050003051758,59.199501037597656
2018-09-07,58.599998474121094,59.4275016784668,58.4635009765625,58.87950134277344
2018-09-10,59.209999084472656,59.33300018310547,58.53049850463867,58.75299835205078
2018-09-11,58.55500030517578,59.547000885009766,58.29750061035156,59.4995002746582
2018-09-12,59.099998474121094,59.53450012207031,58.30799865722656,58.58000183105469
2018-09-13,58.98500061035156,59.393001556396484,58.46099853515625,59.106998443603516
2018-09-14,59.400001525878906,59.400001525878906,58.67599868774414,58.89899826049805
2018-09-17,58.88850021362305,59.090999603271484,57.92300033569336,57.99150085449219
2018-09-18,58.132999420166016,59.06650161743164,58.07149887084961,58.355499267578125
2018-09-19,58.448001861572266,58.813499450683594,57.930999755859375,58.7135009765625
2018-09-20,59.03350067138672,59.70000076293945,58.8125,59.57849884033203
2018-09-21,59.74599838256836,59.82899856567383,58.60300064086914,58.60599899291992
2018-09-24,57.97050094604492,59.259498596191406,57.57500076293945,58.97800064086914
2018-09-25,59.212501525878906,59.84299850463867,58.704498291015625,59.69449996948242
2018-09-26,59.68450164794922,60.36199951171875,59.27000045776367,59.702999114990234
2018-09-27,60.0,60.84299850463867,59.90250015258789,60.36800003051758
2018-09-28,60.204498291015625,60.42250061035156,59.89149856567383,60.354000091552734
2018-10-01,60.650001525878906,61.209999084472656,60.15950012207031,60.42649841308594
2018-10-02,60.333499908447266,61.22600173950195,59.983001708984375,60.38199996948242
2018-10-03,60.599998474121094,60.70899963378906,60.10749816894531,60.576499938964844
2018-10-04,60.25149917602539,60.29499816894531,58.192501068115234,58.85350036621094
2018-10-05,58.79999923706055,59.099998474121094,57.715999603271484,58.39149856567383
2018-10-08,58.0,58.792999267578125,56.77000045776367,57.79600143432617
2018-10-09,57.56549835205078,58.07749938964844,57.208499908447266,57.25849914550781
2018-10-10,56.81999969482422,56.85100173950195,54.57550048828125,54.608001708984375
2018-10-11,53.95199966430664,55.803001403808594,53.794498443603516,54.5369987487793
2018-10-12,55.981998443603516,56.291500091552734,54.75149917602539,56.027000427246094
2018-10-15,55.900001525878906,56.09000015258789,54.9109992980957,55.12200164794922
2018-10-16,55.67399978637695,56.81850051879883,55.587501525878906,56.65399932861328
2018-10-17,57.0,57.349998474121094,55.70000076293945,56.37950134277344
2018-10-18,56.5,56.61750030517578,54.31700134277344,54.89550018310547
2018-10-19,55.18550109863281,56.04750061035156,54.85150146484375,55.25899887084961
2018-10-22,55.6254997253418,56.08449935913086,55.0,55.56850051879883
2018-10-23,54.56449890136719,55.900001525878906,53.95050048828125,55.74549865722656
2018-10-24,55.75,55.83100128173828,52.75299835205078,52.85599899291992
2018-10-25,54.01499938964844,55.89099884033203,53.77750015258789,55.179500579833984
2018-10-26,52.416500091552734,55.849998474121094,52.11149978637695,54.1875
2018-10-29,54.82699966430664,55.44150161743164,50.36000061035156,51.73649978637695
2018-10-30,51.0004997253418,52.54499816894531,50.69850158691406,52.47549819946289
2018-10-31,53.40999984741211,55.400001525878906,53.40999984741211,54.52899932861328
2018-11-01,54.56999969482422,54.994998931884766,53.89099884033203,54.29899978637695
2018-11-02,54.45000076293945,54.900001525878906,53.382999420166016,53.574501037597656
2018-11-05,53.62649917602539,53.66749954223633,51.70000076293945,52.7864990234375
2018-11-06,52.750999450683594,53.99100112915039,52.68050003051758,53.47850036621094
2018-11-07,54.17449951171875,55.496498107910156,54.02949905395508,55.4119987487793
2018-11-08,55.3650016784668,55.4109992980957,54.21799850463867,54.73149871826172
2018-11-09,54.20100021362305,54.41749954223633,53.2130012512207,53.85100173950195
2018-11-12,53.65650177001953,53.70500183105469,52.01750183105469,52.46799850463867
2018-11-13,52.740501403808594,53.333499908447266,52.02000045776367,52.39849853515625
2018-11-14,53.0,53.28950119018555,52.05550003051758,52.729000091552734
2018-11-15,52.573001861572266,53.94350051879883,52.06449890136719,53.5525016784668
2018-11-16,53.26150131225586,53.62200164794922,52.744998931884766,53.41350173950195
2018-11-19,53.169498443603516,53.400001525878906,51.14350128173828,51.37099838256836
2018-11-20,50.364498138427734,51.86750030517578,50.11050033569336,51.522499084472656
2018-11-21,52.265499114990234,52.73550033569336,51.972999572753906,52.17150115966797
2018-11-23,51.67499923706055,52.150001525878906,51.42599868774414,51.505001068115234
2018-11-26,52.20000076293945,52.849998474121094,51.98849868774414,52.797000885009766
2018-11-27,52.56700134277344,53.3380012512207,52.275001525878906,52.61399841308594
2018-11-28,52.87300109863281,54.643001556396484,52.147499084472656,54.589500427246094
2018-11-29,54.17649841308594,55.00749969482422,54.099998474121094,54.729000091552734
2018-11-30,54.78150177001953,55.48249816894531,54.159000396728516,55.48249816894531
2018-12-03,56.608001708984375,56.75,55.58649826049805,55.81800079345703
2018-12-04,55.64950180053711,55.71200180053711,53.03900146484375,53.12350082397461
2018-12-06,52.25,53.97100067138672,52.124000549316406,53.90399932861328
2018-12-07,53.61149978637695,54.25149917602539,51.96849822998047,52.32899856567383
2018-12-10,52.14699935913086,52.97999954223633,51.650001525878906,52.659000396728516
2018-12-11,53.34700012207031,53.52000045776367,52.505001068115234,53.08250045776367
2018-12-12,53.854000091552734,54.58649826049805,53.5984992980957,53.686500549316406
2018-12-13,53.78350067138672,54.42100143432617,53.2495002746582,53.676998138427734
2018-12-14,53.000999450683594,53.58599853515625,52.46849822998047,52.58549880981445
2018-12-17,52.35049819946289,53.11899948120117,50.83150100708008,51.282501220703125
2018-12-18,51.70000076293945,52.984500885009766,51.52399826049805,52.170501708984375
2018-12-19,52.364498138427734,53.785499572753906,50.971500396728516,51.77299880981445
2018-12-20,51.29999923706055,52.37200164794922,50.393001556396484,51.17900085449219
2018-12-21,51.60200119018555,51.88349914550781,49.05950164794922,49.5625
2018-12-24,49.215999603271484,50.60599899291992,48.882999420166016,49.23350143432617
2018-12-26,49.89950180053711,52.42250061035156,49.63249969482422,52.39250183105469
2018-12-27,51.310001373291016,52.66699981689453,50.349998474121094,52.64500045776367
2018-12-28,52.974998474121094,53.21149826049805,52.099998474121094,52.33399963378906
2018-12-31,52.89149856567383,53.14950180053711,51.652000427246094,52.24800109863281
2019-01-02,51.36000061035156,53.03950119018555,51.263999938964844,52.73400115966797
2019-01-03,52.53350067138672,53.3129997253418,51.118499755859375,51.27349853515625
2019-01-04,52.12799835205078,54.0,51.84299850463867,53.903499603271484
2019-01-07,54.048500061035156,54.1349983215332,53.13199996948242,53.79600143432617
2019-01-08,54.29999923706055,54.66749954223633,53.41749954223633,54.26850128173828
2019-01-09,54.39950180053711,54.582000732421875,53.71849822998047,54.08250045776367
2019-01-10,53.74700164794922,53.990501403808594,53.23400115966797,53.94150161743164
2019-01-11,53.494998931884766,53.66849899291992,52.82149887084961,53.2234992980957
2019-01-14,52.66699981689453,52.92250061035156,52.4275016784668,52.57550048828125
2019-01-15,52.9005012512207,54.41350173950195,52.72200012207031,54.32550048828125
2019-01-16,54.5,55.11800003051758,54.4005012512207,54.47549819946289
2019-01-17,54.39950180053711,55.03499984741211,54.16299819946289,54.95600128173828
2019-01-18,55.429500579833984,55.900001525878906,54.9640007019043,55.3650016784668
2019-01-22,54.79999923706055,54.94850158691406,53.544498443603516,53.93149948120117
2019-01-23,54.34299850463867,54.647499084472656,53.378501892089844,54.22050094604492
2019-01-24,54.1254997253418,54.400001525878906,53.500999450683594,54.20000076293945
2019-01-25,54.71149826049805,55.167999267578125,54.59000015258789,55.07550048828125
2019-01-28,54.503501892089844,54.66849899291992,53.730499267578125,53.99300003051758
2019-01-29,54.051998138427734,54.23649978637695,53.30099868774414,53.50299835205078
2019-01-30,53.86800003051758,54.97600173950195,53.832000732421875,54.89950180053711
2019-01-31,55.61199951171875,56.38349914550781,55.26250076293945,56.294498443603516
2019-02-01,56.114498138427734,56.720001220703125,55.712501525878906,55.930999755859375
2019-02-04,55.95050048828125,57.117000579833984,55.8754997253418,57.07099914550781
2019-02-05,56.48149871826172,57.63850021362305,56.18000030517578,57.59349822998047
2019-02-06,57.4635009765625,57.70000076293945,55.917999267578125,56.144500732421875
2019-02-07,55.590999603271484,55.5994987487793,54.679500579833984,55.295501708984375
2019-02-08,54.74399948120117,55.255001068115234,54.71200180053711,55.11899948120117
2019-02-11,55.1875,55.67150115966797,55.0,55.10599899291992
2019-02-12,55.550498962402344,56.643001556396484,55.550498962402344,56.37900161743164
2019-02-13,56.652000427246094,57.14250183105469,56.29999923706055,56.43149948120117
2019-02-14,56.25,56.80649948120117,55.85449981689453,56.459999084472656
2019-02-15,56.96500015258789,56.96500015258789,55.83599853515625,55.98149871826172
2019-02-19,55.832000732421875,56.481998443603516,55.832000732421875,56.32550048828125
2019-02-20,56.444000244140625,56.54650115966797,55.587501525878906,56.02949905395508
2019-02-21,55.93899917602539,55.95750045776367,54.89899826049805,55.21049880981445
2019-02-22,55.48500061035156,55.86249923706055,55.025001525878906,55.827999114990234
2019-02-25,56.096500396728516,56.27000045776367,55.705501556396484,55.86650085449219
2019-02-26,55.71849822998047,56.321998596191406,55.334999084472656,56.10049819946289
2019-02-27,55.70050048828125,56.2864990234375,55.428001403808594,56.144500732421875
2019-02-28,55.95000076293945,56.699501037597656,55.920501708984375,56.32749938964844
2019-03-01,56.54999923706055,57.5,56.54999923706055,57.42599868774414
2019-03-04,57.72800064086914,58.2760009765625,56.912498474121094,57.67100143432617
2019-03-05,57.79999923706055,58.824501037597656,57.6510009765625,58.45949935913086
2019-03-06,58.5880012512207,58.73699951171875,58.15250015258789,58.24700164794922
2019-03-07,58.025001525878906,58.17900085449219,57.08549880981445,57.54249954223633
2019-03-08,56.69499969482422,57.67250061035156,56.5099983215332,57.49850082397461
2019-03-11,57.599998474121094,58.99549865722656,57.57849884033203,58.9630012512207
2019-03-12,59.1150016784668,60.285499572753906,59.1150016784668,59.86249923706055
2019-03-13,60.29650115966797,60.35599899291992,59.89550018310547,59.952999114990234
2019-03-14,59.95100021362305,60.23500061035156,59.561500549316406,59.62649917602539
2019-03-15,59.900001525878906,60.08599853515625,59.35049819946289,59.51499938964844
2019-03-18,59.484500885009766,59.747501373291016,59.07400131225586,59.4275016784668
2019-03-19,59.58599853515625,60.170501708984375,59.472999572753906,60.12300109863281
2019-03-20,60.06999969482422,61.4995002746582,59.97949981689453,61.32149887084961
2019-03-21,61.0,61.821998596191406,60.82899856567383,61.80649948120117
2019-03-22,61.442501068115234,61.68149948120117,60.29999923706055,60.38249969482422
2019-03-25,59.97800064086914,60.47200012207031,59.5,59.86899948120117
2019-03-26,60.259498596191406,60.38249969482422,59.0880012512207,59.492000579833984
2019-03-27,59.59600067138672,59.59600067138672,58.21149826049805,58.9005012512207
2019-03-28,58.775001525878906,58.86249923706055,58.17150115966797,58.61349868774414
2019-03-29,59.00899887084961,59.19850158691406,58.319000244140625,58.84450149536133
2019-04-01,59.37699890136719,60.0099983215332,59.31800079345703,59.94900131225586
2019-04-02,60.002498626708984,60.29050064086914,59.5620002746582,60.277000427246094
2019-04-03,60.6349983215332,61.029998779296875,60.25400161743164,60.54050064086914
2019-04-04,60.56449890136719,61.02750015258789,60.45199966430664,60.97249984741211
2019-04-05,60.96500015258789,61.019500732421875,60.50149917602539,60.5724983215332
2019-04-08,60.55550003051758,60.6974983215332,60.23500061035156,60.41400146484375
2019-04-09,60.09450149536133,60.35749816894531,59.91899871826172,60.134498596191406
2019-04-10,60.25450134277344,60.446998596191406,60.03300094604492,60.3224983215332
2019-04-11,60.44499969482422,60.637001037597656,60.22700119018555,60.47949981689453
2019-04-12,60.78099822998047,61.15250015258789,60.66450119018555,61.13650131225586
2019-04-15,61.204498291015625,61.46500015258789,60.72800064086914,61.326499938964844
2019-04-16,61.5,61.79899978637695,61.25199890136719,61.59550094604492
2019-04-17,61.849998474121094,62.255001068115234,61.64500045776367,62.00699996948242
2019-04-18,62.25,62.297000885009766,61.97050094604492,62.07350158691406
2019-04-22,61.833499908447266,62.71699905395508,61.66849899291992,62.6879997253418
2019-04-23,62.832000732421875,63.721500396728516,62.5984992980957,63.52949905395508
2019-04-24,63.52949905395508,63.70000076293945,62.990501403808594,63.002498626708984
2019-04-25,63.51499938964844,63.63999938964844,62.900001525878906,63.367000579833984
2019-04-26,63.66899871826172,63.945499420166016,63.25,63.87099838256836
2019-04-29,64.02549743652344,64.84850311279297,63.58549880981445,64.80999755859375
2019-04-30,59.53150177001953,60.04899978637695,59.150001525878906,59.948001861572266
2019-05-01,59.875,59.962501525878906,58.58399963378906,58.66600036621094
2019-05-02,58.630001068115234,58.96900177001953,57.916500091552734,58.32550048828125
2019-05-03,58.87049865722656,59.56999969482422,58.6775016784668,59.477500915527344
2019-05-06,58.599998474121094,59.77149963378906,58.55799865722656,59.67300033569336
2019-05-07,59.29050064086914,59.73849868774414,58.25,58.94300079345703
2019-05-08,58.864498138427734,59.2135009765625,58.381500244140625,58.53900146484375
2019-05-09,58.130001068115234,58.70349884033203,57.731998443603516,58.39849853515625
2019-05-10,58.44200134277344,58.81399917602539,57.31850051879883,58.38199996948242
2019-05-13,57.262001037597656,57.5984992980957,56.275001525878906,56.829498291015625
2019-05-14,57.11600112915039,57.243499755859375,56.17649841308594,56.24300003051758
2019-05-15,56.127498626708984,58.915000915527344,56.06999969482422,58.540000915527344
2019-05-16,58.59199905395508,59.70800018310547,58.42250061035156,59.224998474121094
2019-05-17,58.791500091552734,59.31449890136719,58.32099914550781,58.43899917602539
2019-05-20,57.650001525878906,57.650001525878906,56.90700149536133,57.233001708984375
2019-05-21,57.7239990234375,57.900001525878906,57.16550064086914,57.72200012207031
2019-05-22,57.5625,58.18899917602539,57.54999923706055,57.79249954223633
2019-05-23,57.30350112915039,57.502498626708984,56.65800094604492,57.266998291015625
2019-05-24,57.599998474121094,57.71799850463867,56.83549880981445,56.93050003051758
2019-05-28,57.07400131225586,57.824501037597656,56.93349838256836,56.97800064086914
2019-05-29,56.6349983215332,56.75,55.59749984741211,55.99700164794922
2019-05-30,56.00749969482422,56.34000015258789,55.79499816894531,56.070499420166016
2019-05-31,55.28200149536133,55.66999816894531,55.16749954223633,55.32500076293945
2019-06-03,53.346500396728516,53.349998474121094,51.35150146484375,51.9370002746582
2019-06-04,52.2244987487793,52.922000885009766,51.80149841308594,52.7244987487793
2019-06-05,52.75,52.84049987792969,51.650001525878906,52.231998443603516
2019-06-06,52.31050109863281,52.5,51.7755012512207,52.38800048828125
2019-06-07,52.7140007019043,53.67150115966797,52.557498931884766,53.41849899291992
2019-06-10,53.849998474121094,54.742000579833984,53.763999938964844,54.13800048828125
2019-06-11,54.8494987487793,55.20050048828125,53.97850036621094,54.051998138427734
2019-06-12,53.997501373291016,54.125999450683594,53.47999954223633,53.95500183105469
2019-06-13,54.23550033569336,54.829498291015625,54.128501892089844,54.550498962402344
2019-06-14,54.48699951171875,54.737998962402344,54.07400131225586,54.314998626708984
2019-06-17,54.45500183105469,55.06399917602539,54.400001525878906,54.69449996948242
2019-06-18,55.57500076293945,55.93899917602539,55.03950119018555,55.262001037597656
2019-06-19,55.36199951171875,55.471500396728516,54.80149841308594,55.22549819946289
2019-06-20,56.084999084472656,56.13600158691406,55.349998474121094,55.65999984741211
2019-06-21,55.49300003051758,56.32849884033203,55.486000061035156,56.26850128173828
2019-06-24,56.0,56.17850112915039,55.66550064086914,55.834999084472656
2019-06-25,55.75400161743164,55.78499984741211,54.22999954223633,54.37900161743164
2019-06-26,54.54999923706055,54.75600051879883,53.68450164794922,54.01599884033203
2019-06-27,54.337501525878906,54.42300033569336,53.79249954223633,53.83150100708008
2019-06-28,53.86149978637695,54.13999938964844,53.689998626708984,54.13999938964844
2019-07-01,55.051998138427734,55.429500579833984,54.76649856567383,55.0
2019-07-02,55.24150085449219,55.644500732421875,54.98350143432617,55.630001068115234
2019-07-03,55.92499923706055,56.39950180053711,55.74250030517578,56.14950180053711
2019-07-05,55.96849822998047,56.73249816894531,55.875,56.63349914550781
2019-07-08,56.29349899291992,56.36050033569336,55.5880012512207,55.839500427246094
2019-07-09,55.51599884033203,56.393001556396484,55.35749816894531,56.214500427246094
2019-07-10,56.61600112915039,57.117000579833984,56.53300094604492,57.045501708984375
2019-07-11,57.30799865722656,57.6619987487793,56.97650146484375,57.20399856567383
2019-07-12,57.14649963378906,57.375,56.928001403808594,57.266998291015625
2019-07-15,57.266998291015625,57.534000396728516,57.0,57.5255012512207
2019-07-16,57.33649826049805,57.92900085449219,57.33649826049805,57.67300033569336
2019-07-17,57.54600143432617,57.922000885009766,57.33100128173828,57.33700180053711
2019-07-18,57.099998474121094,57.40850067138672,56.643001556396484,57.36199951171875
2019-07-19,57.465999603271484,57.57899856567383,56.5625,56.57749938964844
2019-07-22,56.77349853515625,57.000999450683594,56.260501861572266,56.96049880981445
2019-07-23,57.17250061035156,57.44300079345703,56.64250183105469,57.40250015258789
2019-07-24,56.63100051879883,57.27299880981445,56.425498962402344,56.98649978637695
2019-07-25,56.9474983215332,57.179500579833984,56.18550109863281,56.797000885009766
2019-07-26,61.400001525878906,63.419498443603516,61.400001525878906,62.26100158691406
2019-07-29,62.125,62.449501037597656,61.5099983215332,62.09199905395508
2019-07-30,61.349998474121094,61.84550094604492,61.26599884033203,61.400001525878906
2019-07-31,61.243499755859375,61.74549865722656,60.409000396728516,60.90999984741211
2019-08-01,60.881500244140625,61.814998626708984,60.349998474121094,60.5890007019043
2019-08-02,60.150001525878906,60.474998474121094,59.5,59.816001892089844
2019-08-05,58.64849853515625,58.84400177001953,57.13750076293945,57.73749923706055
2019-08-06,58.2760009765625,59.06999969482422,58.076499938964844,58.55400085449219
2019-08-07,57.88999938964844,58.993499755859375,57.54199981689453,58.795501708984375
2019-08-08,59.32149887084961,60.31399917602539,58.70000076293945,60.30950164794922
2019-08-09,59.9995002746582,60.222999572753906,59.24449920654297,59.44499969482422
2019-08-12,59.0,59.28049850463867,58.43600082397461,58.724998474121094
2019-08-13,58.717498779296875,60.27149963378906,58.64950180053711,59.83649826049805
2019-08-14,58.80350112915039,59.13949966430664,58.05350112915039,58.212501525878906
2019-08-15,58.42150115966797,58.82099914550781,58.150001525878906,58.465999603271484
2019-08-16,59.03950119018555,59.19200134277344,58.650001525878906,58.96049880981445
2019-08-19,59.59149932861328,60.46950149536133,59.52000045776367,60.02199935913086
2019-08-20,59.76750183105469,59.900001525878906,59.15250015258789,59.17649841308594
2019-08-21,59.79100036621094,60.02799987792969,59.395999908447266,59.57899856567383
2019-08-22,59.689998626708984,59.93899917602539,58.945499420166016,59.57600021362305
2019-08-23,59.25849914550781,59.78350067138672,57.5,57.67900085449219
2019-08-26,57.97249984741211,58.59299850463867,57.74250030517578,58.558998107910156
2019-08-27,59.150001525878906,59.25,58.22800064086914,58.54100036621094
2019-08-28,58.243499755859375,58.92499923706055,58.01250076293945,58.6875
2019-08-29,59.32099914550781,59.95949935913086,59.263999938964844,59.71200180053711
2019-08-30,60.01750183105469,60.01750183105469,59.2859992980957,59.5265007019043
2019-09-03,59.092498779296875,59.45399856567383,58.18550109863281,58.477500915527344
2019-09-04,58.97249984741211,59.24399948120117,58.576499938964844,59.11349868774414
2019-09-05,59.68299865722656,60.70000076293945,59.634498596191406,60.609500885009766
2019-09-06,60.457000732421875,60.647499084472656,60.16299819946289,60.316001892089844
2019-09-09,60.354000091552734,61.02750015258789,59.65850067138672,60.26350021362305
2019-09-10,59.804500579833984,60.5,59.800498962402344,60.28499984741211
2019-09-11,60.19449996948242,61.12350082397461,60.11399841308594,61.0
2019-09-12,61.173500061035156,62.12099838256836,61.12799835205078,61.74850082397461
2019-09-13,61.605499267578125,62.0525016784668,61.354000091552734,62.00149917602539
2019-09-16,61.52199935913086,61.95100021362305,61.259498596191406,61.58150100708008
2019-09-17,61.58150100708008,61.75,61.16749954223633,61.49399948120117
2019-09-18,61.512001037597656,61.8120002746582,60.82350158691406,61.63249969482422
2019-09-19,61.61600112915039,62.21699905395508,61.615501403808594,61.9375
2019-09-20,61.68199920654297,62.13999938964844,61.17900085449219,61.492000579833984
2019-09-23,61.32849884033203,61.98400115966797,61.18899917602539,61.734500885009766
2019-09-24,62.0,62.355499267578125,60.53200149536133,60.916500091552734
2019-09-25,60.800498962402344,62.4010009765625,60.459999084472656,62.297000885009766
2019-09-26,62.106998443603516,62.23350143432617,61.590999603271484,62.114498138427734
2019-09-27,62.14149856567383,62.2495002746582,60.7599983215332,61.29750061035156
2019-09-30,61.029998779296875,61.37049865722656,60.67100143432617,61.05699920654297
2019-10-01,61.1245002746582,61.643001556396484,60.27750015258789,60.29999923706055
2019-10-02,59.82500076293945,59.9379997253418,58.631500244140625,58.895999908447266
2019-10-03,59.16699981689453,59.54999923706055,58.15700149536133,59.471500396728516
2019-10-04,59.714500427246094,60.62300109863281,59.548500061035156,60.54800033569336
2019-10-07,60.349998474121094,60.945499420166016,60.21799850463867,60.412498474121094
2019-10-08,59.938499450683594,60.34349822998047,59.4739990234375,59.506500244140625
2019-10-09,60.06650161743164,60.42300033569336,59.90599822998047,60.119998931884766
2019-10-10,59.93000030517578,60.78099822998047,59.893001556396484,60.4734992980957
2019-10-11,61.201499938964844,61.4375,60.68199920654297,60.785499572753906
2019-10-14,60.69449996948242,61.29399871826172,60.59400177001953,60.88850021362305
2019-10-15,61.07500076293945,62.35649871826172,61.04600143432617,62.11199951171875
2019-10-16,62.09049987792969,62.70949935913086,61.92649841308594,62.150001525878906
2019-10-17,62.56999969482422,63.1875,62.493499755859375,62.63999938964844
2019-10-18,62.734500885009766,62.90549850463867,62.00699996948242,62.22050094604492
2019-10-21,62.435001373291016,62.675498962402344,61.9995002746582,62.2140007019043
2019-10-22,62.2239990234375,62.436500549316406,61.99250030517578,62.060001373291016
2019-10-23,62.010501861572266,62.902000427246094,62.010501861572266,62.881500244140625
2019-10-24,62.955501556396484,63.14500045776367,62.61750030517578,62.955501556396484
2019-10-25,62.599998474121094,63.400001525878906,62.45750045776367,63.21500015258789
2019-10-28,63.75,64.96199798583984,63.615501403808594,64.4489974975586
2019-10-29,63.79999923706055,64.04000091552734,62.78049850463867,63.03300094604492
2019-10-30,62.75749969482422,63.4010009765625,62.532501220703125,63.03499984741211
2019-10-31,63.0,63.32600021362305,62.4739990234375,62.939998626708984
2019-11-01,63.290000915527344,63.650001525878906,62.98550033569336,63.61249923706055
2019-11-04,63.80550003051758,64.625,63.80550003051758,64.48049926757812
2019-11-05,64.55999755859375,64.86199951171875,64.46900177001953,64.5719985961914
2019-11-06,64.50450134277344,64.64949798583984,64.1135025024414,64.55049896240234
2019-11-07,64.71399688720703,66.13249969482422,64.6875,65.34700012207031
2019-11-08,65.07599639892578,65.85549926757812,65.07599639892578,65.44999694824219
2019-11-11,65.19999694824219,65.24500274658203,64.79350280761719,64.91400146484375
2019-11-12,64.92849731445312,65.46749877929688,64.71199798583984,64.8604965209961
2019-11-13,64.65899658203125,65.1259994506836,64.60749816894531,64.80899810791016
2019-11-14,64.75,65.78600311279297,64.6969985961914,65.4574966430664
2019-11-15,65.75250244140625,66.677001953125,65.59449768066406,66.677001953125
2019-11-18,66.61699676513672,66.69599914550781,65.80799865722656,65.99199676513672
2019-11-19,66.33149719238281,66.33149719238281,65.5885009765625,65.62950134277344
2019-11-20,65.56800079345703,65.6604995727539,64.46050262451172,65.09300231933594
2019-11-21,64.9625015258789,65.55599975585938,64.5374984741211,65.00700378417969
2019-11-22,65.1500015258789,65.34500122070312,64.46800231933594,64.68350219726562
2019-11-25,64.81300354003906,65.52050018310547,64.78050231933594,65.28199768066406
2019-11-26,65.49549865722656,65.70050048828125,65.2020034790039,65.6500015258789
2019-11-27,65.77100372314453,65.88200378417969,65.47350311279297,65.60649871826172
2019-11-29,65.33000183105469,65.49749755859375,65.1614990234375,65.20449829101562
2019-12-02,65.12799835205078,65.27200317382812,64.01899719238281,64.44300079345703
2019-12-03,63.93299865722656,64.86150360107422,63.852500915527344,64.73699951171875
2019-12-04,65.30500030517578,66.2135009765625,65.15249633789062,65.9469985961914
2019-12-05,66.3499984741211,66.39900207519531,65.71600341796875,66.3479995727539
2019-12-06,66.63749694824219,67.12349700927734,66.5615005493164,66.96949768066406
2019-12-09,66.94300079345703,67.87750244140625,66.80349731445312,67.14949798583984
2019-12-10,66.99700164794922,67.4000015258789,66.69999694824219,67.14450073242188
2019-12-11,67.41500091552734,67.49449920654297,67.05500030517578,67.2125015258789
2019-12-12,67.1604995727539,67.72899627685547,66.91000366210938,67.42449951171875
2019-12-13,67.3949966430664,67.56749725341797,67.08300018310547,67.34349822998047
2019-12-16,67.75,68.17649841308594,67.53050231933594,68.03500366210938
2019-12-17,68.12049865722656,68.21649932861328,67.53849792480469,67.74449920654297
2019-12-18,67.8499984741211,67.97149658203125,67.52300262451172,67.59549713134766
2019-12-19,67.59549713134766,67.87650299072266,67.4375,67.8219985961914
2019-12-20,68.15499877929688,68.19999694824219,67.5364990234375,67.56099700927734
2019-12-23,67.9365005493164,68.09249877929688,67.4000015258789,67.53150177001953
2019-12-24,67.510498046875,67.60050201416016,67.20850372314453,67.22149658203125
2019-12-26,67.32749938964844,68.16000366210938,67.27549743652344,68.12349700927734
2019-12-27,68.19999694824219,68.35250091552734,67.6500015258789,67.73200225830078
2019-12-30,67.84049987792969,67.8499984741211,66.89199829101562,66.9854965209961
2019-12-31,66.78949737548828,67.03299713134766,66.60649871826172,66.96949768066406
2020-01-02,67.42050170898438,68.43399810791016,67.32450103759766,68.43399810791016
2020-01-03,67.4000015258789,68.6875,67.36599731445312,68.07599639892578
2020-01-06,67.58149719238281,69.91600036621094,67.55000305175781,69.8905029296875
2020-01-07,70.02300262451172,70.17500305175781,69.5780029296875,69.75550079345703
2020-01-08,69.74099731445312,70.59249877929688,69.63150024414062,70.25199890136719
2020-01-09,71.09649658203125,71.43399810791016,70.510498046875,70.989501953125
2020-01-10,71.47350311279297,71.74700164794922,70.9800033569336,71.447998046875
2020-01-13,71.76249694824219,72.0739974975586,71.26850128173828,72.00150299072266
2020-01-14,72.0,72.13150024414062,71.38849639892578,71.52950286865234
2020-01-15,71.6510009765625,72.03900146484375,71.58300018310547,71.95999908447266
2020-01-16,72.27249908447266,72.53500366210938,72.0,72.50800323486328
2020-01-17,73.12699890136719,74.02749633789062,72.82749938964844,73.97599792480469
2020-01-21,73.94999694824219,74.49400329589844,73.510498046875,74.11250305175781
2020-01-22,74.48650360107422,75.02899932861328,74.13300323486328,74.19349670410156
2020-01-23,74.37750244140625,74.67500305175781,74.01599884033203,74.2344970703125
2020-01-24,74.64099884033203,74.70999908447266,73.15899658203125,73.30850219726562
2020-01-27,71.5770034790039,71.8290023803711,70.9749984741211,71.58650207519531
2020-01-28,72.08699798583984,72.73999786376953,71.51799774169922,72.5250015258789
2020-01-29,72.9229965209961,73.20700073242188,72.26950073242188,72.83499908447266
2020-01-30,71.90499877929688,72.76249694824219,71.75,72.7125015258789
2020-01-31,73.39299774169922,73.4834976196289,71.35299682617188,71.63899993896484
2020-02-03,73.0824966430664,74.31500244140625,72.83049774169922,74.12999725341797
2020-02-04,72.72450256347656,73.36699676513672,71.10150146484375,72.27050018310547
2020-02-05,73.18049621582031,73.22899627685547,71.48400115966797,72.30249786376953
2020-02-06,72.5989990234375,74.0780029296875,72.52400207519531,73.79850006103516
2020-02-07,73.36949920654297,74.26249694824219,73.27050018310547,73.95549774169922
2020-02-10,73.86150360107422,75.44400024414062,73.76000213623047,75.43299865722656
2020-02-11,75.66349792480469,76.49400329589844,75.27249908447266,75.50299835205078
2020-02-12,75.79299926757812,76.01499938964844,75.43350219726562,75.93150329589844
2020-02-13,75.5,76.29750061035156,75.19999694824219,75.66950225830078
2020-02-14,75.72650146484375,76.00250244140625,75.27749633789062,75.9365005493164
2020-02-18,75.71700286865234,76.52799987792969,75.55049896240234,75.97200012207031
2020-02-19,76.36000061035156,76.53700256347656,76.04900360107422,76.24349975585938
2020-02-20,75.95050048828125,76.35350036621094,75.21299743652344,75.84950256347656
2020-02-21,75.22899627685547,75.54750061035156,73.92449951171875,74.1729965209961
2020-02-24,71.15249633789062,71.81900024414062,70.3395004272461,70.99299621582031
2020-02-25,71.55000305175781,71.84249877929688,69.02100372314453,69.31600189208984
2020-02-26,69.7490005493164,70.68350219726562,68.82749938964844,69.52349853515625
2020-02-27,67.95700073242188,68.47000122070312,65.71199798583984,65.74749755859375
2020-02-28,63.71549987792969,67.12249755859375,63.410499572753906,66.9625015258789
2020-03-02,67.56950378417969,69.37349700927734,66.26000213623047,69.31600189208984
2020-03-03,69.88400268554688,70.40950012207031,66.46199798583984,66.88600158691406
2020-03-04,67.947998046875,69.13899993896484,66.8499984741211,69.08000183105469
2020-03-05,67.27749633789062,67.68150329589844,65.08200073242188,65.73799896240234
2020-03-06,63.497501373291016,65.13749694824219,62.86050033569336,64.78700256347656
2020-03-09,60.24800109863281,62.63650131225586,59.902000427246094,60.78950119018555
2020-03-10,62.71950149536133,63.79249954223633,60.72549819946289,63.75849914550781
2020-03-11,62.41350173950195,62.846500396728516,59.55699920654297,60.54499816894531
2020-03-12,56.13100051879883,59.4375,55.423500061035156,55.57749938964844
2020-03-13,58.7495002746582,60.720001220703125,55.614498138427734,60.7135009765625
2020-03-16,54.480499267578125,57.27349853515625,53.354000091552734,53.650001525878906
2020-03-17,54.53200149536133,56.29999923706055,52.45500183105469,55.90299987792969
2020-03-18,52.99700164794922,55.2495002746582,51.849998474121094,54.55950164794922
2020-03-19,54.4109992980957,57.63050079345703,52.77750015258789,55.583499908447266
2020-03-20,56.54499816894531,56.92399978637695,53.10499954223633,53.410499572753906
2020-03-23,52.81850051879883,53.34550094604492,50.44350051879883,52.70650100708008
2020-03-24,55.19900131225586,56.666500091552734,54.32149887084961,56.5004997253418
2020-03-25,56.229000091552734,57.30849838256836,54.1505012512207,55.08100128173828
2020-03-26,55.736000061035156,58.57400131225586,54.60150146484375,58.145999908447266
2020-03-27,56.37350082397461,57.5525016784668,55.20000076293945,55.51300048828125
2020-03-30,56.63199996948242,57.54999923706055,54.92449951171875,57.31549835205078
2020-03-31,57.436500549316406,58.66999816894531,56.83599853515625,58.09749984741211
2020-04-01,56.20000076293945,56.47100067138672,54.67449951171875,55.10499954223633
2020-04-02,55.0,56.13850021362305,54.65650177001953,55.85150146484375
2020-04-03,55.73550033569336,55.93949890136719,53.75400161743164,54.6349983215332
2020-04-06,56.650001525878906,59.537498474121094,56.25,59.15950012207031
2020-04-07,60.85049819946289,61.03900146484375,58.86249923706055,59.12799835205078
2020-04-08,60.154998779296875,60.744998931884766,59.1974983215332,60.349998474121094
2020-04-09,60.909000396728516,61.0994987487793,59.62099838256836,60.32849884033203
2020-04-13,60.07500076293945,60.72600173950195,59.11650085449219,60.52050018310547
2020-04-14,61.99850082397461,63.787498474121094,61.426998138427734,63.26150131225586
2020-04-15,62.32550048828125,63.75550079345703,61.70000076293945,62.8650016784668
2020-04-16,63.356998443603516,63.667999267578125,61.90999984741211,62.871498107910156
2020-04-17,64.08499908447266,64.5,63.29999923706055,63.95000076293945
2020-04-20,63.49449920654297,63.840999603271484,62.821998596191406,63.057498931884766
2020-04-21,62.135501861572266,62.5,60.25,60.608001708984375
2020-04-22,62.05550003051758,63.99399948120117,61.86000061035156,62.920501708984375
2020-04-23,63.2869987487793,64.40750122070312,63.0265007019043,63.55849838256836
2020-04-24,62.75,63.885501861572266,62.20000076293945,63.83000183105469
2020-04-27,64.5999984741211,64.70500183105469,63.25299835205078,63.542999267578125
2020-04-28,64.16000366210938,64.23799896240234,61.51900100708008,61.62950134277344
2020-04-29,67.25,68.00749969482422,66.33650207519531,67.10900115966797
2020-04-30,66.56800079345703,67.5,66.07499694824219,67.33499908447266
2020-05-01,66.20449829101562,67.57150268554688,65.48300170898438,65.86599731445312
2020-05-04,65.40650177001953,66.22350311279297,64.80049896240234,66.1449966430664
2020-05-05,66.875,68.55049896240234,66.75150299072266,67.45099639892578
2020-05-06,67.9000015258789,68.43450164794922,67.25650024414062,67.27149963378906
2020-05-07,68.06549835205078,68.80000305175781,67.62699890136719,68.46399688720703
2020-05-08,69.09100341796875,69.83200073242188,68.60050201416016,69.21700286865234
2020-05-11,68.8395004272461,70.77649688720703,68.7750015258789,70.17949676513672
2020-05-12,70.41100311279297,70.71649932861328,68.72550201416016,68.75900268554688
2020-05-13,68.80799865722656,69.2665023803711,66.40049743652344,67.41649627685547
2020-05-14,66.6760025024414,67.86849975585938,66.16500091552734,67.84300231933594
2020-05-15,67.41300201416016,68.72899627685547,66.94999694824219,68.65299987792969
2020-05-18,68.0790023803711,69.63800048828125,67.70999908447266,69.25900268554688
2020-05-19,69.27400207519531,69.62449645996094,68.68800354003906,68.72000122070312
2020-05-20,69.45800018310547,70.60150146484375,69.37100219726562,70.45800018310547
2020-05-21,70.54949951171875,70.822998046875,69.71949768066406,70.3375015258789
2020-05-22,70.19499969482422,70.8499984741211,69.79750061035156,70.66200256347656
2020-05-26,72.0979995727539,72.25550079345703,70.97000122070312,71.06849670410156
2020-05-27,71.0,71.26750183105469,69.7300033569336,71.01399993896484
2020-05-28,70.0,72.2229995727539,69.9540023803711,70.91200256347656
2020-05-29,71.02149963378906,71.83650207519531,70.79900360107422,71.6760025024414
2020-06-01,71.28500366210938,72.0790023803711,71.11399841308594,71.74349975585938
2020-06-02,71.75,72.1500015258789,71.08049774169922,72.1155014038086
2020-06-03,72.13500213623047,72.45050048828125,71.58100128173828,71.9625015258789
2020-06-04,71.83899688720703,72.06600189208984,70.30049896240234,70.71499633789062
2020-06-05,70.78199768066406,72.31500244140625,70.38099670410156,72.0009994506836
2020-06-08,71.31400299072266,72.44999694824219,71.2239990234375,72.4020004272461
2020-06-09,72.26200103759766,73.38999938964844,72.11799621582031,72.60399627685547
2020-06-10,73.07550048828125,73.63849639892578,72.71800231933594,73.23500061035156
2020-06-11,72.05149841308594,72.58000183105469,69.92050170898438,70.09500122070312
2020-06-12,71.29299926757812,71.72550201416016,69.29000091552734,70.64600372314453
2020-06-15,69.47450256347656,71.25,69.36000061035156,71.03700256347656
2020-06-16,72.44999694824219,72.8584976196289,71.44950103759766,72.32350158691406
2020-06-17,72.64700317382812,73.11000061035156,71.75650024414062,72.62699890136719
2020-06-18,72.49250030517578,72.64849853515625,71.31199645996094,71.70600128173828
2020-06-19,72.0,72.2249984741211,70.94999694824219,71.23200225830078
2020-06-22,71.25050354003906,72.54750061035156,70.95950317382812,72.53299713134766
2020-06-23,72.5999984741211,73.76000213623047,72.25,73.1989974975586
2020-06-24,73.16400146484375,73.78949737548828,71.5,71.63500213623047
2020-06-25,71.56099700927734,72.11599731445312,70.97699737548828,72.05500030517578
2020-06-26,71.63150024414062,71.85099792480469,67.75,68.12699890136719
2020-06-29,68.01699829101562,69.9000015258789,67.5824966430664,69.8584976196289
2020-06-30,69.84400177001953,71.19999694824219,69.34649658203125,70.90249633789062
2020-07-01,70.95850372314453,72.42400360107422,70.70899963378906,72.0999984741211
2020-07-02,72.59200286865234,74.4260025024414,72.55349731445312,73.49649810791016
2020-07-06,74.40750122070312,75.5,73.8489990234375,74.98249816894531
2020-07-07,74.80650329589844,76.06600189208984,74.48500061035156,74.49600219726562
2020-07-08,75.04000091552734,75.55850219726562,74.61499786376953,75.18000030517578
2020-07-09,75.49649810791016,76.45700073242188,74.77950286865234,75.93299865722656
2020-07-10,75.6624984741211,77.06700134277344,75.03600311279297,76.95050048828125
2020-07-13,77.49700164794922,78.81800079345703,75.3280029296875,75.61150360107422
2020-07-14,74.6395034790039,76.13999938964844,74.29650115966797,76.04299926757812
2020-07-15,76.1614990234375,76.81649780273438,74.8915023803711,75.84400177001953
2020-07-16,75.07499694824219,75.79550170898438,74.41349792480469,75.74600219726562
2020-07-17,75.84549713134766,76.17150115966797,74.90499877929688,75.84249877929688
2020-07-20,75.75,78.45050048828125,75.13500213623047,78.19200134277344
2020-07-21,79.25150299072266,79.35250091552734,77.63099670410156,77.7959976196289
2020-07-22,77.7854995727539,78.3489990234375,77.1614990234375,78.24250030517578
2020-07-23,78.29650115966797,78.51750183105469,75.42949676513672,75.8375015258789
2020-07-24,74.95950317382812,75.77149963378906,74.37950134277344,75.4104995727539
2020-07-27,75.66300201416016,76.87799835205078,75.61650085449219,76.47149658203125
2020-07-28,76.25,76.30049896240234,75.0260009765625,75.18250274658203
2020-07-29,75.25,76.66649627685547,75.15049743652344,76.17549896240234
2020-07-30,74.89849853515625,77.04450225830078,74.75849914550781,76.91850280761719
2020-07-31,74.85250091552734,75.2509994506836,72.69999694824219,74.39749908447266
2020-08-03,74.55000305175781,74.8864974975586,73.58599853515625,74.13800048828125
2020-08-04,74.33550262451172,74.65550231933594,73.20149993896484,73.66500091552734
2020-08-05,73.84100341796875,74.5,73.56099700927734,73.95449829101562
2020-08-06,73.80750274658203,75.3134994506836,73.59500122070312,75.24749755859375
2020-08-07,75.4520034790039,76.00450134277344,74.3134994506836,74.91850280761719
2020-08-10,74.54000091552734,75.35749816894531,73.87449645996094,74.84100341796875
2020-08-11,74.69999694824219,75.52200317382812,73.90950012207031,74.0270004272461
2020-08-12,74.35600280761719,75.58350372314453,74.25,75.36199951171875
2020-08-13,75.4104995727539,76.84850311279297,75.4104995727539,75.8324966430664
2020-08-14,75.68049621582031,75.989501953125,74.94999694824219,75.23149871826172
2020-08-17,75.79850006103516,76.18900299072266,75.25,75.81199645996094
2020-08-18,76.30599975585938,77.86849975585938,76.08350372314453,77.78900146484375
2020-08-19,77.62449645996094,78.44300079345703,77.0,77.23049926757812
2020-08-20,76.99849700927734,79.00849914550781,76.7229995727539,78.8125
2020-08-21,78.58999633789062,79.59400177001953,78.1155014038086,78.77850341796875
2020-08-24,79.62349700927734,80.43900299072266,78.75199890136719,79.25749969482422
2020-08-25,79.00499725341797,80.44400024414062,78.89399719238281,80.2925033569336
2020-08-26,80.31500244140625,82.6395034790039,80.04900360107422,82.20649719238281
2020-08-27,82.33049774169922,82.39949798583984,80.94049835205078,81.4260025024414
2020-08-28,81.47350311279297,82.06749725341797,81.28050231933594,81.97149658203125
2020-08-31,82.17849731445312,82.2249984741211,81.2665023803711,81.47650146484375
2020-09-01,81.60800170898438,82.96099853515625,81.47650146484375,82.75399780273438
2020-09-02,83.40049743652344,86.30500030517578,83.0094985961914,85.86949920654297
2020-09-03,84.97599792480469,85.0,80.385498046875,81.47550201416016
2020-09-04,80.44999694824219,81.74949645996094,76.89849853515625,79.06050109863281
2020-09-08,76.25,77.77749633789062,75.82499694824219,76.18000030517578
2020-09-09,77.44499969482422,77.93599700927734,76.25849914550781,77.36150360107422
2020-09-10,77.50900268554688,78.68299865722656,76.0,76.30249786376953
2020-09-11,76.40750122070312,76.93499755859375,74.6510009765625,75.78800201416016
2020-09-14,76.5824966430664,77.8499984741211,75.25550079345703,75.44149780273438
2020-09-15,76.39450073242188,77.54949951171875,76.1050033569336,76.75599670410156
2020-09-16,77.1240005493164,77.71849822998047,75.57949829101562,75.60449981689453
2020-09-17,74.29049682617188,74.93299865722656,73.12300109863281,74.35199737548828
2020-09-18,74.41500091552734,74.76000213623047,71.58100128173828,72.55449676513672
2020-09-21,71.58100128173828,72.00299835205078,70.13400268554688,71.50700378417969
2020-09-22,72.51599884033203,73.19850158691406,71.4749984741211,72.99099731445312
2020-09-23,72.60449981689453,72.65399932861328,70.13400268554688,70.46949768066406
2020-09-24,70.13400268554688,71.89949798583984,70.10749816894531,71.14299774169922
2020-09-25,71.25250244140625,72.2969970703125,70.38400268554688,71.9530029296875
2020-09-28,73.59950256347656,73.64949798583984,72.31400299072266,72.93299865722656
2020-09-29,73.19550323486328,73.5999984741211,72.69999694824219,73.3010025024414
2020-09-30,73.0469970703125,74.30999755859375,72.78800201416016,73.27999877929688
2020-10-01,74.18299865722656,74.75350189208984,73.83999633789062,74.3949966430664
2020-10-02,72.98149871826172,73.95149993896484,72.36750030517578,72.77999877929688
2020-10-05,73.13249969482422,74.23500061035156,73.00450134277344,74.1415023803711
2020-10-06,73.7750015258789,74.22599792480469,72.25050354003906,72.5510025024414
2020-10-07,72.96549987792969,73.44850158691406,71.6614990234375,72.95700073242188
2020-10-08,73.27249908447266,74.40149688720703,73.27249908447266,74.17150115966797
2020-10-09,74.64299774169922,75.59249877929688,74.3499984741211,75.52249908447266
2020-10-12,76.9000015258789,79.4209976196289,76.46499633789062,78.22949981689453
2020-10-13,78.85050201416016,79.25800323486328,77.93150329589844,78.35350036621094
2020-10-14,78.7300033569336,79.19249725341797,77.29499816894531,78.1719970703125
2020-10-15,77.2249984741211,78.56999969482422,77.05650329589844,77.77349853515625
2020-10-16,78.09149932861328,78.885498046875,77.88300323486328,78.38500213623047
2020-10-19,78.79650115966797,79.19650268554688,76.14600372314453,76.49749755859375
2020-10-20,76.15550231933594,78.69200134277344,76.0250015258789,77.55400085449219
2020-10-21,78.49250030517578,80.75700378417969,78.35700225830078,79.29949951171875
2020-10-22,79.25,80.6709976196289,78.8740005493164,80.33300018310547
2020-10-23,80.75250244140625,81.70600128173828,80.59549713134766,81.64900207519531
2020-10-26,80.75,81.47899627685547,78.38899993896484,79.2145004272461
2020-10-27,79.44650268554688,80.0999984741211,78.84950256347656,79.94400024414062
2020-10-28,77.50050354003906,77.69049835205078,75.42400360107422,75.54000091552734
2020-10-29,75.85099792480469,79.43699645996094,75.82749938964844,77.84400177001953
2020-10-30,83.37200164794922,84.06600189208984,80.07849884033203,80.80549621582031
2020-11-02,81.177001953125,82.91200256347656,80.71199798583984,81.21600341796875
2020-11-03,81.53800201416016,82.94999694824219,80.60549926757812,82.28299713134766
2020-11-04,85.27899932861328,88.50150299072266,85.1500015258789,87.2925033569336
2020-11-05,88.52249908447266,89.59100341796875,87.05149841308594,88.125
2020-11-06,87.56700134277344,88.42500305175781,86.83399963378906,87.98650360107422
2020-11-09,89.79900360107422,90.84449768066406,87.87750244140625,88.07099914550781
2020-11-10,86.4885025024414,87.96900177001953,85.80599975585938,86.88600158691406
2020-11-11,87.41999816894531,88.1449966430664,87.15299987792969,87.36150360107422
2020-11-12,87.0999984741211,88.2490005493164,86.89849853515625,87.14099884033203
2020-11-13,87.4000015258789,88.85649871826172,86.79900360107422,88.61299896240234
2020-11-16,88.20700073242188,89.71700286865234,88.06649780273438,88.70149993896484
2020-11-17,88.39299774169922,88.85700225830078,87.97450256347656,88.08300018310547
2020-11-18,87.83200073242188,88.25,86.92849731445312,87.03199768066406
2020-11-19,86.6614990234375,88.17449951171875,86.5009994506836,87.92849731445312
2020-11-20,88.0999984741211,88.41799926757812,86.75,86.81900024414062
2020-11-23,87.01100158691406,87.29949951171875,85.50900268554688,86.37799835205078
2020-11-24,86.375,88.3239974975586,86.0364990234375,88.19499969482422
2020-11-25,88.3905029296875,88.51899719238281,87.41799926757812,88.20649719238281
2020-11-27,88.22699737548828,89.85050201416016,88.22699737548828,89.35099792480469
2020-11-30,88.78250122070312,89.01699829101562,87.39199829101562,87.72000122070312
2020-12-01,88.33300018310547,91.08599853515625,88.15149688720703,89.76799774169922
2020-12-02,89.76799774169922,91.63700103759766,89.25849914550781,91.24849700927734
2020-12-03,91.0270004272461,92.19149780273438,90.8499984741211,91.09200286865234
2020-12-04,91.01100158691406,91.4749984741211,90.67949676513672,91.18800354003906
2020-12-07,90.77749633789062,91.4645004272461,90.1520004272461,90.85150146484375
2020-12-08,90.4260025024414,90.79850006103516,89.56400299072266,90.56649780273438
2020-12-09,90.51799774169922,91.41850280761719,88.0999984741211,88.89299774169922
2020-12-10,88.12999725341797,88.74949645996094,86.67649841308594,88.38249969482422
2020-12-11,88.0,88.8655014038086,87.63700103759766,88.73999786376953
2020-12-14,88.53600311279297,89.48999786376953,87.45649719238281,87.61299896240234
2020-12-15,87.99299621582031,88.19999694824219,87.08350372314453,88.05400085449219
2020-12-16,88.45549774169922,88.45549774169922,87.4530029296875,87.8594970703125
2020-12-17,88.19650268554688,88.33550262451172,86.55750274658203,87.02549743652344
2020-12-18,87.30850219726562,87.41799926757812,85.75,86.31099700927734
2020-12-21,85.45649719238281,86.8499984741211,84.69999694824219,86.72799682617188
2020-12-22,86.46649932861328,86.63050079345703,85.28900146484375,86.01100158691406
2020-12-23,86.19650268554688,87.20549774169922,86.05999755859375,86.4114990234375
2020-12-24,86.44999694824219,87.12049865722656,86.21749877929688,86.70800018310547
2020-12-28,87.24549865722656,89.3499984741211,87.09100341796875,88.697998046875
2020-12-29,89.36150360107422,89.42350006103516,87.75550079345703,87.88800048828125
2020-12-30,88.25,88.38800048828125,86.4000015258789,86.8125
2020-12-31,86.8635025024414,87.875,86.80449676513672,87.63200378417969
2021-01-04,88.0,88.12449645996094,85.35700225830078,86.30650329589844
2021-01-05,86.25450134277344,87.34149932861328,85.84500122070312,87.00250244140625
2021-01-06,85.01300048828125,87.19850158691406,84.80500030517578,86.14399719238281
2021-01-07,86.33799743652344,88.89099884033203,86.33799743652344,88.71700286865234
2021-01-08,88.85800170898438,89.96800231933594,88.06099700927734,89.8915023803711
2021-01-11,88.85099792480469,89.21900177001953,87.60700225830078,87.81449890136719
2021-01-12,87.26799774169922,88.3949966430664,85.81900024414062,86.87149810791016
2021-01-13,86.36599731445312,87.81950378417969,86.36599731445312,87.36250305175781
2021-01-14,87.44349670410156,88.37750244140625,86.30349731445312,86.5459976196289
2021-01-15,86.45099639892578,87.38099670410156,85.58550262451172,86.38099670410156
2021-01-19,87.1500015258789,90.19200134277344,86.6415023803711,89.22350311279297
2021-01-20,91.31849670410156,94.98600006103516,90.97550201416016,94.00350189208984
2021-01-21,94.68250274658203,96.60399627685547,93.97049713134766,94.2074966430664
2021-01-22,94.572998046875,95.21949768066406,93.82499694824219,94.62799835205078
2021-01-25,95.63700103759766,96.09100341796875,92.95800018310547,94.71399688720703
2021-01-26,94.29949951171875,95.7874984741211,93.80650329589844,95.39749908447266
2021-01-27,93.74549865722656,94.02349853515625,89.86399841308594,90.9469985961914
2021-01-28,91.55000305175781,94.39949798583984,91.55000305175781,92.66000366210938
2021-01-29,91.70099639892578,92.37699890136719,90.0780029296875,91.36799621582031
2021-02-01,92.22949981689453,95.7770004272461,92.22949981689453,94.65350341796875
2021-02-02,95.65650177001953,97.46849822998047,95.31849670410156,95.95600128173828
2021-02-03,103.28050231933594,105.33100128173828,100.67749786376953,102.94400024414062
2021-02-04,103.03099822998047,103.46499633789062,101.75499725341797,102.68150329589844
2021-02-05,102.97799682617188,104.7969970703125,102.5,104.44149780273438
2021-02-08,105.0,105.75,103.1675033569336,104.22599792480469
2021-02-09,103.73999786376953,104.92549896240234,103.5,103.76950073242188
2021-02-10,104.15699768066406,104.94400024414062,102.61199951171875,104.3239974975586
2021-02-11,104.55000305175781,104.69999694824219,103.44300079345703,104.4375
2021-02-12,103.9885025024414,104.9749984741211,103.67849731445312,104.75150299072266
2021-02-16,104.5875015258789,107.25700378417969,104.5875015258789,105.53500366210938
2021-02-17,104.6989974975586,106.12200164794922,104.4175033569336,105.93099975585938
2021-02-18,105.25,106.09950256347656,104.66649627685547,105.29049682617188
2021-02-19,105.3895034790039,105.92900085449219,104.17150115966797,104.44049835205078
2021-02-22,102.68000030517578,104.0165023803711,102.4000015258789,102.71299743652344
2021-02-23,100.69950103759766,103.625,99.5114974975586,103.00599670410156
2021-02-24,101.50199890136719,104.41600036621094,101.37650299072266,104.19049835205078
2021-02-25,102.79650115966797,104.1500015258789,100.32450103759766,100.79750061035156
2021-02-26,101.49749755859375,102.82599639892578,100.05049896240234,101.09549713134766
2021-03-01,102.4000015258789,103.8115005493164,101.72100067138672,103.48300170898438
2021-03-02,103.24199676513672,104.73699951171875,102.83350372314453,103.2239990234375
2021-03-03,102.59750366210938,103.79949951171875,99.69999694824219,100.57050323486328
2021-03-04,100.74349975585938,103.72949981689453,100.27149963378906,101.69650268554688
2021-03-05,103.05750274658203,105.30999755859375,101.38899993896484,104.85350036621094
2021-03-08,104.2030029296875,105.68699645996094,100.2594985961914,100.375
2021-03-09,102.48750305175781,103.19599914550781,101.77999877929688,102.01799774169922
2021-03-10,103.06999969482422,103.06999969482422,100.96649932861328,101.80950164794922
2021-03-11,102.91100311279297,105.5634994506836,102.82250213623047,105.0270004272461
2021-03-12,103.82050323486328,103.88050079345703,101.62100219726562,102.5
2021-03-15,102.2490005493164,102.74949645996094,101.3895034790039,102.72200012207031
2021-03-16,103.29949951171875,105.68399810791016,102.9645004272461,104.19450378417969
2021-03-17,103.42350006103516,104.94999694824219,102.20600128173828,104.11100006103516
2021-03-18,102.40899658203125,103.4375,100.95899963378906,101.06700134277344
2021-03-19,101.48650360107422,101.85199737548828,100.14649963378906,101.3479995727539
2021-03-22,101.38150024414062,102.41699981689453,100.69999694824219,101.53450012207031
2021-03-23,101.99749755859375,103.20549774169922,101.4000015258789,102.06649780273438
2021-03-24,102.58799743652344,103.37999725341797,101.44999694824219,101.62650299072266
2021-03-25,101.45249938964844,102.28199768066406,99.80449676513672,101.62300109863281
2021-03-26,101.5895004272461,101.96949768066406,100.19249725341797,101.23650360107422
2021-03-29,101.10800170898438,102.46050262451172,100.27249908447266,102.28949737548828
2021-03-30,102.64900207519531,103.13349914550781,101.80750274658203,102.32350158691406
2021-03-31,102.72000122070312,104.31300354003906,102.3499984741211,103.1259994506836
2021-04-01,104.61250305175781,106.7874984741211,104.57150268554688,106.48899841308594
2021-04-05,107.35749816894531,111.44950103759766,107.260498046875,110.947998046875
2021-04-06,110.5459976196289,111.4000015258789,110.0895004272461,110.46299743652344
2021-04-07,110.65499877929688,112.2249984741211,110.65499877929688,111.95149993896484
2021-04-08,113.19999694824219,113.5895004272461,112.15049743652344,112.52149963378906
2021-04-09,112.27200317382812,113.69850158691406,111.86299896240234,113.53350067138672
2021-04-12,112.70600128173828,112.84449768066406,111.39099884033203,112.23100280761719
2021-04-13,112.54949951171875,113.17350006103516,112.15249633789062,112.72149658203125
2021-04-14,113.37149810791016,113.37149810791016,111.8010025024414,112.09549713134766
2021-04-15,113.09750366210938,114.80000305175781,112.55850219726562,114.26249694824219
2021-04-16,114.46199798583984,114.71199798583984,113.5459976196289,114.13749694824219
2021-04-19,113.50900268554688,115.20449829101562,113.50900268554688,114.48799896240234
2021-04-20,114.87449645996094,114.94999694824219,112.85600280761719,113.95050048828125
2021-04-21,113.60250091552734,114.0,112.24099731445312,113.9175033569336
2021-04-22,113.7699966430664,114.44400024414062,112.01599884033203,112.6259994506836
2021-04-23,113.3499984741211,115.30599975585938,113.0625,114.99649810791016
2021-04-26,115.22599792480469,116.22650146484375,114.86599731445312,115.49649810791016
2021-04-27,115.88150024414062,115.92250061035156,114.30799865722656,114.54900360107422
2021-04-28,119.625,121.56900024414062,117.66100311279297,117.9520034790039
2021-04-29,119.46150207519531,120.20800018310547,118.69249725341797,119.63800048828125
2021-04-30,118.4010009765625,119.09249877929688,117.3280029296875,117.67500305175781
2021-05-03,118.24549865722656,119.07749938964844,116.7750015258789,117.15399932861328
2021-05-04,115.67749786376953,116.24949645996094,112.83399963378906,115.34149932861328
2021-05-05,116.43150329589844,116.75,115.41400146484375,115.7385025024414
2021-05-06,115.31649780273438,116.86750030517578,114.6520004272461,116.86750030517578
2021-05-07,118.19450378417969,118.5625,117.30799865722656,117.59649658203125
2021-05-10,116.40699768066406,116.55000305175781,114.22699737548828,114.5875015258789
2021-05-11,112.15350341796875,114.01399993896484,111.69599914550781,113.50299835205078
2021-05-12,111.30950164794922,112.39900207519531,109.68099975585938,110.01249694824219
2021-05-13,111.30599975585938,111.97200012207031,110.33599853515625,111.4520034790039
2021-05-14,112.927001953125,114.23600006103516,112.5,113.91899871826172
2021-05-17,113.17849731445312,114.48899841308594,112.77549743652344,114.44599914550781
2021-05-18,115.11750030517578,115.38400268554688,113.1094970703125,113.12349700927734
2021-05-19,111.42150115966797,113.74949645996094,111.27200317382812,113.57499694824219
2021-05-20,114.55000305175781,115.5999984741211,114.1760025024414,115.34750366210938
2021-05-21,115.87049865722656,115.94450378417969,114.46499633789062,114.70649719238281
2021-05-24,115.74449920654297,118.27749633789062,115.5979995727539,118.052001953125
2021-05-25,118.5999984741211,119.19999694824219,117.75,118.14350128173828
2021-05-26,118.32599639892578,119.44950103759766,118.322998046875,119.0155029296875
2021-05-27,119.45249938964844,119.45249938964844,117.81300354003906,118.13400268554688
2021-05-28,118.72100067138672,118.80349731445312,117.64250183105469,117.84249877929688
2021-06-01,118.72200012207031,119.2854995727539,117.71399688720703,119.05899810791016
2021-06-02,119.4574966430664,119.68199920654297,117.61799621582031,118.52950286865234
2021-06-03,117.2864990234375,117.85099792480469,116.47599792480469,117.37899780273438
2021-06-04,118.4635009765625,119.95149993896484,118.12049865722656,119.67849731445312
2021-06-07,119.47200012207031,120.22550201416016,119.05000305175781,120.11499786376953
2021-06-08,120.60050201416016,120.97599792480469,119.73899841308594,119.9219970703125
2021-06-09,120.57150268554688,120.64399719238281,119.84500122070312,120.39700317382812
2021-06-10,120.34600067138672,121.80000305175781,120.18900299072266,121.75650024414062
2021-06-11,122.0,122.08599853515625,120.947998046875,121.51000213623047
2021-06-14,121.61299896240234,122.44599914550781,120.9000015258789,122.44550323486328
2021-06-15,122.44999694824219,122.77549743652344,121.05599975585938,121.41950225830078
2021-06-16,121.5719985961914,121.88600158691406,119.47000122070312,120.77249908447266
2021-06-17,120.69750213623047,122.52249908447266,120.5,121.74349975585938
2021-06-18,121.36699676513672,121.60299682617188,120.01499938964844,120.11100006103516
2021-06-21,120.50050354003906,122.0,119.89849853515625,121.8125
2021-06-22,121.75,122.4000015258789,121.06400299072266,122.33049774169922
2021-06-23,122.09349822998047,123.09549713134766,121.83450317382812,122.12699890136719
2021-06-24,122.69999694824219,123.05549621582031,122.30000305175781,122.5
2021-06-25,122.0,122.63300323486328,121.56500244140625,122.50849914550781
2021-06-28,122.67849731445312,122.78500366210938,121.40550231933594,122.53600311279297
2021-06-29,122.67050170898438,123.02100372314453,121.69100189208984,122.27249908447266
2021-06-30,121.99449920654297,122.25700378417969,121.35449981689453,122.0895004272461
2021-07-01,121.7249984741211,122.58699798583984,121.53150177001953,122.44450378417969
2021-07-02,123.1500015258789,125.40399932861328,123.05950164794922,125.25749969482422
2021-07-06,125.64849853515625,126.4280014038086,124.5824966430664,126.19000244140625
2021-07-07,127.16200256347656,127.28399658203125,126.15299987792969,126.4739990234375
2021-07-08,124.0260009765625,125.59549713134766,124.02200317382812,125.04399871826172
2021-07-09,125.0250015258789,125.7344970703125,124.55149841308594,125.51850128173828
2021-07-12,126.1780014038086,127.06950378417969,125.61100006103516,126.97550201416016
2021-07-13,127.03849792480469,128.0574951171875,126.67449951171875,127.34149932861328
2021-07-14,127.95800018310547,129.32650756835938,127.91449737548828,128.23699951171875
2021-07-15,128.6490020751953,128.6999969482422,126.52999877929688,127.00499725341797
2021-07-16,127.66300201416016,127.8115005493164,126.15350341796875,126.97000122070312
2021-07-19,126.0895004272461,126.20500183105469,123.50499725341797,124.5780029296875
2021-07-20,125.52749633789062,127.04299926757812,124.35050201416016,126.20950317382812
2021-07-21,126.13349914550781,127.59600067138672,126.02349853515625,127.54900360107422
2021-07-22,127.84400177001953,128.48300170898438,127.4990005493164,128.42149353027344
2021-07-23,130.4304962158203,133.3990020751953,129.80050659179688,133.01499938964844
2021-07-26,133.32850646972656,134.23699951171875,132.30149841308594,134.03500366210938
2021-07-27,134.25050354003906,134.3990020751953,130.10400390625,131.89999389648438
2021-07-28,136.31199645996094,138.2969970703125,135.27749633789062,136.093994140625
2021-07-29,136.14999389648438,136.66099548339844,135.54299926757812,135.77749633789062
2021-07-30,135.03500366210938,135.30450439453125,134.2550048828125,134.72650146484375
2021-08-02,135.11700439453125,135.3365020751953,133.79400634765625,134.85450744628906
2021-08-03,135.13499450683594,135.73199462890625,133.3195037841797,135.6300048828125
2021-08-04,135.34950256347656,135.64950561523438,134.48699951171875,135.12550354003906
2021-08-05,135.6804962158203,136.35000610351562,134.8459930419922,136.25149536132812
2021-08-06,136.04200744628906,136.47250366210938,135.2100067138672,135.73849487304688
2021-08-09,135.9425048828125,137.1840057373047,135.33949279785156,136.91299438476562
2021-08-10,137.3419952392578,137.7725067138672,136.364501953125,136.8070068359375
2021-08-11,137.18150329589844,137.6824951171875,136.27149963378906,136.2790069580078
2021-08-12,135.97549438476562,137.3000030517578,135.42550659179688,137.19400024414062
2021-08-13,137.25,137.85650634765625,137.0330047607422,137.7274932861328
2021-08-16,137.52499389648438,138.3625030517578,135.2989959716797,138.3094940185547
2021-08-17,137.75,138.2655029296875,136.08200073242188,136.6614990234375
2021-08-18,136.5,137.10450744628906,135.32150268554688,135.44900512695312
2021-08-19,134.4355010986328,136.3524932861328,134.25,135.67999267578125
2021-08-20,136.0,137.5540008544922,135.25,137.42950439453125
2021-08-23,137.96949768066406,140.87449645996094,137.6074981689453,140.04150390625
2021-08-24,140.6114959716797,142.0800018310547,140.3385009765625,141.26150512695312
2021-08-25,141.625,142.1894989013672,141.37600708007812,142.07899475097656
2021-08-26,141.75,142.41749572753906,141.35699462890625,141.4405059814453
2021-08-27,141.65249633789062,144.5124969482422,141.4969940185547,144.00399780273438
2021-08-30,144.39999389648438,145.9705047607422,144.16299438476562,144.5904998779297
2021-08-31,145.14700317382812,145.17149353027344,144.281005859375,144.69749450683594
2021-09-01,145.0,146.25399780273438,144.8834991455078,145.2154998779297
2021-09-02,145.21600341796875,145.51950073242188,143.18499755859375,143.28700256347656
2021-09-03,143.08050537109375,144.15499877929688,142.40049743652344,143.739501953125
2021-09-07,143.83450317382812,144.56500244140625,143.61900329589844,144.28050231933594
2021-09-08,144.10000610351562,144.39999389648438,143.0,143.6909942626953
2021-09-09,143.8404998779297,144.3105010986328,143.17750549316406,143.54100036621094
2021-09-10,144.21249389648438,144.718505859375,140.73800659179688,140.87600708007812
2021-09-13,141.94949340820312,142.9499969482422,141.25,142.33250427246094
2021-09-14,142.99549865722656,143.36300659179688,141.75,142.54449462890625
2021-09-15,142.77149963378906,144.45050048828125,141.34750366210938,144.42950439453125
2021-09-16,143.95050048828125,144.3000030517578,142.40150451660156,143.61000061035156
2021-09-17,143.03050231933594,143.4499969482422,140.47000122070312,140.8000030517578
2021-09-20,138.1614990234375,139.0,136.32200622558594,138.71949768066406
2021-09-21,139.74949645996094,140.01150512695312,138.2779998779297,139.0330047607422
2021-09-22,139.3040008544922,140.88699340820312,138.55149841308594,140.2834930419922
2021-09-23,140.9875030517578,141.69650268554688,140.40150451660156,141.21600341796875
2021-09-24,140.5384979248047,142.33050537109375,140.24099731445312,142.21499633789062
2021-09-27,140.80450439453125,141.93850708007812,140.0675048828125,141.07200622558594
2021-09-28,138.65499877929688,139.09649658203125,135.36000061035156,135.8300018310547
2021-09-29,136.97999572753906,137.1510009765625,133.86500549316406,134.35350036621094
2021-09-30,134.26150512695312,135.54249572753906,133.55599975585938,133.67599487304688
2021-10-01,134.44749450683594,136.91050720214844,134.072998046875,136.54299926757812
2021-10-04,135.9604949951172,135.9604949951172,131.0500030517578,133.6595001220703
2021-10-05,134.04100036621094,137.22450256347656,134.04100036621094,136.0229949951172
2021-10-06,134.75,137.75,134.5500030517578,137.56500244140625
2021-10-07,138.89199829101562,140.04200744628906,138.6510009765625,139.22500610351562
2021-10-08,139.57699584960938,140.33099365234375,139.21749877929688,139.78550720214844
2021-10-11,139.29200744628906,140.71200561523438,138.85899353027344,138.91400146484375
2021-10-12,139.47999572753906,139.5070037841797,135.75999450683594,136.44900512695312
2021-10-13,137.40249633789062,138.0,136.5189971923828,137.58200073242188
2021-10-14,139.4739990234375,141.33749389648438,138.8249969482422,141.1510009765625
2021-10-15,141.614501953125,141.71800231933594,140.7550048828125,141.3679962158203
2021-10-18,141.07650756835938,142.79600524902344,141.0695037841797,142.7779998779297
2021-10-19,143.3874969482422,143.66250610351562,142.60000610351562,143.23699951171875
2021-10-20,143.33799743652344,143.54600524902344,141.37649536132812,141.7689971923828
2021-10-21,141.7689971923828,142.156005859375,140.5,141.88600158691406
2021-10-22,139.14999389648438,140.58299255371094,136.05599975585938,137.56649780273438
2021-10-25,137.5500030517578,138.0,135.4239959716797,137.44700622558594
2021-10-26,139.2635040283203,140.08299255371094,138.30450439453125,139.30850219726562
2021-10-27,139.40499877929688,148.64999389648438,139.40499877929688,146.21749877929688
2021-10-28,147.13450622558594,147.1580047607422,144.6269989013672,145.8489990234375
2021-10-29,145.0780029296875,148.24200439453125,144.64950561523438,148.04600524902344
2021-11-01,148.04600524902344,148.04600524902344,143.22549438476562,143.4969940185547
2021-11-02,144.57949829101562,146.60899353027344,144.3354949951172,145.4324951171875
2021-11-03,145.90049743652344,146.66900634765625,144.59100341796875,146.59800720214844
2021-11-04,147.12449645996094,149.73350524902344,146.30799865722656,148.2675018310547
2021-11-05,149.16949462890625,150.32749938964844,148.19700622558594,148.8520050048828
2021-11-08,149.8249969482422,150.61500549316406,148.4304962158203,149.031005859375
2021-11-09,149.23300170898438,149.83450317382812,147.2449951171875,148.9185028076172
2021-11-10,147.5,148.07000732421875,144.53750610351562,145.89349365234375
2021-11-11,146.489501953125,147.53550720214844,145.60049438476562,145.76649475097656
2021-11-12,146.61549377441406,148.85000610351562,145.41099548339844,148.67799377441406
2021-11-15,148.90049743652344,149.54949951171875,147.5749969482422,148.45199584960938
2021-11-16,148.14950561523438,148.7624969482422,147.3125,147.87600708007812
2021-11-17,148.02749633789062,148.5594940185547,147.24000549316406,148.0469970703125
2021-11-18,148.2415008544922,150.58050537109375,147.88450622558594,149.8385009765625
2021-11-19,149.97549438476562,150.9665069580078,148.8990020751953,148.92649841308594
2021-11-22,149.33250427246094,149.82949829101562,146.1475067138672,146.302001953125
2021-11-23,146.1529998779297,146.66000366210938,144.11500549316406,145.78199768066406
2021-11-24,145.47349548339844,146.24949645996094,144.3730010986328,146.1199951171875
2021-11-26,144.34849548339844,144.5574951171875,141.84249877929688,142.18299865722656
2021-11-29,144.0,146.29750061035156,143.89349365234375,145.53050231933594
2021-11-30,145.0084991455078,146.0,141.60150146484375,141.8975067138672
2021-12-01,144.0,145.95050048828125,140.91200256347656,141.05149841308594
2021-12-02,141.25,143.864501953125,140.21449279785156,142.96600341796875
2021-12-03,143.68099975585938,144.39999389648438,140.30099487304688,142.00149536132812
2021-12-06,143.04049682617188,143.8524932861328,140.14999389648438,143.15499877929688
2021-12-07,145.59649658203125,147.531005859375,145.2274932861328,147.26950073242188
2021-12-08,147.59649658203125,148.39300537109375,146.406005859375,148.18649291992188
2021-12-09,147.59100341796875,149.10000610351562,147.11500549316406,147.6385040283203
2021-12-10,148.6999969482422,148.9774932861328,146.70399475097656,148.00149536132812
2021-12-13,147.781494140625,147.97000122070312,145.5175018310547,145.82650756835938
2021-12-14,143.96800231933594,144.47999572753906,141.21499633789062,143.90699768066406
2021-12-15,143.40899658203125,146.7209930419922,141.67799377441406,146.4409942626953
2021-12-16,147.17050170898438,147.677001953125,143.60699462890625,144.44500732421875
2021-12-17,142.5,143.83450317382812,141.3000030517578,141.72500610351562
2021-12-20,140.0,141.77450561523438,139.3209991455078,141.60699462890625
2021-12-21,142.05349731445312,143.86900329589844,140.50250244140625,143.47250366210938
2021-12-22,143.0675048828125,146.5,143.0675048828125,146.4149932861328
2021-12-23,146.5,148.24349975585938,146.45199584960938,146.91650390625
2021-12-27,147.25599670410156,148.343994140625,147.16949462890625,147.906494140625
2021-12-28,148.23599243164062,148.2989959716797,146.05450439453125,146.68699645996094
2021-12-29,146.64450073242188,147.41700744628906,145.6475067138672,146.65499877929688
2021-12-30,146.69400024414062,147.3000030517578,145.9945068359375,146.20050048828125
2021-12-31,146.0500030517578,146.69850158691406,144.8520050048828,144.8520050048828
2022-01-03,145.05499267578125,145.8509979248047,143.71299743652344,144.9915008544922
2022-01-04,145.39599609375,146.48500061035156,143.7165069580078,144.39950561523438
2022-01-05,144.4199981689453,144.49949645996094,137.68800354003906,137.77499389648438
2022-01-06,136.99850463867188,139.94000244140625,136.55850219726562,137.74749755859375
2022-01-07,138.14549255371094,138.44850158691406,135.76649475097656,137.01699829101562
2022-01-10,135.0780029296875,138.8195037841797,133.1645050048828,138.66949462890625
2022-01-11,138.0070037841797,140.21600341796875,136.6925048828125,139.73599243164062
2022-01-12,141.14999389648438,142.60800170898438,140.6945037841797,141.4304962158203
2022-01-13,141.5399932861328,142.85000610351562,138.40899658203125,138.58700561523438
2022-01-14,137.07899475097656,140.74200439453125,136.99850463867188,139.48049926757812
2022-01-18,136.1750030517578,137.13150024414062,135.43850708007812,135.9980010986328
2022-01-19,136.52349853515625,137.95950317382812,135.0155029296875,135.1165008544922
2022-01-20,136.25,137.62600708007812,132.96449279785156,133.3074951171875
2022-01-21,132.593505859375,134.86549377441406,130.0865020751953,130.35150146484375
2022-01-24,125.97799682617188,131.2030029296875,124.5,130.8040008544922
2022-01-25,128.74000549316406,129.3990020751953,126.50050354003906,126.93499755859375
2022-01-26,131.11900329589844,133.0,127.14199829101562,129.23300170898438
2022-01-27,131.3040008544922,132.65249633789062,128.9324951171875,129.0050048828125
2022-01-28,129.65899658203125,133.35650634765625,128.48500061035156,133.3509979248047
2022-01-31,134.16200256347656,135.47300720214844,132.20950317382812,135.30349731445312
2022-02-01,137.59449768066406,137.79299926757812,134.36849975585938,137.6439971923828
2022-02-02,151.25,151.54649353027344,145.5225067138672,148.0
2022-02-03,145.70550537109375,149.6750030517578,142.66549682617188,143.08999633789062
2022-02-04,143.4445037841797,144.875,140.51499938964844,143.29299926757812
2022-02-07,144.25,144.25,138.89999389648438,139.2010040283203
2022-02-08,139.02650451660156,140.0,137.01400756835938,139.3990020751953
2022-02-09,140.9635009765625,142.52450561523438,140.18699645996094,141.5919952392578
2022-02-10,139.70350646972656,141.4844970703125,137.95700073242188,138.6199951171875
2022-02-11,138.60000610351562,139.156494140625,133.39999389648438,134.28250122070312
2022-02-14,133.25650024414062,136.3000030517578,133.25650024414062,135.5260009765625
2022-02-15,137.57049560546875,138.10850524902344,135.82150268554688,136.60850524902344
2022-02-16,136.64649963378906,138.08599853515625,134.9239959716797,137.73800659179688
2022-02-17,136.2429962158203,137.11349487304688,132.47850036621094,132.53900146484375
2022-02-18,133.4669952392578,134.07000732421875,130.19650268554688,130.4029998779297
2022-02-22,129.83799743652344,132.1804962158203,128.22349548339844,129.81350708007812
2022-02-23,131.64849853515625,132.05099487304688,127.52749633789062,127.58799743652344
2022-02-24,124.95349884033203,133.0,124.95349884033203,132.6909942626953
2022-02-25,133.552001953125,135.27149963378906,131.75149536132812,134.45950317382812
2022-02-28,133.0500030517578,135.75149536132812,132.59249877929688,135.0570068359375
2022-03-01,134.8784942626953,136.2554931640625,133.218505859375,134.06149291992188
2022-03-02,134.6280059814453,135.2624969482422,133.07150268554688,134.57150268554688
2022-03-03,136.00999450683594,136.4394989013672,133.02549743652344,133.89950561523438
2022-03-04,132.92750549316406,133.85150146484375,130.33749389648438,131.906494140625
2022-03-07,131.48800659179688,131.73500061035156,126.29499816894531,126.37850189208984
2022-03-08,126.25,131.25,125.67449951171875,127.10449981689453
2022-03-09,131.25,133.73550415039062,129.90049743652344,133.4199981689453
2022-03-10,131.26600646972656,133.27200317382812,130.91250610351562,132.42950439453125
2022-03-11,133.48849487304688,133.79550170898438,129.63150024414062,129.87049865722656
2022-03-14,130.25,130.40899658203125,125.2750015258789,125.95099639892578
2022-03-15,126.97599792480469,129.85450744628906,125.72049713134766,129.197998046875
2022-03-16,130.73300170898438,133.33299255371094,128.7344970703125,133.28050231933594
2022-03-17,133.1490020751953,134.08050537109375,132.18499755859375,133.83900451660156
2022-03-18,133.42449951171875,136.24400329589844,132.2584991455078,136.12550354003906
2022-03-21,136.1634979248047,137.0500030517578,134.09249877929688,136.10150146484375
2022-03-22,136.10150146484375,141.0500030517578,136.10150146484375,139.8679962158203
2022-03-23,138.70249938964844,139.5885009765625,137.8350067138672,138.27549743652344
2022-03-24,139.1999969482422,141.61900329589844,137.75050354003906,141.57200622558594
2022-03-25,141.91600036621094,142.03500366210938,139.7375030517578,141.67300415039062
2022-03-28,140.90049743652344,142.00250244140625,139.81149291992188,141.45550537109375
2022-03-29,142.6475067138672,143.7935028076172,142.0384979248047,142.5054931640625
2022-03-30,142.4600067138672,142.7205047607422,141.60000610351562,141.93850708007812
2022-03-31,142.05299377441406,142.10800170898438,139.02450561523438,139.0675048828125
2022-04-01,139.5,140.4709930419922,138.3074951171875,140.15049743652344
2022-04-04,140.35850524902344,143.71200561523438,140.3105010986328,142.97149658203125
2022-04-05,142.86900329589844,142.99049377441406,140.38250732421875,140.59100341796875
2022-04-06,138.75,139.36050415039062,135.51699829101562,136.54800415039062
2022-04-07,136.00999450683594,137.1645050048828,134.2274932861328,135.8885040283203
2022-04-08,135.58349609375,135.6699981689453,132.9654998779297,133.28750610351562
2022-04-11,131.82350158691406,132.09249877929688,128.6685028076172,128.82350158691406
2022-04-12,131.60000610351562,131.60000610351562,126.78900146484375,127.7145004272461
2022-04-13,128.0,130.33399963378906,127.74099731445312,129.8939971923828
2022-04-14,130.47950744628906,130.47950744628906,126.60099792480469,126.7300033569336
2022-04-18,127.0,128.21249389648438,126.18199920654297,127.67649841308594
2022-04-19,127.69149780273438,130.33299255371094,126.99949645996094,130.00900268554688
2022-04-20,130.89199829101562,131.3990020751953,127.5,128.0399932861328
2022-04-21,129.25,130.09849548339844,124.52649688720703,124.81449890136719
2022-04-22,125.0,125.4020004272461,118.92500305175781,119.635498046875
2022-04-25,119.10099792480469,123.27749633789062,118.51100158691406,123.0739974975586
2022-04-26,122.29450225830078,122.51000213623047,118.51100158691406,118.6500015258789
2022-04-27,114.46949768066406,117.24199676513672,112.73650360107422,114.29450225830078
2022-04-28,116.41500091552734,119.64949798583984,114.11499786376953,118.52249908447266
2022-04-29,116.7344970703125,117.91999816894531,113.81449890136719,114.1094970703125
2022-05-02,113.40499877929688,116.74549865722656,112.5999984741211,116.58300018310547
2022-05-03,116.43049621582031,118.44200134277344,116.03450012207031,117.33399963378906
2022-05-04,117.03150177001953,122.85449981689453,115.11599731445312,122.26100158691406
2022-05-05,120.2040023803711,121.03900146484375,115.00550079345703,116.50550079345703
2022-05-06,115.18450164794922,117.57150268554688,114.0155029296875,115.74649810791016
2022-05-09,113.25,115.0770034790039,112.00050354003906,112.51100158691406
2022-05-10,115.50749969482422,116.25,112.90049743652344,114.3949966430664
2022-05-11,113.23650360107422,116.364501953125,113.23650360107422,113.60250091552734
2022-05-12,111.37750244140625,114.29499816894531,109.82450103759766,112.84400177001953
2022-05-13,114.53299713134766,117.875,113.6050033569336,116.05049896240234
2022-05-16,114.95549774169922,116.16999816894531,113.8895034790039,114.44499969482422
2022-05-17,116.84049987792969,116.9000015258789,114.87000274658203,116.4729995727539
2022-05-18,115.0,115.4000015258789,111.55549621582031,111.89949798583984
2022-05-19,111.43150329589844,113.01000213623047,110.0,110.38400268554688
2022-05-20,111.95099639892578,112.18350219726562,105.79650115966797,108.90799713134766
2022-05-23,109.5875015258789,112.14749908447266,108.74099731445312,111.48799896240234
2022-05-24,105.77200317382812,106.45850372314453,101.8844985961914,105.97000122070312
2022-05-25,104.9854965209961,106.5,103.85649871826172,105.80500030517578
2022-05-26,105.677001953125,108.64949798583984,105.2249984741211,107.7925033569336
2022-05-27,109.48300170898438,112.31800079345703,109.13849639892578,112.31649780273438
2022-05-31,112.74649810791016,115.73500061035156,112.07849884033203,113.76200103759766
2022-06-01,114.8550033569336,117.10150146484375,113.25,113.89199829101562
2022-06-02,114.0,117.89949798583984,112.94650268554688,117.62249755859375
2022-06-03,116.0625,116.32150268554688,113.51850128173828,114.54100036621094
2022-06-06,116.70449829101562,119.34700012207031,116.16400146484375,116.82050323486328
2022-06-07,115.48049926757812,117.69100189208984,115.052001953125,117.14949798583984
2022-06-08,116.7614974975586,118.57050323486328,116.5999984741211,117.19400024414062
2022-06-09,116.32749938964844,118.29900360107422,114.7760009765625,114.83550262451172
2022-06-10,112.44499969482422,113.27899932861328,110.36599731445312,111.1614990234375
2022-06-13,106.7864990234375,108.79149627685547,106.11900329589844,106.39250183105469
2022-06-14,106.53500366210938,107.92449951171875,105.80000305175781,106.71549987792969
2022-06-15,108.54499816894531,111.42350006103516,107.66950225830078,109.7645034790039
2022-06-16,107.22100067138672,108.64849853515625,105.13800048828125,106.03350067138672
2022-06-17,106.03350067138672,108.69950103759766,105.0459976196289,107.14350128173828
2022-06-21,108.92949676513672,112.489501953125,108.5999984741211,111.54399871826172
2022-06-22,110.55650329589844,113.34649658203125,110.38249969482422,111.48750305175781
2022-06-23,112.23149871826172,112.74250030517578,110.50050354003906,112.24199676513672
2022-06-24,112.99500274658203,118.0790023803711,112.95249938964844,117.9749984741211
2022-06-27,118.27300262451172,118.57949829101562,115.17949676513672,115.83350372314453
2022-06-28,115.80249786376953,117.30950164794922,111.8479995727539,112.00749969482422
2022-06-29,111.552001953125,113.1604995727539,110.87249755859375,111.70149993896484
2022-06-30,110.0,110.88800048828125,106.75,108.96299743652344
2022-07-01,107.93299865722656,109.25,106.73049926757812,108.73750305175781
2022-07-05,107.10050201416016,113.37699890136719,105.73149871826172,113.26300048828125
2022-07-06,113.302001953125,115.5895004272461,111.47599792480469,114.5719985961914
2022-07-07,115.08000183105469,119.18949890136719,114.83350372314453,118.78299713134766
2022-07-08,117.25,119.68499755859375,116.90149688720703,119.35350036621094
2022-07-11,117.99800109863281,117.99800109863281,115.33049774169922,115.67649841308594
2022-07-12,116.21499633789062,116.9739990234375,113.69000244140625,114.02050018310547
2022-07-13,111.70099639892578,114.19599914550781,111.20149993896484,111.35350036621094
2022-07-14,110.21050262451172,111.09300231933594,108.37300109863281,110.36750030517578
2022-07-15,112.00050354003906,113.1405029296875,110.9000015258789,111.77749633789062
2022-07-18,112.63999938964844,113.68000030517578,108.37000274658203,109.02999877929688
2022-07-19,110.8499984741211,114.0199966430664,109.55999755859375,113.80999755859375
2022-07-20,113.16999816894531,115.4000015258789,112.4800033569336,113.9000015258789
2022-07-21,114.27999877929688,114.55000305175781,111.11000061035156,114.33999633789062
2022-07-22,111.0,112.33999633789062,106.5,107.9000015258789
2022-07-25,108.41000366210938,109.87000274658203,106.30000305175781,107.51000213623047
2022-07-26,106.5999984741211,107.19999694824219,104.06999969482422,105.0199966430664
2022-07-27,109.26000213623047,113.91000366210938,108.01000213623047,113.05999755859375
2022-07-28,112.37000274658203,114.33999633789062,111.45999908447266,114.22000122070312
2022-07-29,113.08000183105469,116.70999908447266,113.05999755859375,116.31999969482422
2022-08-01,115.30000305175781,116.72000122070312,114.33999633789062,114.86000061035156
2022-08-02,114.0,116.3499984741211,113.72000122070312,115.12999725341797
2022-08-03,115.70999908447266,118.62000274658203,115.4800033569336,118.08000183105469
2022-08-04,117.4800033569336,118.77999877929688,116.88999938964844,118.19000244140625
2022-08-05,116.2300033569336,118.11000061035156,116.0,117.47000122070312
2022-08-08,118.38999938964844,120.1500015258789,116.87999725341797,117.30000305175781
2022-08-09,117.13999938964844,117.31999969482422,115.70999908447266,116.62999725341797
2022-08-10,118.77999877929688,120.91999816894531,118.41000366210938,119.69999694824219
2022-08-11,121.27999877929688,121.48999786376953,118.55999755859375,118.83999633789062
2022-08-12,120.26000213623047,121.68000030517578,119.45999908447266,121.68000030517578
2022-08-15,121.12999725341797,122.30000305175781,120.61000061035156,122.08000183105469
2022-08-16,121.5199966430664,122.43000030517578,120.63999938964844,121.69999694824219
2022-08-17,120.12000274658203,121.29000091552734,119.37999725341797,119.55000305175781
2022-08-18,119.43000030517578,120.81999969482422,118.72000122070312,120.16999816894531
2022-08-19,119.05999755859375,119.1500015258789,116.76000213623047,117.20999908447266
2022-08-22,115.19999694824219,115.62999725341797,113.8499984741211,114.23999786376953
2022-08-23,113.4800033569336,115.01000213623047,113.43000030517578,113.86000061035156
2022-08-24,113.5,114.77999877929688,112.87000274658203,113.69000244140625
2022-08-25,114.23999786376953,116.72000122070312,114.11000061035156,116.6500015258789
2022-08-26,114.72000122070312,115.12000274658203,110.19000244140625,110.33999633789062
2022-08-29,109.98999786376953,110.94999694824219,108.80000305175781,109.41999816894531
2022-08-30,110.16999816894531,110.5,107.80000305175781,108.94000244140625
2022-08-31,110.6500015258789,110.8499984741211,108.12999725341797,108.22000122070312
2022-09-01,108.27999877929688,110.44999694824219,107.36000061035156,109.73999786376953
2022-09-02,110.58999633789062,110.73999786376953,107.26000213623047,107.8499984741211
2022-09-06,107.30000305175781,108.02999877929688,105.77999877929688,106.80999755859375
2022-09-07,107.05999755859375,109.9800033569336,106.9000015258789,109.44999694824219
2022-09-08,108.04000091552734,109.5999984741211,107.16000366210938,108.37999725341797
2022-09-09,109.06999969482422,110.98999786376953,109.0199966430664,110.6500015258789
2022-09-12,110.98999786376953,111.62000274658203,109.93000030517578,110.86000061035156
2022-09-13,107.80000305175781,108.30000305175781,104.08999633789062,104.31999969482422
2022-09-14,104.56999969482422,105.27999877929688,103.66000366210938,105.0
2022-09-15,104.02999877929688,105.2699966430664,102.3499984741211,102.91000366210938
2022-09-16,102.06999969482422,103.12999725341797,100.94000244140625,102.80000305175781
2022-09-19,101.75,103.33000183105469,101.55000305175781,103.06999969482422
2022-09-20,102.08000183105469,102.37000274658203,100.5199966430664,101.13999938964844
2022-09-21,101.66999816894531,102.87999725341797,99.2699966430664,99.27999877929688
2022-09-22,98.81999969482422,101.23999786376953,98.79000091552734,100.13999938964844
2022-09-23,99.62999725341797,99.66000366210938,97.47000122070312,98.73999786376953
2022-09-26,98.0999984741211,99.87999725341797,97.80000305175781,98.16999816894531
2022-09-27,99.43000030517578,100.0,96.87000274658203,97.5
2022-09-28,97.6500015258789,100.69999694824219,97.11000061035156,100.05000305175781
2022-09-29,98.63999938964844,98.63999938964844,95.95999908447266,97.41999816894531
2022-09-30,97.05000305175781,98.9000015258789,95.55999755859375,95.6500015258789
2022-10-03,96.76000213623047,99.29000091552734,96.5199966430664,98.63999938964844
2022-10-04,100.44000244140625,101.83999633789062,100.37999725341797,101.63999938964844
2022-10-05,99.83000183105469,101.93000030517578,98.80000305175781,101.43000030517578
2022-10-06,100.68000030517578,102.93000030517578,100.58999633789062,101.41999816894531
2022-10-07,99.8499984741211,100.52999877929688,98.30000305175781,98.68000030517578
2022-10-10,99.0,99.0999984741211,97.01000213623047,97.86000061035156
2022-10-11,97.43000030517578,99.25,96.30999755859375,97.18000030517578
2022-10-12,97.30000305175781,98.75,96.73999786376953,97.55999755859375
2022-10-13,95.1500015258789,99.77999877929688,94.37999725341797,99.05999755859375
2022-10-14,99.98999786376953,100.69000244140625,96.37000274658203,96.55999755859375
2022-10-17,98.86000061035156,100.93000030517578,98.83000183105469,99.97000122070312
2022-10-18,103.12999725341797,103.47000122070312,99.97000122070312,100.7699966430664
2022-10-19,100.01000213623047,101.0199966430664,98.91999816894531,99.62999725341797
2022-10-20,100.0,102.31999969482422,99.38999938964844,99.97000122070312
2022-10-21,97.8499984741211,101.30999755859375,97.72000122070312,101.12999725341797
2022-10-24,101.80000305175781,102.75,99.9800033569336,102.5199966430664
2022-10-25,102.9000015258789,104.81999969482422,102.72000122070312,104.4800033569336
2022-10-26,96.43000030517578,98.30999755859375,94.69000244140625,94.93000030517578
2022-10-27,94.5199966430664,95.43000030517578,91.80000305175781,92.22000122070312
2022-10-28,92.2699966430664,96.55000305175781,92.12999725341797,96.29000091552734
2022-10-31,95.41999816894531,96.02999877929688,93.9800033569336,94.51000213623047
2022-11-01,95.44999694824219,96.02999877929688,90.37000274658203,90.47000122070312
2022-11-02,90.94000244140625,91.18000030517578,86.87999725341797,86.97000122070312
2022-11-03,86.31999969482422,86.5199966430664,83.33999633789062,83.43000030517578
2022-11-04,85.4000015258789,86.63999938964844,83.70999908447266,86.58000183105469
2022-11-07,87.27999877929688,88.9000015258789,86.8499984741211,88.48999786376953
2022-11-08,88.9000015258789,90.31999969482422,87.58999633789062,88.9000015258789
2022-11-09,88.44999694824219,89.44000244140625,87.27999877929688,87.31999969482422
2022-11-10,92.25,94.38999938964844,91.61000061035156,93.94000244140625
2022-11-11,94.69000244140625,96.93000030517578,93.91999816894531,96.41000366210938
2022-11-14,95.08999633789062,96.79000091552734,94.51000213623047,95.69999694824219
2022-11-15,98.26000213623047,100.13999938964844,96.70999908447266,98.44000244140625
2022-11-16,97.9000015258789,99.63999938964844,97.63999938964844,98.8499984741211
2022-11-17,96.97000122070312,99.27999877929688,96.79000091552734,98.36000061035156
2022-11-18,98.7699966430664,98.9000015258789,96.37000274658203,97.43000030517578
2022-11-21,97.29000091552734,98.4000015258789,95.36000061035156,95.5999984741211
2022-11-22,95.94999694824219,97.22000122070312,94.05000305175781,97.05000305175781
2022-11-23,97.08999633789062,98.76000213623047,97.08999633789062,98.45999908447266
2022-11-25,98.23999786376953,98.63999938964844,97.4000015258789,97.45999908447266
2022-11-28,97.04000091552734,97.58000183105469,95.61000061035156,96.05000305175781
2022-11-29,95.7300033569336,96.12000274658203,94.11000061035156,95.19000244140625
2022-11-30,94.81999969482422,101.04000091552734,94.41999816894531,100.98999786376953
2022-12-01,101.0199966430664,102.25,100.25,100.98999786376953
2022-12-02,99.05000305175781,100.7699966430664,98.9000015258789,100.44000244140625
2022-12-05,99.4000015258789,101.37999725341797,99.0,99.4800033569336
2022-12-06,99.30000305175781,99.77999877929688,96.41999816894531,96.9800033569336
2022-12-07,96.41000366210938,96.87999725341797,94.72000122070312,94.94000244140625
2022-12-08,95.37999725341797,95.58000183105469,93.44999694824219,93.70999908447266
2022-12-09,93.7699966430664,94.26000213623047,92.75,92.83000183105469
2022-12-12,92.70999908447266,93.55999755859375,91.61000061035156,93.30999755859375
2022-12-13,97.76000213623047,99.52999877929688,95.02999877929688,95.62999725341797
2022-12-14,95.19999694824219,96.87000274658203,93.5999984741211,95.06999969482422
2022-12-15,93.12999725341797,93.63999938964844,90.01000213623047,90.86000061035156
2022-12-16,90.76000213623047,91.33000183105469,89.5199966430664,90.26000213623047
2022-12-19,90.26000213623047,90.55999755859375,88.20999908447266,88.44000244140625
2022-12-20,88.11000061035156,89.18000030517578,87.44000244140625,89.0199966430664
2022-12-21,89.08000183105469,90.22000122070312,88.31999969482422,89.58000183105469
2022-12-22,88.16000366210938,88.54000091552734,86.31999969482422,87.76000213623047
2022-12-23,87.11000061035156,89.55000305175781,87.06999969482422,89.2300033569336
2022-12-27,88.80000305175781,88.94000244140625,87.01000213623047,87.38999938964844
2022-12-28,86.9800033569336,88.04000091552734,85.94000244140625,86.0199966430664
2022-12-29,86.62000274658203,88.8499984741211,86.61000061035156,88.44999694824219
2022-12-30,86.9800033569336,88.30000305175781,86.56999969482422,88.2300033569336
2023-01-03,89.58999633789062,91.05000305175781,88.5199966430664,89.12000274658203
2023-01-04,90.3499984741211,90.6500015258789,87.2699966430664,88.08000183105469
2023-01-05,87.47000122070312,87.56999969482422,85.9000015258789,86.19999694824219
2023-01-06,86.79000091552734,87.69000244140625,84.86000061035156,87.33999633789062
2023-01-09,88.36000061035156,90.05000305175781,87.86000061035156,88.0199966430664
2023-01-10,85.9800033569336,88.66999816894531,85.83000183105469,88.41999816894531
2023-01-11,89.18000030517578,91.5999984741211,89.01000213623047,91.5199966430664
2023-01-12,91.4800033569336,91.87000274658203,89.75,91.12999725341797
2023-01-13,90.8499984741211,92.19000244140625,90.12999725341797,92.12000274658203
2023-01-17,92.05999755859375,92.25,90.05000305175781,91.29000091552734
2023-01-18,92.13999938964844,92.80000305175781,90.63999938964844,91.12000274658203
2023-01-19,90.72000122070312,93.61000061035156,90.62999725341797,93.05000305175781
2023-01-20,95.0999984741211,98.30000305175781,95.0199966430664,98.0199966430664
2023-01-23,97.94999694824219,100.04000091552734,97.5,99.79000091552734
2023-01-24,98.0999984741211,99.61000061035156,97.19999694824219,97.69999694824219
2023-01-25,95.56999969482422,96.16000366210938,93.76000213623047,95.22000122070312
2023-01-26,96.5,97.56999969482422,95.37999725341797,97.5199966430664
2023-01-27,97.30999755859375,100.31999969482422,97.30999755859375,99.37000274658203
2023-01-30,97.4800033569336,98.29000091552734,96.4000015258789,96.94000244140625
2023-01-31,96.87000274658203,98.87999725341797,96.81999969482422,98.83999633789062
2023-02-01,98.70999908447266,101.19000244140625,97.58000183105469,100.43000030517578
2023-02-02,105.80000305175781,107.8499984741211,105.61000061035156,107.73999786376953
2023-02-03,102.93000030517578,107.80999755859375,102.58000183105469,104.77999877929688
2023-02-06,102.4000015258789,104.36000061035156,101.87999725341797,102.9000015258789
2023-02-07,103.22000122070312,108.18000030517578,103.12000274658203,107.63999938964844
2023-02-08,102.05000305175781,103.13999938964844,98.04000091552734,99.37000274658203
2023-02-09,100.0,100.02999877929688,93.62999725341797,95.01000213623047
2023-02-10,95.44999694824219,96.75,94.25,94.56999969482422
2023-02-13,94.73999786376953,95.19999694824219,93.83999633789062,94.61000061035156
2023-02-14,94.43000030517578,94.8499984741211,92.26000213623047,94.68000030517578
2023-02-15,94.48999786376953,97.12000274658203,94.1500015258789,96.94000244140625
2023-02-16,95.37000274658203,97.68000030517578,94.73999786376953,95.51000213623047
2023-02-17,94.8499984741211,95.55999755859375,93.20999908447266,94.3499984741211
2023-02-21,93.0,93.0999984741211,91.72000122070312,91.79000091552734
2023-02-22,91.69999694824219,92.11000061035156,90.61000061035156,91.6500015258789
2023-02-23,91.91999816894531,91.94000244140625,89.76000213623047,90.88999938964844
2023-02-24,89.44000244140625,89.88999938964844,88.58000183105469,89.12999725341797
2023-02-27,89.87000274658203,90.16000366210938,89.33999633789062,89.87000274658203
2023-02-28,89.33000183105469,91.2300033569336,89.31999969482422,90.05999755859375
2023-03-01,89.9800033569336,91.02999877929688,89.66999816894531,90.36000061035156
2023-03-02,89.66000366210938,92.27999877929688,89.58999633789062,92.0
2023-03-03,92.4800033569336,93.7300033569336,92.44999694824219,93.6500015258789
2023-03-06,94.0199966430664,95.97000122070312,94.0,95.12999725341797
2023-03-07,94.9800033569336,95.66999816894531,93.52999877929688,93.86000061035156
2023-03-08,94.12000274658203,95.95999908447266,94.0,94.25
2023-03-09,94.05000305175781,95.52999877929688,91.9000015258789,92.31999969482422
2023-03-10,92.16999816894531,92.79000091552734,90.4000015258789,90.62999725341797
2023-03-13,90.08999633789062,92.56999969482422,89.41999816894531,91.11000061035156
2023-03-14,92.55999755859375,94.36000061035156,92.44000244140625,93.97000122070312
2023-03-15,93.22000122070312,96.93000030517578,92.63999938964844,96.11000061035156
2023-03-16,96.19999694824219,101.19000244140625,95.5,100.31999969482422
2023-03-17,100.26000213623047,102.83999633789062,100.0999984741211,101.62000274658203
2023-03-20,100.12000274658203,101.75,99.87000274658203,101.22000122070312
2023-03-21,101.25,105.0999984741211,101.22000122070312,104.91999816894531
2023-03-22,104.2699966430664,106.58999633789062,103.33000183105469,103.37000274658203
2023-03-23,105.05999755859375,106.30000305175781,104.45999908447266,105.5999984741211
2023-03-24,104.98999786376953,105.48999786376953,103.83999633789062,105.44000244140625
2023-03-27,104.62000274658203,104.76000213623047,101.93000030517578,102.45999908447266
2023-03-28,102.44000244140625,102.44999694824219,99.73999786376953,101.02999877929688
2023-03-29,102.27999877929688,102.48999786376953,100.6500015258789,101.38999938964844
2023-03-30,100.91000366210938,101.16000366210938,99.77999877929688,100.88999938964844
2023-03-31,101.30000305175781,103.88999938964844,101.04000091552734,103.7300033569336
2023-04-03,102.38999938964844,104.52999877929688,101.93000030517578,104.36000061035156
2023-04-04,104.33000183105469,105.58000183105469,104.04000091552734,104.72000122070312
2023-04-05,105.77999877929688,106.0999984741211,103.66000366210938,104.47000122070312
2023-04-06,105.26000213623047,109.16999816894531,104.33000183105469,108.41999816894531
2023-04-10,106.9800033569336,107.58999633789062,105.12000274658203,106.44000244140625
2023-04-11,106.55000305175781,106.7300033569336,104.68000030517578,105.3499984741211
2023-04-12,106.58000183105469,106.75,104.33999633789062,104.63999938964844
2023-04-13,105.83999633789062,107.48999786376953,105.83999633789062,107.43000030517578
2023-04-14,106.88999938964844,108.94000244140625,106.83999633789062,108.87000274658203
2023-04-17,104.66000366210938,106.16000366210938,104.5199966430664,105.97000122070312
2023-04-18,106.48999786376953,106.54000091552734,104.06999969482422,104.5
2023-04-19,103.58000183105469,104.9800033569336,103.06999969482422,104.18000030517578
2023-04-20,103.91000366210938,106.25,103.87000274658203,105.29000091552734
2023-04-21,105.47000122070312,106.0,104.77999877929688,105.41000366210938
2023-04-24,105.48999786376953,106.62999725341797,104.69999694824219,105.97000122070312
2023-04-25,105.83000183105469,106.69000244140625,103.83999633789062,103.8499984741211
2023-04-26,104.91999816894531,106.3499984741211,102.62999725341797,103.70999908447266
2023-04-27,104.44999694824219,108.37000274658203,103.54000091552734,107.58999633789062
2023-04-28,107.04000091552734,107.3499984741211,105.08999633789062,107.33999633789062
2023-05-01,106.83999633789062,107.98999786376953,106.81999969482422,107.19999694824219
2023-05-02,107.13999938964844,107.19999694824219,103.70999908447266,105.31999969482422
2023-05-03,105.52999877929688,107.48999786376953,104.95999908447266,105.41000366210938
2023-05-04,105.48999786376953,105.5999984741211,103.97000122070312,104.69000244140625
2023-05-05,104.81999969482422,105.87999725341797,104.11000061035156,105.56999969482422
2023-05-08,105.18000030517578,107.95999908447266,105.16000366210938,107.7699966430664
2023-05-09,108.38999938964844,110.1500015258789,107.19000244140625,107.3499984741211
2023-05-10,107.97000122070312,112.94000244140625,107.93000030517578,111.75
2023-05-11,115.4000015258789,117.91999816894531,114.41000366210938,116.56999969482422
2023-05-12,116.68000030517578,118.02999877929688,116.11000061035156,117.51000213623047
2023-05-15,116.11000061035156,118.4800033569336,116.01000213623047,116.51000213623047
2023-05-16,116.48999786376953,120.75,116.43000030517578,119.51000213623047
2023-05-17,119.61000061035156,121.66999816894531,118.88999938964844,120.83999633789062
2023-05-18,120.94999694824219,123.30999755859375,120.83000183105469,122.83000183105469
2023-05-19,123.55000305175781,125.97000122070312,122.1500015258789,122.76000213623047
2023-05-22,122.94000244140625,126.43000030517578,122.73999786376953,125.05000305175781
2023-05-23,124.16000366210938,124.62999725341797,122.20999908447266,122.55999755859375
2023-05-24,121.12000274658203,121.91000366210938,119.86000061035156,120.9000015258789
2023-05-25,124.5199966430664,125.31999969482422,121.95999908447266,123.4800033569336
2023-05-26,123.16999816894531,125.26000213623047,122.44999694824219,124.61000061035156
2023-05-30,125.63999938964844,125.66000366210938,122.0,123.66999816894531
2023-05-31,122.75,124.05999755859375,122.5,122.87000274658203
2023-06-01,122.81999969482422,124.41999816894531,122.62000274658203,123.72000122070312
2023-06-02,123.98999786376953,126.1500015258789,123.76000213623047,124.66999816894531
2023-06-05,124.01000213623047,127.43000030517578,123.83999633789062,126.01000213623047
2023-06-06,126.01000213623047,128.2899932861328,125.36000061035156,127.30999755859375
2023-06-07,126.97000122070312,129.0399932861328,122.12000274658203,122.5
2023-06-08,122.2300033569336,123.2300033569336,121.23999786376953,122.13999938964844
2023-06-09,122.25,123.76000213623047,121.91000366210938,122.2300033569336
2023-06-12,122.79000091552734,124.05000305175781,121.66000366210938,123.63999938964844
2023-06-13,124.9800033569336,125.16000366210938,123.18000030517578,123.83000183105469
2023-06-14,123.0999984741211,124.05000305175781,121.44999694824219,123.66999816894531
2023-06-15,123.13999938964844,125.45999908447266,122.4000015258789,125.08999633789062
2023-06-16,125.93000030517578,126.11000061035156,123.27999877929688,123.52999877929688
2023-06-20,122.93000030517578,124.56999969482422,122.13999938964844,123.0999984741211
2023-06-21,122.4000015258789,122.66000366210938,120.0999984741211,120.55000305175781
2023-06-22,120.0,123.23999786376953,118.83000183105469,123.1500015258789
2023-06-23,121.37999725341797,122.79000091552734,121.05999755859375,122.33999633789062
2023-06-26,120.76000213623047,122.0,118.2699966430664,118.33999633789062
2023-06-27,117.08000183105469,119.08000183105469,116.0999984741211,118.33000183105469
2023-06-28,117.08999633789062,120.38999938964844,116.8499984741211,120.18000030517578
2023-06-29,119.23999786376953,120.05999755859375,118.30000305175781,119.0999984741211
2023-06-30,120.16999816894531,121.08000183105469,119.69000244140625,119.69999694824219
2023-07-03,119.23999786376953,120.19000244140625,118.81999969482422,119.9000015258789
2023-07-05,119.23999786376953,122.61000061035156,119.2300033569336,121.75
2023-07-06,119.80000305175781,120.30000305175781,118.4000015258789,120.11000061035156
2023-07-07,120.0999984741211,121.05000305175781,119.4000015258789,119.4800033569336
2023-07-10,118.30000305175781,118.30999755859375,116.13999938964844,116.44999694824219
2023-07-11,116.29000091552734,117.70999908447266,115.3499984741211,117.13999938964844
2023-07-12,118.80000305175781,120.33000183105469,118.41000366210938,118.93000030517578
2023-07-13,120.93000030517578,124.83000183105469,120.44999694824219,124.54000091552734
2023-07-14,124.80000305175781,126.77999877929688,123.48999786376953,125.41999816894531
2023-07-17,125.94000244140625,127.0999984741211,124.19999694824219,124.6500015258789
2023-07-18,124.5999984741211,124.68000030517578,122.95999908447266,123.76000213623047
2023-07-19,124.5999984741211,125.18000030517578,121.80000305175781,122.02999877929688
2023-07-20,121.41999816894531,124.08999633789062,118.22000122070312,119.19999694824219
2023-07-21,120.62000274658203,120.98999786376953,118.7300033569336,120.0199966430664
2023-07-24,121.66000366210938,123.0,120.9800033569336,121.52999877929688
2023-07-25,121.36000061035156,123.1500015258789,121.0199966430664,122.20999908447266
2023-07-26,130.07000732421875,130.97999572753906,128.32000732421875,129.27000427246094
2023-07-27,131.6699981689453,133.24000549316406,128.7899932861328,129.39999389648438
2023-07-28,130.77999877929688,133.74000549316406,130.57000732421875,132.5800018310547
2023-07-31,132.72999572753906,133.52999877929688,131.77999877929688,132.72000122070312
2023-08-01,130.77999877929688,132.6300048828125,130.67999267578125,131.5500030517578
2023-08-02,129.4499969482422,130.08999633789062,127.55999755859375,128.3800048828125
2023-08-03,127.97000122070312,129.38999938964844,127.41999816894531,128.4499969482422
2023-08-04,129.27999877929688,131.50999450683594,127.91000366210938,128.11000061035156
2023-08-07,129.16000366210938,131.61000061035156,129.02000427246094,131.52999877929688
2023-08-08,130.6199951171875,131.50999450683594,129.5399932861328,131.39999389648438
2023-08-09,131.66000366210938,132.0399932861328,129.0,129.66000366210938
2023-08-10,131.32000732421875,132.0500030517578,129.4499969482422,129.69000244140625
2023-08-11,128.66000366210938,129.92999267578125,128.1699981689453,129.55999755859375
2023-08-14,129.38999938964844,131.3699951171875,128.9600067138672,131.3300018310547
2023-08-15,131.10000610351562,131.4199981689453,129.27999877929688,129.77999877929688
2023-08-16,128.6999969482422,130.27999877929688,127.87000274658203,128.6999969482422
2023-08-17,129.8000030517578,131.99000549316406,129.2899932861328,129.9199981689453
2023-08-18,128.50999450683594,129.25,126.37999725341797,127.45999908447266
2023-08-21,127.18000030517578,128.72999572753906,126.55999755859375,128.3699951171875
2023-08-22,128.50999450683594,130.27999877929688,128.32000732421875,129.0800018310547
2023-08-23,130.17999267578125,133.41000366210938,129.8699951171875,132.3699951171875
2023-08-24,133.9499969482422,134.25,129.57000732421875,129.77999877929688
2023-08-25,129.5399932861328,130.75999450683594,127.25,129.8800048828125
2023-08-28,131.30999755859375,132.5399932861328,130.13999938964844,131.00999450683594
2023-08-29,132.24000549316406,136.57000732421875,132.24000549316406,134.57000732421875
2023-08-30,134.77999877929688,136.27999877929688,134.07000732421875,135.8800048828125
2023-08-31,136.00999450683594,138.0,135.7899932861328,136.1699981689453
2023-09-01,137.4600067138672,137.4600067138672,134.85000610351562,135.66000366210938
2023-09-05,135.44000244140625,136.4199981689453,134.5800018310547,135.77000427246094
2023-09-06,136.02000427246094,136.52999877929688,133.6699981689453,134.4600067138672
2023-09-07,133.58999633789062,135.5800018310547,132.9499969482422,135.25999450683594
2023-09-08,134.91000366210938,136.66000366210938,134.85000610351562,136.3800048828125
2023-09-11,136.5399932861328,137.47999572753906,135.7899932861328,136.9199981689453
2023-09-12,136.25999450683594,136.8699951171875,135.19000244140625,135.33999633789062
2023-09-13,135.08999633789062,136.89999389648438,134.14999389648438,136.7100067138672
2023-09-14,137.60000610351562,138.6999969482422,136.24000549316406,138.10000610351562
2023-09-15,137.97999572753906,138.52000427246094,136.47999572753906,137.39999389648438
2023-09-18,136.61000061035156,139.16000366210938,136.61000061035156,138.2100067138672
2023-09-19,137.4199981689453,138.41000366210938,136.6199951171875,138.0399932861328
2023-09-20,138.0800018310547,138.0800018310547,133.6199951171875,133.74000549316406
2023-09-21,131.44000244140625,132.22999572753906,130.07000732421875,130.44000244140625
2023-09-22,130.75999450683594,132.02999877929688,129.60000610351562,130.25
2023-09-25,129.8300018310547,131.1699981689453,128.9600067138672,131.11000061035156
2023-09-26,129.77000427246094,130.36000061035156,127.22000122070312,128.57000732421875
2023-09-27,128.57000732421875,130.89999389648438,128.57000732421875,130.5399932861328
2023-09-28,129.83999633789062,133.3000030517578,129.7899932861328,132.30999755859375
2023-09-29,133.27999877929688,134.0500030517578,130.36000061035156,130.86000061035156
2023-10-02,131.2100067138672,134.4199981689453,131.1699981689453,134.1699981689453
2023-10-03,133.94000244140625,134.25999450683594,131.83999633789062,132.42999267578125
2023-10-04,132.7899932861328,135.57000732421875,132.52999877929688,135.24000549316406
2023-10-05,135.07000732421875,135.49000549316406,133.4499969482422,135.07000732421875
2023-10-06,134.00999450683594,138.16000366210938,134.00999450683594,137.5800018310547
2023-10-09,136.94000244140625,138.94000244140625,135.61000061035156,138.4199981689453
2023-10-10,138.5,139.72000122070312,137.3300018310547,138.05999755859375
2023-10-11,138.5800018310547,141.11000061035156,138.5800018310547,140.5500030517578
2023-10-12,141.0500030517578,141.22000122070312,138.25999450683594,138.97000122070312
2023-10-13,139.3800048828125,140.0,136.6199951171875,137.36000061035156
2023-10-16,138.1699981689453,139.6300048828125,137.99000549316406,139.10000610351562
2023-10-17,138.6300048828125,139.89999389648438,137.17999267578125,139.72000122070312
2023-10-18,139.4499969482422,140.72000122070312,137.3800048828125,137.9600067138672
2023-10-19,138.5,139.66000366210938,137.3800048828125,137.75
2023-10-20,137.3300018310547,137.8699951171875,135.0800018310547,135.60000610351562
2023-10-23,135.0399932861328,137.66000366210938,133.9499969482422,136.5
2023-10-24,137.8300018310547,139.36000061035156,137.4199981689453,138.80999755859375
2023-10-25,128.16000366210938,128.30999755859375,125.06999969482422,125.61000061035156
2023-10-26,123.2699966430664,124.33000183105469,121.2699966430664,122.27999877929688
2023-10-27,122.87999725341797,123.30999755859375,120.20999908447266,122.16999816894531
2023-10-30,123.20999908447266,125.4000015258789,122.75,124.45999908447266
2023-10-31,125.05999755859375,125.37000274658203,122.69000244140625,124.08000183105469
2023-11-01,124.06999969482422,126.48999786376953,123.72000122070312,126.44999694824219
2023-11-02,128.4199981689453,128.97999572753906,126.93000030517578,127.48999786376953
2023-11-03,128.02000427246094,129.52999877929688,127.86000061035156,129.10000610351562
2023-11-06,129.0500030517578,130.33999633789062,128.6699981689453,130.25
2023-11-07,130.7100067138672,131.91000366210938,129.8800048828125,130.97000122070312
2023-11-08,130.97000122070312,132.2100067138672,130.77999877929688,131.83999633789062
2023-11-09,131.9600067138672,132.5500030517578,130.07000732421875,130.24000549316406
2023-11-10,130.10000610351562,132.8000030517578,129.41000366210938,132.58999633789062
2023-11-13,131.77999877929688,132.58999633789062,131.25,132.08999633789062
2023-11-14,134.19000244140625,135.6999969482422,133.32000732421875,133.6199951171875
2023-11-15,134.8699951171875,135.02999877929688,133.57000732421875,134.6199951171875
2023-11-16,135.19000244140625,137.22000122070312,134.32000732421875,136.92999267578125
2023-11-17,136.0,136.05999755859375,133.64999389648438,135.30999755859375
2023-11-20,133.69000244140625,136.66000366210938,133.6199951171875,136.25
2023-11-21,136.2899932861328,137.17999267578125,135.9600067138672,136.97000122070312
2023-11-22,137.47000122070312,139.4199981689453,137.47000122070312,138.49000549316406
2023-11-24,138.02999877929688,138.1300048828125,135.99000549316406,136.69000244140625
2023-11-27,136.02999877929688,138.4199981689453,136.0,136.41000366210938
2023-11-28,136.0800018310547,137.25,135.4199981689453,137.1999969482422
2023-11-29,137.57000732421875,138.2899932861328,134.83999633789062,134.99000549316406
2023-11-30,135.0500030517578,135.5500030517578,131.27999877929688,132.52999877929688
2023-12-01,131.86000061035156,132.11000061035156,130.6699981689453,131.86000061035156
2023-12-04,129.8800048828125,130.02999877929688,127.9000015258789,129.27000427246094
2023-12-05,128.9499969482422,132.13999938964844,128.25,130.99000549316406
2023-12-06,131.44000244140625,131.83999633789062,129.8800048828125,130.02000427246094
2023-12-07,135.0399932861328,138.55999755859375,134.6999969482422,136.92999267578125
2023-12-08,134.1999969482422,136.39999389648438,134.02999877929688,134.99000549316406
2023-12-11,132.3800048828125,133.33999633789062,131.36000061035156,133.2899932861328
2023-12-12,131.80999755859375,133.0,131.25999450683594,132.52000427246094
2023-12-13,133.3800048828125,133.5,131.57000732421875,132.57000732421875
2023-12-14,133.3800048828125,133.72000122070312,129.69000244140625,131.94000244140625
2023-12-15,131.6199951171875,133.50999450683594,131.17999267578125,132.60000610351562
2023-12-18,132.6300048828125,137.14999389648438,132.42999267578125,135.8000030517578
2023-12-19,136.83999633789062,137.47000122070312,136.0800018310547,136.64999389648438
2023-12-20,138.97000122070312,141.6999969482422,138.07000732421875,138.33999633789062
2023-12-21,139.49000549316406,140.69000244140625,139.17999267578125,140.4199981689453
2023-12-22,140.77000427246094,141.99000549316406,140.7100067138672,141.49000549316406
2023-12-26,141.58999633789062,142.67999267578125,141.19000244140625,141.52000427246094
2023-12-27,141.58999633789062,142.0800018310547,139.88999938964844,140.3699951171875
2023-12-28,140.77999877929688,141.13999938964844,139.75,140.22999572753906
2023-12-29,139.6300048828125,140.36000061035156,138.77999877929688,139.69000244140625
2024-01-02,138.5500030517578,139.4499969482422,136.47999572753906,138.1699981689453
2024-01-03,137.25,139.6300048828125,137.0800018310547,138.9199981689453
2024-01-04,138.4199981689453,139.16000366210938,136.35000610351562,136.38999938964844
2024-01-05,136.75,137.16000366210938,135.14999389648438,135.72999572753906
2024-01-08,136.2899932861328,139.00999450683594,136.25999450683594,138.83999633789062
2024-01-09,138.5,141.49000549316406,138.14999389648438,140.9499969482422
2024-01-10,141.0,143.0,140.91000366210938,142.27999877929688
2024-01-11,143.49000549316406,145.22000122070312,140.63999938964844,142.0800018310547
2024-01-12,142.6699981689453,143.1999969482422,141.82000732421875,142.64999389648438
2024-01-16,142.0,144.35000610351562,141.4499969482422,142.49000549316406
2024-01-17,141.35000610351562,141.83999633789062,138.89999389648438,141.47000122070312
2024-01-18,142.0500030517578,144.2100067138672,141.99000549316406,143.47999572753906
2024-01-19,144.74000549316406,146.4499969482422,144.3800048828125,146.3800048828125
2024-01-22,147.10000610351562,148.38999938964844,145.83999633789062,145.99000549316406
2024-01-23,145.88999938964844,147.17999267578125,145.5,147.0399932861328
2024-01-24,148.5399932861328,149.85000610351562,148.10000610351562,148.6999969482422
2024-01-25,150.07000732421875,153.0500030517578,149.5399932861328,151.8699951171875
2024-01-26,151.10000610351562,152.5399932861328,151.00999450683594,152.19000244140625
2024-01-29,152.05999755859375,153.77999877929688,151.42999267578125,153.50999450683594
2024-01-30,152.8000030517578,153.6199951171875,151.19000244140625,151.4600067138672
2024-01-31,143.6199951171875,144.0,139.8699951171875,140.10000610351562
2024-02-01,142.1199951171875,143.05999755859375,140.7899932861328,141.16000366210938
2024-02-02,139.25999450683594,142.6199951171875,136.5,142.3800048828125
2024-02-05,142.82000732421875,145.47000122070312,142.77999877929688,143.67999267578125
2024-02-06,144.64999389648438,145.36000061035156,143.19000244140625,144.10000610351562
2024-02-07,144.75999450683594,145.6199951171875,143.92999267578125,145.5399932861328
2024-02-08,145.8300018310547,146.3300018310547,145.10000610351562,145.91000366210938
2024-02-09,146.67999267578125,149.44000244140625,146.17999267578125,149.0
2024-02-12,148.4199981689453,149.33999633789062,147.3699951171875,147.52999877929688
2024-02-13,144.9199981689453,146.6699981689453,143.69000244140625,145.13999938964844
2024-02-14,146.0800018310547,146.52000427246094,144.08999633789062,145.94000244140625
2024-02-15,143.13999938964844,143.52000427246094,140.4600067138672,142.77000427246094
2024-02-16,142.99000549316406,143.19000244140625,140.13999938964844,140.52000427246094
2024-02-20,139.66000366210938,142.0800018310547,139.49000549316406,141.1199951171875
2024-02-21,141.4499969482422,142.69000244140625,140.67999267578125,142.5500030517578
2024-02-22,144.92999267578125,145.0,142.8000030517578,144.08999633789062
2024-02-23,143.6699981689453,144.67999267578125,143.42999267578125,143.9600067138672
2024-02-26,142.13999938964844,142.44000244140625,137.38999938964844,137.57000732421875
2024-02-27,138.02000427246094,139.25,137.08999633789062,138.8800048828125
2024-02-28,137.89999389648438,138.00999450683594,135.41000366210938,136.3800048828125
2024-02-29,137.27999877929688,138.86000061035156,136.39999389648438,138.4600067138672
2024-03-01,138.42999267578125,138.8699951171875,136.9199981689453,137.13999938964844
2024-03-04,135.66000366210938,135.66000366210938,131.91000366210938,133.35000610351562
2024-03-05,131.8800048828125,133.24000549316406,130.6699981689453,132.6699981689453
2024-03-06,133.1199951171875,133.5800018310547,130.85000610351562,131.39999389648438
2024-03-07,132.7899932861328,134.94000244140625,131.61000061035156,134.3800048828125
2024-03-08,134.2100067138672,138.08999633789062,134.0,135.41000366210938
2024-03-11,136.1300048828125,139.10000610351562,136.1300048828125,137.6699981689453
2024-03-12,137.02999877929688,139.3800048828125,137.02999877929688,138.5
2024-03-13,139.0,141.08999633789062,138.99000549316406,139.7899932861328
2024-03-14,141.19000244140625,143.58999633789062,140.4600067138672,143.10000610351562
2024-03-15,142.5,143.17999267578125,140.02999877929688,141.17999267578125
2024-03-18,148.61000061035156,152.14999389648438,147.1699981689453,147.67999267578125
2024-03-19,148.16000366210938,148.7899932861328,146.0800018310547,147.02999877929688
2024-03-20,148.0,148.86000061035156,146.74000549316406,148.74000549316406
2024-03-21,149.47000122070312,150.3699951171875,146.89999389648438,147.60000610351562
2024-03-22,149.1199951171875,151.5800018310547,148.97999572753906,150.77000427246094
2024-03-25,149.94000244140625,150.3800048828125,147.82000732421875,150.07000732421875
2024-03-26,150.22000122070312,152.25999450683594,149.97999572753906,150.6699981689453
2024-03-27,151.17999267578125,151.63999938964844,148.89999389648438,150.8699951171875
2024-03-28,150.85000610351562,151.42999267578125,150.1699981689453,150.92999267578125
2024-04-01,150.69000244140625,155.74000549316406,150.61000061035156,155.49000549316406
2024-04-02,153.5,154.6999969482422,152.14999389648438,154.55999755859375
2024-04-03,153.60000610351562,155.0800018310547,152.72999572753906,154.9199981689453
2024-04-04,153.5,154.77000427246094,150.4499969482422,150.52999877929688
2024-04-05,150.02999877929688,153.4199981689453,149.60000610351562,152.5
2024-04-08,152.77999877929688,155.27000427246094,152.61000061035156,154.85000610351562
2024-04-09,156.08999633789062,158.55999755859375,155.19000244140625,156.60000610351562
2024-04-10,156.2100067138672,156.61000061035156,154.67999267578125,156.13999938964844
2024-04-11,156.91000366210938,159.67999267578125,156.4600067138672,159.41000366210938
2024-04-12,157.9600067138672,160.22000122070312,157.13999938964844,157.72999572753906
2024-04-15,158.86000061035156,159.24000549316406,154.58999633789062,154.86000061035156
2024-04-16,154.19000244140625,155.64999389648438,153.42999267578125,154.39999389648438
2024-04-17,155.6199951171875,157.0800018310547,154.5800018310547,155.47000122070312
2024-04-18,155.33999633789062,156.94000244140625,154.6199951171875,156.00999450683594
2024-04-19,156.1999969482422,156.36000061035156,152.3000030517578,154.08999633789062
2024-04-22,154.30999755859375,157.63999938964844,154.05999755859375,156.27999877929688
2024-04-23,156.9600067138672,158.97000122070312,156.27999877929688,158.25999450683594
2024-04-24,157.49000549316406,159.57000732421875,157.1699981689453,159.1300048828125
2024-04-25,151.3300018310547,156.49000549316406,150.8699951171875,156.0
2024-04-26,174.3699951171875,174.7100067138672,169.64999389648438,171.9499969482422
2024-04-29,169.05999755859375,169.5500030517578,165.2100067138672,166.14999389648438
2024-04-30,165.61000061035156,168.10000610351562,162.60000610351562,162.77999877929688
2024-05-01,164.3000030517578,167.1199951171875,163.08999633789062,163.86000061035156
2024-05-02,164.7899932861328,166.72999572753906,163.88999938964844,166.6199951171875
2024-05-03,167.55999755859375,167.9600067138672,163.0500030517578,167.24000549316406
2024-05-06,167.4600067138672,168.13999938964844,166.02999877929688,168.10000610351562
2024-05-07,168.5,171.75999450683594,168.38999938964844,171.25
2024-05-08,169.0,170.14999389648438,168.74000549316406,169.3800048828125
2024-05-09,169.38999938964844,170.69000244140625,168.17999267578125,169.9600067138672
2024-05-10,168.02999877929688,169.85000610351562,166.19000244140625,168.64999389648438
2024-05-13,164.25999450683594,169.27999877929688,164.0,169.13999938964844
2024-05-14,169.77000427246094,171.25,168.8000030517578,170.33999633789062
2024-05-15,170.6300048828125,172.64999389648438,170.50999450683594,172.50999450683594
2024-05-16,173.2899932861328,175.1199951171875,172.69000244140625,174.17999267578125
2024-05-17,174.17999267578125,176.27000427246094,173.69000244140625,176.05999755859375
2024-05-20,176.19000244140625,178.77000427246094,176.0800018310547,176.9199981689453
2024-05-21,176.89999389648438,178.14999389648438,175.80999755859375,177.85000610351562
2024-05-22,176.63999938964844,177.14999389648438,175.2100067138672,176.3800048828125
2024-05-23,177.07000732421875,178.25,172.9499969482422,173.5500030517578
2024-05-24,174.97999572753906,175.77000427246094,173.64999389648438,174.99000549316406
2024-05-28,174.4499969482422,177.27000427246094,174.3699951171875,176.39999389648438
2024-05-29,175.42999267578125,176.83999633789062,174.72000122070312,175.89999389648438
2024-05-30,175.1999969482422,175.22000122070312,171.7899932861328,172.11000061035156
2024-05-31,171.86000061035156,173.05999755859375,169.44000244140625,172.5
2024-06-03,172.5399932861328,174.52999877929688,171.16000366210938,173.1699981689453
2024-06-04,173.27999877929688,173.85000610351562,171.88999938964844,173.7899932861328
2024-06-05,175.1999969482422,176.64999389648438,173.92999267578125,175.41000366210938
2024-06-06,175.89999389648438,177.14999389648438,175.75,176.72999572753906
2024-06-07,177.0500030517578,177.8699951171875,174.3000030517578,174.4600067138672
2024-06-10,174.97000122070312,177.05999755859375,172.75999450683594,175.00999450683594
2024-06-11,176.22000122070312,176.83999633789062,173.77000427246094,176.6199951171875
2024-06-12,178.25,180.41000366210938,176.11000061035156,177.7899932861328
2024-06-13,176.11000061035156,176.74000549316406,174.8800048828125,175.16000366210938
2024-06-14,174.22000122070312,177.05999755859375,174.14999389648438,176.7899932861328
2024-06-17,175.4600067138672,178.36000061035156,174.80999755859375,177.24000549316406
2024-06-18,177.13999938964844,177.38999938964844,174.10000610351562,175.08999633789062
2024-06-20,175.3699951171875,177.2899932861328,174.99000549316406,176.3000030517578
2024-06-21,177.0,180.85000610351562,176.61000061035156,179.6300048828125
2024-06-24,180.16000366210938,180.88999938964844,178.6699981689453,179.22000122070312
2024-06-25,179.6199951171875,184.2899932861328,179.4199981689453,184.02999877929688
2024-06-26,182.6300048828125,184.50999450683594,182.47999572753906,183.8800048828125
2024-06-27,184.17999267578125,186.0500030517578,184.02000427246094,185.41000366210938
2024-06-28,184.32000732421875,185.1300048828125,181.9600067138672,182.14999389648438
2024-07-01,183.02999877929688,183.8800048828125,181.3000030517578,182.99000549316406
2024-07-02,182.0500030517578,185.57000732421875,181.55999755859375,185.24000549316406
2024-07-03,184.85000610351562,186.08999633789062,184.0,185.82000732421875
2024-07-05,185.86000061035156,190.86000061035156,185.8000030517578,190.60000610351562
2024-07-08,189.89999389648438,190.1699981689453,187.77999877929688,189.02999877929688
2024-07-09,190.30999755859375,191.36000061035156,188.72000122070312,188.97999572753906
2024-07-10,189.14999389648438,191.75,189.02999877929688,191.17999267578125
2024-07-11,189.85000610351562,190.86000061035156,185.0800018310547,185.57000732421875
2024-07-12,185.0800018310547,187.11000061035156,184.49000549316406,185.07000732421875
2024-07-15,184.9199981689453,188.24000549316406,184.9199981689453,186.52999877929688
2024-07-16,187.36000061035156,188.67999267578125,183.3699951171875,183.9199981689453
2024-07-17,182.97000122070312,183.5500030517578,179.89999389648438,181.02000427246094
2024-07-18,181.92999267578125,182.5,176.47000122070312,177.69000244140625
2024-07-19,178.8800048828125,180.2899932861328,177.1300048828125,177.66000366210938
2024-07-22,180.58999633789062,182.6999969482422,180.22999572753906,181.6699981689453
2024-07-23,182.0500030517578,183.61000061035156,181.5399932861328,181.7899932861328
2024-07-24,173.60000610351562,176.19000244140625,171.82000732421875,172.6300048828125
2024-07-25,172.52000427246094,173.4199981689453,167.19000244140625,167.27999877929688
2024-07-26,167.14999389648438,168.08999633789062,164.05999755859375,167.0
2024-07-29,168.8300018310547,170.42999267578125,167.99000549316406,169.52999877929688
2024-07-30,170.24000549316406,171.22999572753906,168.44000244140625,170.2899932861328
2024-07-31,173.24000549316406,174.25,170.00999450683594,171.5399932861328
2024-08-01,170.25,174.0500030517578,168.8800048828125,170.75999450683594
2024-08-02,166.44000244140625,168.50999450683594,164.6699981689453,166.66000366210938
2024-08-05,155.5,164.42999267578125,154.92999267578125,159.25
2024-08-06,159.3300018310547,160.57000732421875,156.41000366210938,158.2899932861328
2024-08-07,161.25,162.97999572753906,158.47000122070312,158.94000244140625
2024-08-08,160.50999450683594,163.69000244140625,160.2100067138672,162.02999877929688
2024-08-09,160.00999450683594,163.7899932861328,159.05999755859375,163.6699981689453
2024-08-12,164.35000610351562,164.89999389648438,161.83999633789062,162.2899932861328
2024-08-13,163.41000366210938,164.72999572753906,162.97000122070312,164.16000366210938
2024-08-14,162.39999389648438,163.22000122070312,157.7100067138672,160.3699951171875
2024-08-15,160.5,161.63999938964844,159.61000061035156,161.3000030517578
2024-08-16,161.47000122070312,165.05999755859375,161.1300048828125,162.9600067138672
2024-08-19,165.27999877929688,166.69000244140625,164.25999450683594,166.6699981689453
2024-08-20,166.89999389648438,168.63999938964844,166.82000732421875,167.17999267578125
2024-08-21,165.14999389648438,166.85000610351562,164.6699981689453,165.85000610351562
2024-08-22,167.25999450683594,167.58999633789062,163.30999755859375,163.8000030517578
2024-08-23,164.72000122070312,166.17999267578125,163.8300018310547,165.6199951171875
2024-08-26,166.3800048828125,167.5500030517578,164.4600067138672,166.16000366210938
2024-08-27,165.83999633789062,166.44000244140625,164.4600067138672,164.67999267578125
2024-08-28,165.0399932861328,165.60000610351562,161.52999877929688,162.85000610351562
2024-08-29,164.30999755859375,165.97000122070312,160.25,161.77999877929688
2024-08-30,162.6199951171875,163.66000366210938,161.69000244140625,163.3800048828125
2024-09-03,161.72000122070312,161.85000610351562,156.47999572753906,157.36000061035156
2024-09-04,156.66000366210938,159.0,155.9600067138672,156.4499969482422
2024-09-05,156.3000030517578,159.4499969482422,155.97999572753906,157.24000549316406
2024-09-06,157.3000030517578,157.8300018310547,150.5500030517578,150.9199981689453
2024-09-09,152.50999450683594,153.39999389648438,147.22000122070312,148.7100067138672
2024-09-10,150.4499969482422,151.27000427246094,148.33999633789062,148.66000366210938
2024-09-11,149.9199981689453,151.5,147.52000427246094,151.16000366210938
2024-09-12,153.8000030517578,154.82000732421875,152.64999389648438,154.69000244140625
2024-09-13,155.42999267578125,158.3800048828125,155.2100067138672,157.4600067138672
2024-09-16,157.30999755859375,158.25,156.60000610351562,158.05999755859375
2024-09-17,159.02000427246094,160.5500030517578,158.3800048828125,159.32000732421875
2024-09-18,159.86000061035156,160.5,158.60000610351562,159.80999755859375
2024-09-19,163.7100067138672,163.7899932861328,161.33999633789062,162.13999938964844
2024-09-20,163.5,163.72999572753906,162.05999755859375,163.58999633789062
2024-09-23,164.35000610351562,165.49000549316406,161.6699981689453,161.85000610351562
2024-09-24,163.02999877929688,163.22000122070312,160.69000244140625,162.2899932861328
2024-09-25,161.47000122070312,162.80999755859375,161.3000030517578,161.49000549316406
2024-09-26,163.63999938964844,164.0800018310547,162.27999877929688,162.72999572753906
2024-09-27,162.80999755859375,165.6999969482422,162.6300048828125,163.9499969482422
2024-09-30,163.32000732421875,166.14999389648438,163.25999450683594,165.85000610351562
2024-10-01,167.69000244140625,169.16000366210938,164.5800018310547,166.99000549316406
2024-10-02,166.4199981689453,167.52000427246094,164.72999572753906,165.86000061035156
2024-10-03,164.41000366210938,166.63999938964844,163.9199981689453,165.86000061035156
2024-10-04,168.05999755859375,168.22999572753906,165.47999572753906,167.05999755859375
2024-10-07,167.72000122070312,168.47999572753906,162.75,162.97999572753906
2024-10-08,163.94000244140625,164.72999572753906,162.8699951171875,164.3800048828125
2024-10-09,163.4499969482422,164.83999633789062,159.74000549316406,161.86000061035156
2024-10-10,160.8699951171875,163.07000732421875,160.39999389648438,162.0800018310547
2024-10-11,162.1300048828125,163.89999389648438,161.24000549316406,163.24000549316406
2024-10-14,163.63999938964844,166.22999572753906,163.39999389648438,164.9600067138672
2024-10-15,165.7899932861328,167.67999267578125,164.6300048828125,165.4600067138672
2024-10-16,164.52999877929688,165.8000030517578,163.74000549316406,165.16000366210938
2024-10-17,165.72999572753906,166.3699951171875,162.75999450683594,162.92999267578125
2024-10-18,163.19000244140625,164.7100067138672,163.0800018310547,163.4199981689453
2024-10-21,162.9499969482422,164.5,162.6199951171875,164.07000732421875
2024-10-22,162.97999572753906,165.77000427246094,162.97999572753906,165.13999938964844
2024-10-23,164.75999450683594,165.82000732421875,161.92999267578125,162.77999877929688
2024-10-24,162.8300018310547,163.3300018310547,161.00999450683594,162.72000122070312
2024-10-25,163.6699981689453,165.58999633789062,163.4199981689453,165.27000427246094
2024-10-28,168.75,168.75,163.9499969482422,166.72000122070312
2024-10-29,167.72999572753906,170.3800048828125,167.08999633789062,169.67999267578125
2024-10-30,180.67999267578125,182.02000427246094,174.05999755859375,174.4600067138672
2024-10-31,173.1300048828125,176.82000732421875,171.0,171.11000061035156
2024-11-01,170.07000732421875,172.32000732421875,168.8800048828125,171.2899932861328
2024-11-04,169.92999267578125,170.72999572753906,168.00999450683594,169.24000549316406
2024-11-05,169.42999267578125,170.52999877929688,168.83999633789062,169.74000549316406
2024-11-06,173.8000030517578,176.94000244140625,173.5,176.50999450683594
2024-11-07,177.41000366210938,181.0800018310547,177.19000244140625,180.75
2024-11-08,180.64999389648438,180.89999389648438,178.0800018310547,178.35000610351562
2024-11-11,178.5800018310547,180.5500030517578,178.47000122070312,180.35000610351562
2024-11-12,179.82000732421875,182.49000549316406,179.38999938964844,181.6199951171875
2024-11-13,180.4600067138672,180.9600067138672,178.5399932861328,178.8800048828125
2024-11-14,178.27999877929688,178.82000732421875,174.32000732421875,175.5800018310547
2024-11-15,173.72999572753906,174.13999938964844,171.22000122070312,172.49000549316406
2024-11-18,173.4199981689453,175.44000244140625,172.89999389648438,175.3000030517578
2024-11-19,173.72000122070312,178.8699951171875,173.55999755859375,178.1199951171875
2024-11-20,177.33999633789062,177.67999267578125,173.77999877929688,175.97999572753906
2024-11-21,173.89999389648438,174.1300048828125,163.6999969482422,167.6300048828125
2024-11-22,165.85000610351562,166.4600067138672,163.89999389648438,164.75999450683594
2024-11-25,166.08999633789062,168.6300048828125,165.61000061035156,167.64999389648438
2024-11-26,167.6300048828125,169.82000732421875,167.5800018310547,169.1199951171875
2024-11-27,169.0,169.47999572753906,168.02000427246094,169.22999572753906
2024-11-29,168.5,169.42999267578125,167.16000366210938,168.9499969482422
2024-12-02,168.77000427246094,172.0800018310547,168.57000732421875,171.49000549316406
2024-12-03,171.49000549316406,172.67999267578125,170.85000610351562,171.33999633789062
2024-12-04,171.14999389648438,174.91000366210938,171.05999755859375,174.3699951171875
2024-12-05,175.36000061035156,176.05999755859375,172.3300018310547,172.63999938964844
2024-12-06,172.02999877929688,175.0800018310547,171.86000061035156,174.7100067138672
2024-12-09,173.9600067138672,176.25999450683594,173.64999389648438,175.3699951171875
2024-12-10,182.85000610351562,186.36000061035156,181.0500030517578,185.1699981689453
2024-12-11,185.30999755859375,195.61000061035156,184.85000610351562,195.39999389648438
2024-12-12,195.0,195.17999267578125,191.7100067138672,191.9600067138672
2024-12-13,191.00999450683594,192.72999572753906,189.63999938964844,189.82000732421875
2024-12-16,192.8699951171875,199.0,192.6199951171875,196.66000366210938
2024-12-17,197.25,201.4199981689453,194.97999572753906,195.4199981689453
2024-12-18,195.22000122070312,197.0,187.74000549316406,188.39999389648438
2024-12-19,191.6300048828125,193.02999877929688,188.3800048828125,188.50999450683594
2024-12-20,185.77999877929688,192.88999938964844,185.22000122070312,191.41000366210938
2024-12-23,192.6199951171875,195.10000610351562,190.14999389648438,194.6300048828125
2024-12-24,194.83999633789062,196.11000061035156,193.77999877929688,196.11000061035156
2024-12-26,195.14999389648438,196.75,194.3800048828125,195.60000610351562
2024-12-27,194.9499969482422,195.32000732421875,190.64999389648438,192.75999450683594
2024-12-30,189.8000030517578,192.5500030517578,189.1199951171875,191.24000549316406
2024-12-31,191.0800018310547,191.9600067138672,188.50999450683594,189.3000030517578
2025-01-02,190.64999389648438,192.0,187.5,189.42999267578125
2025-01-03,191.3699951171875,193.2100067138672,189.97999572753906,191.7899932861328
2025-01-06,193.97999572753906,198.22000122070312,193.85000610351562,196.8699951171875
2025-01-07,197.11000061035156,201.0,194.60000610351562,195.49000549316406
2025-01-08,192.57000732421875,196.2899932861328,192.3800048828125,193.9499969482422
2025-01-10,194.3000030517578,196.52000427246094,190.30999755859375,192.0399932861328
2025-01-13,190.07000732421875,191.17999267578125,187.36000061035156,191.00999450683594
2025-01-14,191.24000549316406,191.97999572753906,188.30999755859375,189.66000366210938
2025-01-15,193.08999633789062,196.36000061035156,191.86000061035156,195.5500030517578
2025-01-16,194.13999938964844,195.47999572753906,192.80999755859375,192.91000366210938
2025-01-17,196.52999877929688,197.22999572753906,193.75,196.0
2025-01-21,199.07000732421875,202.2899932861328,197.8699951171875,198.0500030517578
2025-01-22,199.05999755859375,200.47999572753906,197.52999877929688,198.3699951171875
2025-01-23,198.13999938964844,200.3000030517578,195.1999969482422,197.97999572753906
2025-01-24,198.10000610351562,200.89999389648438,198.0,200.2100067138672
2025-01-27,192.41000366210938,196.8800048828125,190.72999572753906,191.80999755859375
2025-01-28,192.75,195.47999572753906,190.67999267578125,195.3000030517578
2025-01-29,195.55999755859375,196.7899932861328,193.42999267578125,195.41000366210938
2025-01-30,198.0,201.39999389648438,197.6699981689453,200.8699951171875
2025-01-31,202.0,205.47999572753906,201.8000030517578,204.02000427246094
2025-02-03,200.69000244140625,203.75,200.10000610351562,201.22999572753906
2025-02-04,203.38999938964844,207.0500030517578,202.80999755859375,206.3800048828125
2025-02-05,191.07000732421875,192.75,188.02999877929688,191.3300018310547
2025-02-06,189.5,192.10000610351562,188.72000122070312,191.60000610351562
2025-02-07,191.0500030517578,191.17999267578125,183.24000549316406,185.33999633789062
2025-02-10,187.35000610351562,188.1999969482422,185.86000061035156,186.47000122070312
2025-02-11,185.02999877929688,186.94000244140625,184.27999877929688,185.32000732421875
2025-02-12,183.22000122070312,185.11000061035156,181.8300018310547,183.61000061035156
2025-02-13,184.32000732421875,186.27999877929688,183.13999938964844,186.13999938964844
2025-02-14,185.05999755859375,186.39999389648438,184.32000732421875,185.22999572753906
2025-02-18,185.60000610351562,185.9600067138672,181.74000549316406,183.77000427246094
2025-02-19,184.07000732421875,185.4600067138672,183.58999633789062,185.27000427246094
2025-02-20,184.8000030517578,185.30999755859375,182.72000122070312,184.55999755859375
2025-02-21,185.14999389648438,185.33999633789062,179.0800018310547,179.66000366210938
2025-02-24,181.99000549316406,183.1199951171875,178.88999938964844,179.25
2025-02-25,178.0399932861328,178.74000549316406,174.69000244140625,175.4199981689453
2025-02-26,175.07000732421875,176.0800018310547,171.5800018310547,172.72999572753906
2025-02-27,173.99000549316406,174.55999755859375,167.94000244140625,168.5
2025-02-28,168.67999267578125,170.61000061035156,166.77000427246094,170.27999877929688
2025-03-03,171.92999267578125,173.3699951171875,165.92999267578125,167.00999450683594
2025-03-04,166.24000549316406,173.2899932861328,165.8000030517578,170.9199981689453
2025-03-05,170.52000427246094,173.77999877929688,169.05999755859375,173.02000427246094
2025-03-06,170.52999877929688,174.80999755859375,170.5,172.35000610351562
2025-03-07,171.25999450683594,174.97000122070312,170.27000427246094,173.86000061035156
2025-03-10,168.25999450683594,168.4600067138672,163.69000244140625,165.8699951171875
2025-03-11,164.91000366210938,166.75,161.3699951171875,164.0399932861328
2025-03-12,166.5800018310547,167.63999938964844,163.52999877929688,167.11000061035156
2025-03-13,166.0399932861328,166.1300048828125,162.11000061035156,162.75999450683594
2025-03-14,163.27000427246094,166.49000549316406,162.4499969482422,165.49000549316406
2025-03-17,165.02999877929688,166.3000030517578,163.6699981689453,164.2899932861328
2025-03-18,163.67999267578125,164.25,156.72000122070312,160.6699981689453
2025-03-19,161.75999450683594,165.8699951171875,161.0,163.88999938964844
2025-03-20,161.57000732421875,164.88999938964844,160.9600067138672,162.8000030517578
2025-03-21,161.2100067138672,164.24000549316406,160.88999938964844,163.99000549316406
2025-03-24,167.07000732421875,168.32000732421875,165.13999938964844,167.67999267578125
2025-03-25,168.97999572753906,170.6300048828125,168.32000732421875,170.55999755859375
2025-03-26,169.0,169.61000061035156,164.83999633789062,165.05999755859375
2025-03-27,164.6300048828125,165.4199981689453,162.0,162.24000549316406
2025-03-28,160.49000549316406,161.82000732421875,153.6300048828125,154.3300018310547
2025-03-31,153.11000061035156,155.5399932861328,150.66000366210938,154.63999938964844
2025-04-01,153.6199951171875,158.10000610351562,153.6199951171875,157.07000732421875
2025-04-02,155.14999389648438,158.41000366210938,154.6999969482422,157.0399932861328
2025-04-03,151.11000061035156,152.77999877929688,150.38999938964844,150.72000122070312
2025-04-04,148.00999450683594,151.07000732421875,145.3800048828125,145.60000610351562
2025-04-07,141.5500030517578,152.85000610351562,140.52999877929688,146.75
2025-04-08,151.22000122070312,152.24000549316406,143.02999877929688,144.6999969482422
2025-04-09,144.4199981689453,159.5500030517578,143.91000366210938,158.7100067138672
2025-04-10,156.5399932861328,157.72000122070312,149.92999267578125,152.82000732421875
2025-04-11,152.89999389648438,157.6699981689453,152.82000732421875,157.13999938964844
2025-04-14,160.0,161.72000122070312,157.55999755859375,159.07000732421875
2025-04-15,159.1300048828125,159.64999389648438,155.2100067138672,156.30999755859375
2025-04-16,153.10000610351562,155.88999938964844,151.50999450683594,153.3300018310547
2025-04-17,154.2899932861328,154.67999267578125,148.5,151.16000366210938
2025-04-21,148.8800048828125,148.9499969482422,146.10000610351562,147.6699981689453
2025-04-22,148.88999938964844,152.19000244140625,148.5399932861328,151.47000122070312
2025-04-23,155.61000061035156,157.52999877929688,153.80999755859375,155.35000610351562
2025-04-24,156.14999389648438,159.58999633789062,155.7899932861328,159.27999877929688
2025-04-25,165.07000732421875,166.10000610351562,161.0399932861328,161.9600067138672
2025-04-28,162.42999267578125,163.14999389648438,158.60000610351562,160.61000061035156
2025-04-29,160.32000732421875,160.74000549316406,157.52000427246094,160.16000366210938
2025-04-30,157.97999572753906,159.27000427246094,155.39999389648438,158.8000030517578
2025-05-01,160.4499969482422,161.9499969482422,158.91000366210938,161.3000030517578
2025-05-02,163.41000366210938,164.97000122070312,161.8699951171875,164.02999877929688
2025-05-05,163.0,165.38999938964844,162.72000122070312,164.2100067138672
2025-05-06,162.1699981689453,164.8000030517578,161.19000244140625,163.22999572753906
2025-05-07,164.0800018310547,165.0,147.83999633789062,151.3800048828125
2025-05-08,155.0,155.92999267578125,152.89999389648438,154.27999877929688
2025-05-09,154.1699981689453,155.0500030517578,152.1999969482422,152.75
2025-05-12,157.49000549316406,159.10000610351562,156.25,158.4600067138672
2025-05-13,158.7899932861328,160.57000732421875,156.16000366210938,159.52999877929688
2025-05-14,159.9600067138672,167.0,159.61000061035156,165.3699951171875
2025-05-15,165.83999633789062,166.2100067138672,162.3699951171875,163.9600067138672
2025-05-16,167.72999572753906,169.35000610351562,165.6199951171875,166.19000244140625
2025-05-19,164.50999450683594,166.63999938964844,164.22000122070312,166.5399932861328
2025-05-20,166.42999267578125,168.5,162.89999389648438,163.97999572753906
2025-05-21,163.69000244140625,173.13999938964844,163.55999755859375,168.55999755859375
2025-05-22,171.85000610351562,176.77000427246094,170.7100067138672,170.8699951171875
2025-05-23,169.05999755859375,169.9600067138672,167.88999938964844,168.47000122070312
2025-05-27,170.16000366210938,173.1699981689453,170.0,172.89999389648438
2025-05-28,173.16000366210938,175.27000427246094,171.91000366210938,172.36000061035156
2025-05-29,174.0,174.4199981689453,170.6300048828125,171.86000061035156
2025-05-30,171.35000610351562,172.2100067138672,167.44000244140625,171.74000549316406
2025-06-02,167.83999633789062,169.8699951171875,167.38999938964844,169.02999877929688
2025-06-03,167.49000549316406,168.47999572753906,165.27999877929688,166.17999267578125
2025-06-04,166.74000549316406,168.22000122070312,166.36000061035156,168.0500030517578
2025-06-05,170.33999633789062,170.92999267578125,167.58999633789062,168.2100067138672
2025-06-06,170.8300018310547,174.5,170.8300018310547,173.67999267578125
2025-06-09,174.5399932861328,176.47000122070312,174.3699951171875,176.08999633789062
2025-06-10,176.1999969482422,181.11000061035156,174.91000366210938,178.60000610351562
2025-06-11,179.77000427246094,180.3699951171875,176.75,177.35000610351562
2025-06-12,176.17999267578125,176.72000122070312,174.75,175.6999969482422
2025-06-13,172.44000244140625,177.1300048828125,172.38999938964844,174.6699981689453
2025-06-16,174.72999572753906,176.94000244140625,174.64999389648438,176.77000427246094
2025-06-17,175.6999969482422,177.36000061035156,174.5800018310547,175.9499969482422
2025-06-18,176.00999450683594,176.55999755859375,173.1999969482422,173.32000732421875
2025-06-20,173.9499969482422,174.33999633789062,165.4600067138672,166.63999938964844
2025-06-23,166.27000427246094,167.33999633789062,162.0,165.19000244140625
2025-06-24,166.9199981689453,168.22000122070312,166.1300048828125,166.77000427246094
2025-06-25,167.6300048828125,172.36000061035156,167.5500030517578,170.67999267578125
2025-06-26,172.42999267578125,173.69000244140625,169.94000244140625,173.5399932861328
2025-06-27,173.5399932861328,178.67999267578125,171.72999572753906,178.52999877929688
2025-06-30,180.77999877929688,181.22999572753906,174.5800018310547,176.22999572753906
2025-07-01,175.74000549316406,176.08999633789062,173.52999877929688,175.83999633789062
2025-07-02,175.5399932861328,178.86000061035156,175.07000732421875,178.63999938964844
2025-07-03,178.5,179.6699981689453,177.0500030517578,179.52999877929688
2025-07-07,179.05999755859375,179.3000030517578,175.67999267578125,176.7899932861328
2025-07-08,177.85000610351562,177.9499969482422,172.80999755859375,174.36000061035156
2025-07-09,175.25,179.44000244140625,172.77000427246094,176.6199951171875
2025-07-10,175.6300048828125,178.42999267578125,174.3800048828125,177.6199951171875
2025-07-11,176.7899932861328,181.42999267578125,176.47999572753906,180.19000244140625
2025-07-14,181.00999450683594,183.6699981689453,179.67999267578125,181.55999755859375
2025-07-15,182.80999755859375,184.22000122070312,181.60000610351562,182.0
2025-07-16,183.24000549316406,184.3300018310547,182.02999877929688,182.97000122070312
2025-07-17,182.13999938964844,184.05999755859375,180.47999572753906,183.5800018310547
2025-07-18,185.39999389648438,186.4199981689453,183.7100067138672,185.05999755859375
2025-07-21,186.25,190.2899932861328,186.14999389648438,190.10000610351562
2025-07-22,191.5,191.64999389648438,187.4600067138672,191.33999633789062
2025-07-23,191.5,192.52999877929688,189.17999267578125,190.22999572753906
2025-07-24,197.02999877929688,197.9499969482422,191.0,192.1699981689453
2025-07-25,191.97999572753906,194.3300018310547,191.25999450683594,193.17999267578125
2025-07-28,193.64999389648438,194.0500030517578,190.83999633789062,192.5800018310547
2025-07-29,192.42999267578125,195.9199981689453,192.0800018310547,195.75
2025-07-30,195.60000610351562,197.60000610351562,194.69000244140625,196.52999877929688
2025-07-31,195.7100067138672,195.99000549316406,191.08999633789062,191.89999389648438
2025-08-01,189.02999877929688,190.8300018310547,187.82000732421875,189.1300048828125
2025-08-04,190.2899932861328,195.27000427246094,190.1199951171875,195.0399932861328
2025-08-05,194.7100067138672,197.86000061035156,193.88999938964844,194.6699981689453
2025-08-06,194.5,196.6300048828125,193.6699981689453,196.08999633789062
2025-08-07,197.05999755859375,197.5399932861328,194.3300018310547,196.52000427246094
2025-08-08,197.22000122070312,202.61000061035156,197.1699981689453,201.4199981689453
2025-08-11,200.94000244140625,201.47999572753906,199.07000732421875,201.0
2025-08-12,201.3699951171875,204.5,200.58999633789062,203.33999633789062
2025-08-13,204.1300048828125,204.52999877929688,197.50999450683594,201.9600067138672
2025-08-14,201.5,204.44000244140625,201.22999572753906,202.94000244140625
2025-08-15,203.85000610351562,206.44000244140625,201.27999877929688,203.89999389648438
2025-08-18,204.1999969482422,205.27000427246094,202.49000549316406,203.5
2025-08-19,203.02999877929688,203.44000244140625,199.9600067138672,201.57000732421875
2025-08-20,200.72999572753906,201.27999877929688,196.60000610351562,199.32000732421875
2025-08-21,199.75,202.47999572753906,199.42999267578125,199.75
2025-08-22,202.72999572753906,208.5399932861328,201.3000030517578,206.08999633789062
2025-08-25,206.42999267578125,210.52000427246094,205.27999877929688,208.49000549316406
2025-08-26,207.50999450683594,207.85000610351562,205.6999969482422,207.13999938964844
2025-08-27,205.6999969482422,208.91000366210938,205.64999389648438,207.47999572753906
2025-08-28,207.25,212.22000122070312,206.89999389648438,211.63999938964844
2025-08-29,210.50999450683594,214.64999389648438,210.1999969482422,212.91000366210938
2025-09-02,208.44000244140625,211.67999267578125,206.1999969482422,211.35000610351562
2025-09-03,226.2100067138672,231.30999755859375,224.7899932861328,230.66000366210938
2025-09-04,229.64999389648438,232.3699951171875,226.11000061035156,232.3000030517578
2025-09-05,232.1999969482422,235.75999450683594,231.89999389648438,235.0
2025-09-08,235.47000122070312,238.1300048828125,233.6699981689453,234.0399932861328
2025-09-09,234.1699981689453,240.47000122070312,233.22999572753906,239.6300048828125
2025-09-10,238.89999389648438,241.66000366210938,237.85000610351562,239.1699981689453
2025-09-11,239.8800048828125,242.25,236.25,240.3699951171875
2025-09-12,240.3699951171875,242.0800018310547,238.0,240.8000030517578
2025-09-15,244.66000366210938,252.41000366210938,244.66000366210938,251.61000061035156
2025-09-16,252.0800018310547,253.0399932861328,249.47000122070312,251.16000366210938
2025-09-17,251.22000122070312,251.60000610351562,246.27999877929688,249.52999877929688
2025-09-18,251.67999267578125,253.99000549316406,249.8000030517578,252.02999877929688
2025-09-19,253.25,256.0,251.80999755859375,254.72000122070312
2025-09-22,254.42999267578125,255.77999877929688,250.3000030517578,252.52999877929688
2025-09-23,253.0399932861328,254.36000061035156,250.47999572753906,251.66000366210938
2025-09-24,251.66000366210938,252.35000610351562,246.44000244140625,247.13999938964844
2025-09-25,244.39999389648438,246.49000549316406,240.74000549316406,245.7899932861328
2025-09-26,247.07000732421875,249.4199981689453,245.97000122070312,246.5399932861328
2025-09-29,247.85000610351562,251.14999389648438,242.77000427246094,244.0500030517578
2025-09-30,242.80999755859375,243.2899932861328,239.25,243.10000610351562
2025-10-01,240.75,246.3000030517578,238.61000061035156,244.89999389648438
2025-10-02,245.14999389648438,246.80999755859375,242.3000030517578,245.69000244140625
2025-10-03,244.49000549316406,246.3000030517578,241.66000366210938,245.35000610351562
2025-10-06,244.77999877929688,251.32000732421875,244.5800018310547,250.42999267578125
2025-10-07,248.27000427246094,250.44000244140625,245.52000427246094,245.75999450683594
2025-10-08,244.9600067138672,246.00999450683594,243.82000732421875,244.6199951171875
2025-10-09,244.47000122070312,244.75999450683594,239.14999389648438,241.52999877929688
2025-10-10,241.42999267578125,244.08999633789062,235.83999633789062,236.57000732421875
2025-10-13,240.2100067138672,244.5,239.7100067138672,244.14999389648438
2025-10-14,241.22999572753906,247.1199951171875,240.50999450683594,245.4499969482422
2025-10-15,247.25,252.11000061035156,245.99000549316406,251.02999877929688
2025-10-16,251.77000427246094,256.9599914550781,250.10000610351562,251.4600067138672
2025-10-17,250.75999450683594,254.22000122070312,247.80999755859375,253.3000030517578
2025-10-20,254.69000244140625,257.3299865722656,254.22999572753906,256.54998779296875
2025-10-21,254.74000549316406,254.8800048828125,244.14999389648438,250.4600067138672
2025-10-22,254.3699951171875,256.3599853515625,249.2899932861328,251.69000244140625
2025-10-23,252.97999572753906,255.0399932861328,251.85000610351562,253.0800018310547
2025-10-24,256.5799865722656,261.67999267578125,255.32000732421875,259.9200134277344
2025-10-27,264.82000732421875,270.1400146484375,264.2799987792969,269.2699890136719
2025-10-28,269.69000244140625,270.7300109863281,266.5,267.4700012207031
2025-10-29,267.75,275.3399963378906,267.6700134277344,274.57000732421875
2025-10-30,291.5899963378906,291.5899963378906,280.05999755859375,281.4800109863281
2025-10-31,283.2099914550781,286.0,277.0299987792969,281.19000244140625
2025-11-03,282.17999267578125,285.5299987792969,279.79998779296875,283.7200012207031
2025-11-04,276.75,281.2699890136719,276.260009765625,277.5400085449219
2025-11-05,278.8699951171875,286.4200134277344,277.3399963378906,284.30999755859375
2025-11-06,285.3299865722656,288.3500061035156,281.1400146484375,284.75
2025-11-07,283.2099914550781,283.7799987792969,275.19000244140625,278.8299865722656
2025-11-10,284.4200134277344,290.79998779296875,282.8599853515625,290.1000061035156
2025-11-11,287.75,291.9200134277344,287.32000732421875,291.30999755859375
2025-11-12,291.67999267578125,292.010009765625,283.69000244140625,286.7099914550781
2025-11-13,282.3399963378906,282.8399963378906,277.239990234375,278.57000732421875
2025-11-14,271.4100036621094,278.55999755859375,270.70001220703125,276.4100036621094
2025-11-17,285.7799987792969,293.95001220703125,283.57000732421875,285.0199890136719
2025-11-18,287.9200134277344,288.79998779296875,278.20001220703125,284.2799987792969
2025-11-19,287.1600036621094,303.80999755859375,286.6300048828125,292.80999755859375
2025-11-20,304.5400085449219,306.4200134277344,288.6700134277344,289.45001220703125
2025-11-21,296.4200134277344,303.9200134277344,293.8500061035156,299.6600036621094
2025-11-24,311.1300048828125,319.4800109863281,309.6000061035156,318.5799865722656
2025-11-25,326.2099914550781,328.8299865722656,317.6499938964844,323.44000244140625
2025-11-26,320.67999267578125,324.5,316.7900085449219,319.95001220703125
2025-11-28,323.3699951171875,326.8500061035156,316.7900085449219,320.17999267578125
2025-12-01,317.70001220703125,319.8500061035156,313.8900146484375,314.8900146484375
2025-12-02,316.739990234375,318.3800048828125,313.9100036621094,315.80999755859375
2025-12-03,315.8900146484375,321.5799865722656,314.1000061035156,319.6300048828125
2025-12-04,322.2300109863281,322.3599853515625,314.70001220703125,317.6199951171875
2025-12-05,319.489990234375,323.1600036621094,319.1700134277344,321.2699890136719
2025-12-08,320.04998779296875,320.44000244140625,311.2200012207031,313.7200012207031
2025-12-09,312.3699951171875,317.989990234375,311.8999938964844,317.0799865722656
2025-12-10,315.8299865722656,321.30999755859375,314.67999267578125,320.2099914550781
2025-12-11,320.0799865722656,321.1199951171875,308.6000061035156,312.42999267578125
2025-12-12,313.70001220703125,314.8699951171875,305.55999755859375,309.2900085449219
2025-12-15,311.32000732421875,311.4200134277344,304.8800048828125,308.2200012207031
2025-12-16,304.95001220703125,310.7699890136719,302.5899963378906,306.57000732421875
2025-12-17,308.010009765625,308.0899963378906,296.1199951171875,296.7200012207031
2025-12-18,301.7200012207031,303.9599914550781,299.2300109863281,302.4599914550781
2025-12-19,301.7300109863281,307.25,300.9700012207031,307.1600036621094
2025-12-22,309.8800048828125,310.1300048828125,305.29998779296875,309.7799987792969
2025-12-23,309.6300048828125,314.94000244140625,309.32000732421875,314.3500061035156
2025-12-24,314.7699890136719,315.0799865722656,311.9200134277344,314.0899963378906
2025-12-26,314.4800109863281,315.0899963378906,312.2799987792969,313.510009765625
2025-12-29,311.3699951171875,314.0199890136719,310.6199951171875,313.55999755859375
2025-12-30,312.5,316.95001220703125,312.4599914550781,313.8500061035156
2025-12-31,312.8500061035156,314.5799865722656,311.44000244140625,313.0
2026-01-02,316.8999938964844,322.5,310.3299865722656,315.1499938964844
2026-01-05,317.6600036621094,319.0199890136719,314.6300048828125,316.5400085449219
2026-01-06,316.3999938964844,320.94000244140625,311.7799987792969,314.3399963378906
2026-01-07,314.3599853515625,326.1499938964844,314.19000244140625,321.9800109863281
2026-01-08,328.9700012207031,330.32000732421875,321.5,325.44000244140625
2026-01-09,327.0899963378906,330.8299865722656,325.79998779296875,328.57000732421875
2026-01-12,325.79998779296875,334.0400085449219,325.0,331.8599853515625
2026-01-13,334.95001220703125,340.489990234375,333.6199951171875,335.9700012207031
2026-01-14,335.05999755859375,336.5199890136719,330.4800109863281,335.8399963378906
2026-01-15,337.6499938964844,337.69000244140625,330.739990234375,332.7799987792969
2026-01-16,334.4100036621094,334.6499938964844,327.70001220703125,330.0
2026-01-20,320.8699951171875,327.7300109863281,320.42999267578125,322.0
2026-01-21,320.9200134277344,332.4800109863281,319.3500061035156,328.3800048828125
2026-01-22,334.45001220703125,335.1499938964844,328.75,330.5400085449219
2026-01-23,332.489990234375,333.69000244140625,327.45001220703125,327.92999267578125
2026-01-26,327.80999755859375,335.8399963378906,327.0,333.260009765625
2026-01-27,335.3699951171875,337.9100036621094,333.4800109863281,334.54998779296875
2026-01-28,336.05999755859375,337.5400085449219,331.94000244140625,336.010009765625
2026-01-29,340.29998779296875,342.2900085449219,326.5400085449219,338.25
2026-01-30,340.0,340.0,332.2900085449219,338.0
2026-02-02,336.2200012207031,344.8299865722656,335.6300048828125,343.69000244140625
2026-02-03,347.3399963378906,349.0,337.4700012207031,339.7099914550781
2026-02-04,342.9599914550781,343.30999755859375,328.5199890136719,333.0400085449219
2026-02-05,312.2200012207031,332.69000244140625,306.4599914550781,331.25
2026-02-06,327.17999267578125,330.3800048828125,319.9200134277344,322.8599853515625
2026-02-09,320.92999267578125,327.70001220703125,317.260009765625,324.32000732421875
2026-02-10,320.9700012207031,321.6700134277344,314.6099853515625,318.5799865722656
2026-02-11,318.9700012207031,321.05999755859375,309.6600036621094,310.9599914550781
2026-02-12,312.0899963378906,316.239990234375,307.20001220703125,309.0
2026-02-13,307.7300109863281,308.6300048828125,303.7099914550781,305.7200012207031
2026-02-17,300.0400085449219,304.44000244140625,296.25,302.0199890136719
2026-02-18,302.0899963378906,305.3800048828125,301.25,303.3299865722656
2026-02-19,301.82000732421875,305.4700012207031,300.0400085449219,302.8500061035156
2026-02-20,304.32000732421875,316.5,303.8999938964844,314.9800109863281
2026-02-23,319.04998779296875,319.5199890136719,309.8699951171875,311.489990234375
2026-02-24,310.5199890136719,312.2699890136719,305.92999267578125,310.8999938964844
2026-02-25,312.05999755859375,313.6400146484375,309.44000244140625,312.8999938964844
2026-02-26,312.6400146484375,313.1400146484375,302.3500061035156,307.3800048828125
2026-02-27,304.1400146484375,312.3699951171875,303.79998779296875,311.760009765625
2026-03-02,303.2300109863281,308.489990234375,301.29998779296875,306.5199890136719
2026-03-03,298.5899963378906,303.94000244140625,296.7099914550781,303.5799865722656
2026-03-04,302.8900146484375,305.4700012207031,300.75,303.1300048828125
2026-03-05,303.0400085449219,303.29998779296875,297.989990234375,300.8800048828125
2026-03-06,296.0899963378906,300.5299987792969,295.17999267578125,298.5199890136719
2026-03-09,294.3599853515625,306.79998779296875,294.0799865722656,306.3599853515625
2026-03-10,306.1700134277344,309.510009765625,305.57000732421875,307.0400085449219
2026-03-11,306.75,311.4200134277344,305.9200134277344,308.70001220703125
2026-03-12,306.82000732421875,308.94000244140625,301.0299987792969,303.54998779296875
2026-03-13,307.010009765625,307.69000244140625,300.44000244140625,302.2799987792969
2026-03-16,304.3500061035156,306.489990234375,303.0199890136719,305.55999755859375
2026-03-17,305.8599853515625,311.4200134277344,305.5,310.9200134277344
2026-03-18,309.2699890136719,312.4700012207031,306.92999267578125,307.69000244140625
2026-03-19,304.010009765625,308.05999755859375,302.3500061035156,307.1300048828125
2026-03-20,305.4599914550781,306.0,298.2699890136719,301.0
2026-03-23,302.1099853515625,305.9800109863281,300.92999267578125,302.05999755859375
2026-03-24,299.20001220703125,299.9200134277344,290.3299865722656,290.44000244140625
2026-03-25,293.44000244140625,296.0,289.239990234375,290.92999267578125
2026-03-26,287.9100036621094,287.95001220703125,278.5,280.9200134277344
2026-03-27,277.2799987792969,279.3699951171875,273.95001220703125,274.3399963378906
2026-03-30,276.4200134277344,277.0899963378906,272.1099853515625,273.5
2026-03-31,278.0400085449219,288.0799865722656,277.0899963378906,287.55999755859375
2026-04-01,290.8399963378906,300.5199890136719,290.4100036621094,297.3900146484375
2026-04-02,290.69000244140625,298.0799865722656,289.45001220703125,295.7699890136719
2026-04-06,295.8699951171875,300.6199951171875,295.17999267578125,299.989990234375
2026-04-07,302.7300109863281,305.6300048828125,297.7200012207031,305.4599914550781
2026-04-08,320.45001220703125,322.0799865722656,315.0199890136719,317.32000732421875
2026-04-09,315.9100036621094,319.5400085449219,311.05999755859375,318.489990234375
2026-04-10,320.0199890136719,321.8299865722656,316.32000732421875,317.239990234375
2026-04-13,317.1400146484375,321.6300048828125,315.4700012207031,321.30999755859375
2026-04-14,324.7900085449219,333.2900085449219,323.75,332.9100036621094
2026-04-15,332.8900146484375,337.4800109863281,330.8999938964844,337.1199951171875
2026-04-16,338.75,339.8800048828125,334.5199890136719,336.0199890136719
2026-04-17,337.6499938964844,342.32000732421875,336.239990234375,341.67999267578125
2026-04-20,340.760009765625,341.3999938964844,336.6099853515625,337.4200134277344
2026-04-21,337.69000244140625,339.3399963378906,331.3500061035156,332.2900085449219
2026-04-22,337.0199890136719,339.82000732421875,335.1700134277344,339.32000732421875
2026-04-23,341.17999267578125,341.9599914550781,336.17999267578125,338.8900146484375
2026-04-24,338.7300109863281,345.2699890136719,335.3900146484375,344.3999938964844
2026-04-27,345.9800109863281,353.17999267578125,342.7300109863281,350.3399963378906
2026-04-28,348.54998779296875,352.4200134277344,346.1199951171875,349.7799987792969
2026-04-29,347.57000732421875,355.7900085449219,344.2099914550781,349.94000244140625
2026-04-30,374.07000732421875,385.8399963378906,365.82000732421875,384.79998779296875
2026-05-01,381.6300048828125,386.760009765625,379.04998779296875,385.69000244140625
2026-05-04,385.6300048828125,387.3800048828125,379.7900085449219,383.25
2026-05-05,386.2300109863281,392.82000732421875,384.0199890136719,388.42999267578125
2026-05-06,394.25,399.8500061035156,392.760009765625,398.0400085449219
2026-05-07,399.9200134277344,400.1000061035156,392.67999267578125,397.989990234375
2026-05-08,397.0,402.0,396.3599853515625,400.79998779296875
2026-05-11,393.6499938964844,397.44000244140625,388.4700012207031,388.6400146484375
2026-05-12,387.3399963378906,388.5199890136719,382.7699890136719,387.3500061035156
2026-05-13,385.6000061035156,403.70001220703125,385.0,402.6199951171875
2026-05-14,397.2799987792969,402.92999267578125,395.8399963378906,401.07000732421875
2026-05-15,396.32000732421875,399.5400085449219,393.17999267578125,396.7799987792969
2026-05-18,395.69000244140625,408.6099853515625,394.5299987792969,396.94000244140625
2026-05-19,396.9599914550781,397.1499938964844,386.1099853515625,387.6600036621094
2026-05-20,387.70001220703125,393.8599853515625,382.8999938964844,388.9100036621094
2026-05-21,385.70001220703125,392.5,383.0199890136719,387.6600036621094
2026-05-22,387.3500061035156,388.739990234375,381.7699890136719,382.9700012207031
2026-05-26,384.510009765625,389.260009765625,382.6000061035156,388.8800048828125
2026-05-27,386.6700134277344,393.8800048828125,385.8999938964844,388.8299865722656
2026-05-28,388.0,391.8699951171875,385.1600036621094,390.1300048828125
2026-05-29,385.239990234375,385.239990234375,378.4599914550781,380.3399963378906
2026-06-01,376.5199890136719,378.55999755859375,373.5199890136719,376.3699951171875
2026-06-02,366.5899963378906,373.5400085449219,358.44000244140625,361.8500061035156
2026-06-03,362.0299987792969,366.45001220703125,358.0799865722656,358.989990234375
2026-06-04,358.8999938964844,373.25,358.2099914550781,372.19000244140625
2026-06-05,366.3399963378906,372.0799865722656,364.1199951171875,368.5299987792969
2026-06-08,365.17999267578125,366.20001220703125,360.5299987792969,363.30999755859375
2026-06-09,367.0899963378906,372.0799865722656,357.29998779296875,364.260009765625
2026-06-10,363.19000244140625,368.55999755859375,355.20001220703125,356.3800048828125
2026-06-11,355.92999267578125,358.79998779296875,346.3599853515625,357.7699890136719
2026-06-12,362.6199951171875,366.57000732421875,354.94000244140625,359.67999267578125
2026-06-15,367.92999267578125,372.989990234375,366.54998779296875,369.3500061035156
2026-06-16,369.6000061035156,376.0,367.05999755859375,373.25
2026-06-17,369.1300048828125,372.3299865722656,362.0199890136719,363.7900085449219
2026-06-18,365.75,369.4800109863281,358.6700134277344,368.0299987792969
2026-06-22,357.95001220703125,358.9200134277344,341.7200012207031,349.67999267578125
2026-06-23,340.69000244140625,349.2900085449219,340.20001220703125,346.1300048828125
2026-06-24,349.0400085449219,353.4800109863281,341.92999267578125,345.2900085449219
2026-06-25,336.7300109863281,345.57000732421875,335.8399963378906,343.7099914550781
2026-06-26,342.54998779296875,346.3599853515625,330.20001220703125,337.3900146484375
2026-06-29,341.8299865722656,354.3500061035156,340.6700134277344,353.6499938964844
2026-06-30,353.8699951171875,358.6199951171875,350.3999938964844,357.3699951171875
2026-07-01,358.3699951171875,362.9700012207031,356.42999267578125,361.2099914550781
2026-07-02,359.4800109863281,364.2099914550781,353.4200134277344,359.9100036621094
2026-07-06,361.54998779296875,367.92999267578125,357.3800048828125,366.4599914550781
2026-07-07,369.07000732421875,373.1600036621094,365.5,367.0299987792969
2026-07-08,364.760009765625,367.8399963378906,358.0199890136719,361.9200134277344
2026-07-09,354.30999755859375,359.6499938964844,351.0799865722656,358.8900146484375
2026-07-10,357.5299987792969,357.82000732421875,352.75,357.17999267578125
2026-07-13,356.19000244140625,358.1300048828125,351.75,352.510009765625
2026-07-14,351.0899963378906,358.67999267578125,351.0899963378906,356.1300048828125
