Date,Open,High,Low,Close
2018-01-02,190.2100067138672,190.72000122070312,188.00999450683594,188.02999877929688
2018-01-03,188.0,189.36000061035156,187.82000732421875,189.00999450683594
2018-01-04,189.8699951171875,190.8699951171875,188.47000122070312,190.50999450683594
2018-01-05,190.92999267578125,192.5399932861328,190.50999450683594,192.5
2018-01-08,191.72000122070312,193.72000122070312,191.60000610351562,192.0399932861328
2018-01-09,192.6999969482422,193.47000122070312,191.63999938964844,193.10000610351562
2018-01-10,192.75999450683594,193.22000122070312,191.64999389648438,191.8000030517578
2018-01-11,191.67999267578125,194.72999572753906,191.39999389648438,194.67999267578125
2018-01-12,195.5,199.4199981689453,194.82000732421875,196.4199981689453
2018-01-16,197.86000061035156,198.9499969482422,195.6999969482422,196.30999755859375
2018-01-17,197.5,199.82000732421875,196.83999633789062,199.82000732421875
2018-01-18,199.77999877929688,200.24000549316406,197.66000366210938,198.3300018310547
2018-01-19,199.80999755859375,201.3300018310547,199.1300048828125,201.3300018310547
2018-01-22,201.60000610351562,204.47000122070312,201.50999450683594,204.4600067138672
2018-01-23,204.88999938964844,206.35000610351562,204.14999389648438,204.89999389648438
2018-01-24,205.1999969482422,207.10000610351562,204.5500030517578,206.22000122070312
2018-01-25,206.8000030517578,206.8300018310547,203.83999633789062,205.3699951171875
2018-01-26,205.60000610351562,207.30999755859375,204.44000244140625,207.22999572753906
2018-01-29,207.22999572753906,207.61000061035156,204.7100067138672,204.9199981689453
2018-01-30,201.47000122070312,203.14999389648438,191.57000732421875,201.80999755859375
2018-01-31,203.22000122070312,205.0800018310547,200.22999572753906,200.89999389648438
2018-02-01,199.33999633789062,202.25,198.27999877929688,199.89999389648438
2018-02-02,199.25,199.3000030517578,193.44000244140625,193.97000122070312
2018-02-05,190.07000732421875,194.3000030517578,180.3800048828125,183.11000061035156
2018-02-06,178.6199951171875,191.9600067138672,175.4199981689453,191.0399932861328
2018-02-07,190.72999572753906,194.52000427246094,189.72000122070312,191.2899932861328
2018-02-08,191.13999938964844,191.13999938964844,180.92999267578125,181.22000122070312
2018-02-09,183.25,186.0,175.7899932861328,184.1199951171875
2018-02-12,186.5500030517578,187.00999450683594,183.41000366210938,184.05999755859375
2018-02-13,183.22999572753906,183.99000549316406,180.88999938964844,183.72000122070312
2018-02-14,181.8800048828125,185.05999755859375,181.0500030517578,184.69000244140625
2018-02-15,186.74000549316406,187.19000244140625,183.25999450683594,185.27000427246094
2018-02-16,185.05999755859375,187.99000549316406,184.86000061035156,186.97000122070312
2018-02-20,189.89999389648438,191.44000244140625,186.30999755859375,186.7100067138672
2018-02-21,187.2100067138672,187.97999572753906,182.86000061035156,183.05999755859375
2018-02-22,183.72000122070312,186.22000122070312,182.91000366210938,185.47000122070312
2018-02-23,186.1999969482422,188.41000366210938,185.6199951171875,188.35000610351562
2018-02-26,189.1699981689453,189.7899932861328,187.86000061035156,188.4600067138672
2018-02-27,188.8699951171875,189.25,184.9600067138672,184.97999572753906
2018-02-28,184.41000366210938,186.64999389648438,182.27000427246094,182.27000427246094
2018-03-01,182.75,184.39999389648438,178.25,179.63999938964844
2018-03-02,177.72000122070312,179.19000244140625,176.33999633789062,178.4600067138672
2018-03-05,177.86000061035156,182.25999450683594,177.6999969482422,181.74000549316406
2018-03-06,182.75,183.0,179.50999450683594,181.63999938964844
2018-03-07,178.82000732421875,180.0,176.82000732421875,178.5800018310547
2018-03-08,179.44000244140625,179.97999572753906,176.72999572753906,177.94000244140625
2018-03-09,179.0,182.24000549316406,177.9199981689453,182.16000366210938
2018-03-12,182.42999267578125,183.05999755859375,179.5500030517578,179.7100067138672
2018-03-13,179.58999633789062,180.9499969482422,177.86000061035156,178.35000610351562
2018-03-14,179.10000610351562,179.66000366210938,175.88999938964844,177.41000366210938
2018-03-15,177.69000244140625,179.86000061035156,176.72000122070312,178.07000732421875
2018-03-16,178.42999267578125,180.39999389648438,177.97000122070312,178.9600067138672
2018-03-19,178.64999389648438,179.32000732421875,176.0,177.10000610351562
2018-03-20,177.63999938964844,178.88999938964844,177.16000366210938,178.16000366210938
2018-03-21,178.35000610351562,180.13999938964844,177.67999267578125,178.02000427246094
2018-03-22,177.4199981689453,178.55999755859375,175.0800018310547,175.2899932861328
2018-03-23,176.24000549316406,177.05999755859375,171.55999755859375,171.8000030517578
2018-03-26,174.11000061035156,176.8000030517578,173.52000427246094,176.3800048828125
2018-03-27,177.3800048828125,178.72999572753906,173.60000610351562,174.67999267578125
2018-03-28,175.24000549316406,177.52999877929688,173.9199981689453,174.75999450683594
2018-03-29,175.6999969482422,178.63999938964844,175.5,178.24000549316406
2018-04-02,177.14999389648438,177.69000244140625,170.4199981689453,172.89999389648438
2018-04-03,172.77999877929688,174.94000244140625,172.42999267578125,173.75999450683594
2018-04-04,170.8000030517578,177.83999633789062,170.4199981689453,177.44000244140625
2018-04-05,178.0,180.0399932861328,177.30999755859375,179.1300048828125
2018-04-06,177.97999572753906,178.52000427246094,173.35000610351562,174.4499969482422
2018-04-09,175.05999755859375,175.35000610351562,172.3699951171875,172.50999450683594
2018-04-10,174.02999877929688,174.19000244140625,172.24000549316406,173.49000549316406
2018-04-11,172.0,175.05999755859375,171.8000030517578,172.86000061035156
2018-04-12,173.30999755859375,174.24000549316406,172.89999389648438,173.36000061035156
2018-04-13,174.49000549316406,175.50999450683594,172.22999572753906,172.8000030517578
2018-04-16,174.22999572753906,175.60000610351562,173.32000732421875,174.42999267578125
2018-04-17,175.75999450683594,176.24000549316406,174.10000610351562,174.91000366210938
2018-04-18,175.0,180.25,174.99000549316406,179.85000610351562
2018-04-19,179.5,179.6999969482422,175.77000427246094,177.0800018310547
2018-04-20,177.85000610351562,178.88999938964844,176.32000732421875,177.00999450683594
2018-04-23,177.6199951171875,178.3800048828125,176.1300048828125,177.66000366210938
2018-04-24,179.3000030517578,180.0,175.0500030517578,176.25999450683594
2018-04-25,176.0800018310547,178.07000732421875,174.5500030517578,177.38999938964844
2018-04-26,178.4600067138672,185.92999267578125,178.0800018310547,185.72000122070312
2018-04-27,185.49000549316406,187.0399932861328,183.8699951171875,186.4600067138672
2018-04-30,186.99000549316406,187.8000030517578,184.8000030517578,184.8000030517578
2018-05-01,184.72999572753906,184.72999572753906,181.39999389648438,184.6300048828125
2018-05-02,184.49000549316406,187.1199951171875,183.75,185.91000366210938
2018-05-03,184.8699951171875,184.89999389648438,181.1999969482422,183.19000244140625
2018-05-04,182.75,186.35000610351562,181.83999633789062,185.02999877929688
2018-05-07,185.39999389648438,185.5,182.6699981689453,183.55999755859375
2018-05-08,183.4499969482422,185.3000030517578,182.5,185.0399932861328
2018-05-09,185.02999877929688,186.5,183.57000732421875,186.36000061035156
2018-05-10,185.97000122070312,187.97000122070312,185.8800048828125,187.16000366210938
2018-05-11,187.6300048828125,190.8000030517578,187.35000610351562,190.30999755859375
2018-05-14,191.5,191.64999389648438,189.86000061035156,191.0800018310547
2018-05-15,189.5,189.69000244140625,186.10000610351562,187.97999572753906
2018-05-16,189.27999877929688,189.27999877929688,185.89999389648438,186.3800048828125
2018-05-17,186.25,187.17999267578125,184.8699951171875,185.3300018310547
2018-05-18,185.75,188.2100067138672,185.5500030517578,187.4199981689453
2018-05-21,188.1999969482422,190.6699981689453,188.0,189.7899932861328
2018-05-22,190.05999755859375,190.77999877929688,186.52000427246094,186.8699951171875
2018-05-23,187.10000610351562,187.32000732421875,184.97999572753906,186.6699981689453
2018-05-24,186.7899932861328,187.41000366210938,184.6699981689453,187.14999389648438
2018-05-25,186.7100067138672,187.8300018310547,186.0500030517578,186.85000610351562
2018-05-29,185.5500030517578,186.8300018310547,184.25,185.0
2018-05-30,184.8300018310547,187.8000030517578,184.00999450683594,187.08999633789062
2018-05-31,187.16000366210938,187.36000061035156,185.25,186.5500030517578
2018-06-01,187.2100067138672,188.8300018310547,186.52000427246094,187.35000610351562
2018-06-04,188.22000122070312,191.5399932861328,187.97000122070312,191.36000061035156
2018-06-05,190.44000244140625,192.3800048828125,189.6999969482422,191.94000244140625
2018-06-06,193.07000732421875,193.58999633789062,191.2100067138672,193.58999633789062
2018-06-07,193.8300018310547,197.1999969482422,193.8300018310547,196.1699981689453
2018-06-08,195.8699951171875,198.5,195.00999450683594,198.3300018310547
2018-06-11,198.91000366210938,200.52000427246094,198.33999633789062,199.63999938964844
2018-06-12,199.83999633789062,201.33999633789062,199.50999450683594,201.30999755859375
2018-06-13,201.3000030517578,201.5800018310547,199.66000366210938,200.30999755859375
2018-06-14,200.25999450683594,201.0,198.16000366210938,199.6699981689453
2018-06-15,198.9499969482422,201.60000610351562,198.5,200.5399932861328
2018-06-18,198.94000244140625,200.91000366210938,198.11000061035156,200.69000244140625
2018-06-19,198.2100067138672,199.89999389648438,198.10000610351562,199.2100067138672
2018-06-20,200.0,200.1300048828125,198.1199951171875,199.0800018310547
2018-06-21,199.2100067138672,200.94000244140625,198.61000061035156,200.30999755859375
2018-06-22,200.7899932861328,201.1999969482422,197.1699981689453,197.41000366210938
2018-06-25,197.41000366210938,197.83999633789062,195.05999755859375,196.3800048828125
2018-06-26,196.5800018310547,197.3300018310547,195.60000610351562,196.36000061035156
2018-06-27,196.66000366210938,197.99000549316406,195.00999450683594,195.02000427246094
2018-06-28,195.0,196.00999450683594,193.50999450683594,195.2100067138672
2018-06-29,195.86000061035156,198.8300018310547,194.99000549316406,195.10000610351562
2018-07-02,193.82000732421875,194.17999267578125,192.1199951171875,194.02000427246094
2018-07-03,194.44000244140625,195.7100067138672,193.41000366210938,193.6199951171875
2018-07-05,194.49000549316406,194.74000549316406,193.1300048828125,194.41000366210938
2018-07-06,194.5800018310547,195.35000610351562,192.9499969482422,194.47999572753906
2018-07-09,195.6999969482422,196.7100067138672,195.02999877929688,196.0800018310547
2018-07-10,196.55999755859375,197.75999450683594,196.3800048828125,197.61000061035156
2018-07-11,197.22000122070312,197.75999450683594,195.9499969482422,196.9499969482422
2018-07-12,198.1999969482422,198.47999572753906,197.0,197.9499969482422
2018-07-13,198.4600067138672,199.92999267578125,198.4600067138672,198.69000244140625
2018-07-16,199.13999938964844,199.22000122070312,197.88999938964844,198.8800048828125
2018-07-17,198.6300048828125,201.42999267578125,198.6300048828125,201.10000610351562
2018-07-18,201.02000427246094,201.9199981689453,200.19000244140625,200.97000122070312
2018-07-19,200.88999938964844,203.22999572753906,200.5500030517578,202.6300048828125
2018-07-20,202.0800018310547,203.75999450683594,201.82000732421875,202.4499969482422
2018-07-23,202.4600067138672,203.38999938964844,201.89999389648438,202.22999572753906
2018-07-24,203.52999877929688,204.25,201.35000610351562,201.99000549316406
2018-07-25,201.39999389648438,202.2899932861328,199.07000732421875,201.0
2018-07-26,201.52999877929688,202.1199951171875,198.91000366210938,199.39999389648438
2018-07-27,200.2100067138672,200.49000549316406,196.67999267578125,197.13999938964844
2018-07-30,196.52999877929688,197.57000732421875,196.39999389648438,197.27999877929688
2018-07-31,197.69000244140625,198.02999877929688,196.8699951171875,197.52000427246094
2018-08-01,196.86000061035156,197.74000549316406,195.60000610351562,196.3000030517578
2018-08-02,195.10000610351562,195.83999633789062,193.5500030517578,195.66000366210938
2018-08-03,196.02999877929688,196.39999389648438,195.25,195.63999938964844
2018-08-06,195.6199951171875,196.05999755859375,195.11000061035156,195.69000244140625
2018-08-07,196.35000610351562,197.1999969482422,195.63999938964844,197.0500030517578
2018-08-08,197.44000244140625,198.91000366210938,197.3000030517578,198.02000427246094
2018-08-09,199.0,199.74000549316406,198.0399932861328,198.0800018310547
2018-08-10,197.33999633789062,197.92999267578125,195.63999938964844,196.3000030517578
2018-08-13,196.3000030517578,197.58999633789062,194.0,194.13999938964844
2018-08-14,195.1699981689453,195.97999572753906,191.27000427246094,193.10000610351562
2018-08-15,191.75,194.17999267578125,191.08999633789062,193.99000549316406
2018-08-16,194.02000427246094,196.08999633789062,193.72000122070312,195.38999938964844
2018-08-17,195.60000610351562,195.97999572753906,194.82000732421875,195.55999755859375
2018-08-20,195.83999633789062,198.44000244140625,195.39999389648438,197.92999267578125
2018-08-21,198.8300018310547,200.74000549316406,198.41000366210938,200.22999572753906
2018-08-22,200.8000030517578,203.5500030517578,198.64999389648438,198.97000122070312
2018-08-23,199.38999938964844,201.41000366210938,199.13999938964844,200.16000366210938
2018-08-24,200.35000610351562,202.5,200.0,201.3000030517578
2018-08-27,202.8300018310547,202.9499969482422,201.19000244140625,201.97999572753906
2018-08-28,202.3000030517578,202.4199981689453,200.6300048828125,201.97000122070312
2018-08-29,201.11000061035156,201.99000549316406,200.7100067138672,201.67999267578125
2018-08-30,201.0,201.44000244140625,199.10000610351562,199.25999450683594
2018-08-31,199.3800048828125,200.91000366210938,199.2899932861328,200.77000427246094
2018-09-04,200.69000244140625,205.9199981689453,200.5,205.0800018310547
2018-09-05,204.8300018310547,206.6699981689453,203.14999389648438,204.14999389648438
2018-09-06,204.58999633789062,207.08999633789062,203.8000030517578,205.88999938964844
2018-09-07,205.4499969482422,207.22999572753906,205.42999267578125,206.22999572753906
2018-09-10,208.1300048828125,211.6199951171875,208.1300048828125,210.69000244140625
2018-09-11,213.0,214.66000366210938,211.5,213.85000610351562
2018-09-12,214.02999877929688,215.42999267578125,210.91000366210938,211.97999572753906
2018-09-13,211.44000244140625,211.44000244140625,208.6999969482422,209.4499969482422
2018-09-14,210.19000244140625,210.52999877929688,207.5500030517578,209.07000732421875
2018-09-17,209.0800018310547,210.0399932861328,208.25999450683594,208.39999389648438
2018-09-18,208.6300048828125,211.72999572753906,208.16000366210938,211.02000427246094
2018-09-19,212.0,212.6699981689453,210.66000366210938,211.67999267578125
2018-09-20,211.66000366210938,212.61000061035156,211.00999450683594,211.05999755859375
2018-09-21,211.3000030517578,212.66000366210938,210.50999450683594,212.38999938964844
2018-09-24,211.52000427246094,211.83999633789062,207.9600067138672,207.99000549316406
2018-09-25,208.83999633789062,209.3000030517578,206.8000030517578,207.4600067138672
2018-09-26,208.5800018310547,209.13999938964844,207.22999572753906,207.52000427246094
2018-09-27,207.5,207.8300018310547,205.6699981689453,206.83999633789062
2018-09-28,206.44000244140625,208.85000610351562,206.35000610351562,207.14999389648438
2018-10-01,208.52000427246094,209.7899932861328,207.3699951171875,207.60000610351562
2018-10-02,207.49000549316406,208.0399932861328,204.6699981689453,204.75
2018-10-03,206.16000366210938,206.4600067138672,203.64999389648438,203.74000549316406
2018-10-04,203.64999389648438,203.75999450683594,198.27000427246094,198.85000610351562
2018-10-05,199.07000732421875,199.6999969482422,194.57000732421875,196.3800048828125
2018-10-08,196.24000549316406,198.66000366210938,195.05999755859375,198.41000366210938
2018-10-09,197.9499969482422,199.17999267578125,195.5800018310547,195.75
2018-10-10,199.11000061035156,199.24000549316406,193.35000610351562,193.6999969482422
2018-10-11,193.7100067138672,196.6699981689453,188.47000122070312,189.74000549316406
2018-10-12,192.75,193.58999633789062,190.16000366210938,192.47000122070312
2018-10-15,192.36000061035156,193.2899932861328,190.6999969482422,191.1699981689453
2018-10-16,191.8300018310547,194.0800018310547,190.61000061035156,193.5800018310547
2018-10-17,189.63999938964844,190.6699981689453,183.97999572753906,185.1699981689453
2018-10-18,184.25999450683594,185.39999389648438,179.52999877929688,180.44000244140625
2018-10-19,180.33999633789062,180.99000549316406,178.57000732421875,179.85000610351562
2018-10-22,180.82000732421875,181.39999389648438,177.55999755859375,178.75
2018-10-23,175.77000427246094,179.49000549316406,175.44000244140625,178.52999877929688
2018-10-24,178.5800018310547,182.3699951171875,176.30999755859375,176.97000122070312
2018-10-25,177.52000427246094,180.5,176.8300018310547,179.07000732421875
2018-10-26,176.8800048828125,177.33999633789062,170.91000366210938,172.22999572753906
2018-10-29,173.74000549316406,175.99000549316406,170.9499969482422,173.1999969482422
2018-10-30,173.16000366210938,176.42999267578125,172.63999938964844,176.24000549316406
2018-10-31,177.97999572753906,178.85000610351562,175.58999633789062,175.8800048828125
2018-11-01,176.83999633789062,180.86000061035156,175.89999389648438,180.4600067138672
2018-11-02,182.47000122070312,183.00999450683594,177.38999938964844,179.92999267578125
2018-11-05,181.02000427246094,182.41000366210938,179.3000030517578,182.19000244140625
2018-11-06,181.92999267578125,182.64999389648438,180.0500030517578,182.00999450683594
2018-11-07,183.7899932861328,187.67999267578125,182.05999755859375,187.22999572753906
2018-11-08,187.1300048828125,188.69000244140625,185.72000122070312,188.0
2018-11-09,188.32000732421875,188.47999572753906,184.9600067138672,185.99000549316406
2018-11-12,185.22999572753906,186.9499969482422,179.02000427246094,179.42999267578125
2018-11-13,177.3000030517578,181.6199951171875,172.85000610351562,179.0
2018-11-14,182.61000061035156,182.89999389648438,179.14999389648438,179.89999389648438
2018-11-15,179.00999450683594,179.6699981689453,173.61000061035156,177.36000061035156
2018-11-16,173.99000549316406,177.61000061035156,173.50999450683594,177.02000427246094
2018-11-19,176.7100067138672,178.8800048828125,172.3000030517578,173.58999633789062
2018-11-20,169.25,172.0,167.0,169.0500030517578
2018-11-21,170.0,170.92999267578125,169.14999389648438,169.3000030517578
2018-11-23,169.38999938964844,170.3300018310547,168.47000122070312,168.85000610351562
2018-11-26,170.1999969482422,172.38999938964844,168.8699951171875,169.82000732421875
2018-11-27,169.11000061035156,173.3800048828125,168.82000732421875,173.22000122070312
2018-11-28,172.91000366210938,177.64999389648438,170.6199951171875,177.42999267578125
2018-11-29,176.8000030517578,177.27000427246094,174.9199981689453,175.66000366210938
2018-11-30,175.75,180.3699951171875,175.11000061035156,180.32000732421875
2018-12-03,183.2899932861328,183.5,179.35000610351562,181.74000549316406
2018-12-04,181.05999755859375,182.22999572753906,174.5500030517578,175.3000030517578
2018-12-06,173.5,176.0399932861328,170.4600067138672,175.9600067138672
2018-12-07,175.35000610351562,178.36000061035156,172.24000549316406,172.7899932861328
2018-12-10,173.38999938964844,173.99000549316406,167.72999572753906,171.69000244140625
2018-12-11,174.3000030517578,175.60000610351562,171.24000549316406,172.2100067138672
2018-12-12,173.75,176.8699951171875,172.80999755859375,174.2100067138672
2018-12-13,174.30999755859375,174.91000366210938,172.07000732421875,173.8699951171875
2018-12-14,172.97999572753906,175.13999938964844,171.9499969482422,172.2899932861328
2018-12-17,171.50999450683594,171.99000549316406,166.92999267578125,167.97000122070312
2018-12-18,168.89999389648438,171.9499969482422,168.5,170.0399932861328
2018-12-19,170.9199981689453,174.9499969482422,166.77000427246094,167.55999755859375
2018-12-20,166.27999877929688,167.30999755859375,162.22999572753906,164.16000366210938
2018-12-21,162.80999755859375,167.9600067138672,160.1699981689453,160.47999572753906
2018-12-24,160.16000366210938,161.39999389648438,158.08999633789062,158.13999938964844
2018-12-26,159.4600067138672,168.27999877929688,159.44000244140625,168.27999877929688
2018-12-27,166.44000244140625,170.4600067138672,163.36000061035156,170.32000732421875
2018-12-28,171.22000122070312,173.1199951171875,168.60000610351562,170.22000122070312
2018-12-31,171.47000122070312,173.24000549316406,170.64999389648438,171.82000732421875
2019-01-02,169.7100067138672,173.17999267578125,169.0500030517578,172.41000366210938
2019-01-03,171.83999633789062,171.83999633789062,168.2100067138672,168.61000061035156
2019-01-04,170.17999267578125,174.74000549316406,169.52000427246094,173.6199951171875
2019-01-07,173.8300018310547,178.17999267578125,173.8300018310547,177.0399932861328
2019-01-08,178.57000732421875,179.58999633789062,175.61000061035156,177.88999938964844
2019-01-09,177.8699951171875,181.27000427246094,177.10000610351562,179.72999572753906
2019-01-10,178.02999877929688,179.24000549316406,176.33999633789062,179.05999755859375
2019-01-11,177.92999267578125,180.25999450683594,177.1199951171875,179.41000366210938
2019-01-14,177.58999633789062,179.22999572753906,176.89999389648438,178.80999755859375
2019-01-15,176.0800018310547,177.82000732421875,175.1999969482422,176.47000122070312
2019-01-16,177.08999633789062,177.92999267578125,175.86000061035156,177.0399932861328
2019-01-17,174.00999450683594,175.4600067138672,172.0,174.8699951171875
2019-01-18,176.97999572753906,180.0399932861328,176.17999267578125,179.5800018310547
2019-01-22,177.49000549316406,178.60000610351562,175.36000061035156,177.11000061035156
2019-01-23,176.58999633789062,178.05999755859375,174.52999877929688,176.88999938964844
2019-01-24,177.0,177.52999877929688,175.3000030517578,177.2899932861328
2019-01-25,179.77999877929688,180.8699951171875,178.61000061035156,180.39999389648438
2019-01-28,178.97000122070312,179.99000549316406,177.41000366210938,179.8300018310547
2019-01-29,178.9600067138672,180.14999389648438,178.08999633789062,179.69000244140625
2019-01-30,180.47000122070312,184.1999969482422,179.77999877929688,182.17999267578125
2019-01-31,181.5,184.6699981689453,181.05999755859375,183.52999877929688
2019-02-01,184.02999877929688,185.14999389648438,182.8300018310547,184.3699951171875
2019-02-04,184.3000030517578,186.42999267578125,183.83999633789062,186.42999267578125
2019-02-05,186.88999938964844,186.99000549316406,184.69000244140625,186.38999938964844
2019-02-06,186.69000244140625,186.69000244140625,184.05999755859375,184.72000122070312
2019-02-07,183.74000549316406,184.9199981689453,182.4499969482422,184.07000732421875
2019-02-08,183.0500030517578,184.5800018310547,182.72000122070312,184.5399932861328
2019-02-11,185.0,185.4199981689453,182.75,182.9199981689453
2019-02-12,183.83999633789062,186.39999389648438,183.52000427246094,185.52000427246094
2019-02-13,186.3000030517578,188.67999267578125,185.9199981689453,188.41000366210938
2019-02-14,187.5,188.92999267578125,186.0,187.7100067138672
2019-02-15,189.8699951171875,192.6199951171875,189.0500030517578,192.38999938964844
2019-02-19,191.7100067138672,193.19000244140625,191.27999877929688,192.3300018310547
2019-02-20,192.38999938964844,192.39999389648438,191.11000061035156,191.85000610351562
2019-02-21,191.85000610351562,192.3699951171875,190.61000061035156,191.82000732421875
2019-02-22,191.69000244140625,192.5399932861328,191.6199951171875,192.38999938964844
2019-02-25,192.75,193.4199981689453,189.9600067138672,189.97999572753906
2019-02-26,185.58999633789062,188.47000122070312,182.8000030517578,188.3000030517578
2019-02-27,187.89999389648438,188.5,183.2100067138672,183.6699981689453
2019-02-28,183.60000610351562,185.19000244140625,183.11000061035156,185.13999938964844
2019-03-01,185.82000732421875,186.55999755859375,182.86000061035156,185.1699981689453
2019-03-04,186.1999969482422,186.24000549316406,182.10000610351562,183.80999755859375
2019-03-05,184.24000549316406,185.1199951171875,183.25,184.0
2019-03-06,184.52999877929688,184.97000122070312,183.83999633789062,184.4499969482422
2019-03-07,184.38999938964844,184.6199951171875,181.5800018310547,182.50999450683594
2019-03-08,181.49000549316406,181.91000366210938,179.52000427246094,181.22999572753906
2019-03-11,182.0,183.1999969482422,181.1999969482422,182.44000244140625
2019-03-12,183.42999267578125,184.27000427246094,182.3300018310547,184.0
2019-03-13,183.24000549316406,183.77999877929688,181.0800018310547,181.13999938964844
2019-03-14,181.27999877929688,181.74000549316406,180.5,181.61000061035156
2019-03-15,182.3000030517578,182.49000549316406,179.57000732421875,182.22999572753906
2019-03-18,182.52999877929688,183.47999572753906,182.3300018310547,183.4199981689453
2019-03-19,184.19000244140625,185.82000732421875,183.47999572753906,184.1300048828125
2019-03-20,184.3000030517578,187.1199951171875,183.42999267578125,186.10000610351562
2019-03-21,185.5,190.0,185.5,189.97000122070312
2019-03-22,189.30999755859375,192.0500030517578,188.6699981689453,188.75
2019-03-25,188.75,191.7100067138672,188.50999450683594,189.67999267578125
2019-03-26,190.69000244140625,192.19000244140625,188.74000549316406,189.33999633789062
2019-03-27,189.64999389648438,191.61000061035156,188.38999938964844,189.25
2019-03-28,189.91000366210938,191.39999389648438,189.16000366210938,190.05999755859375
2019-03-29,190.85000610351562,192.0399932861328,190.13999938964844,191.88999938964844
2019-04-01,192.99000549316406,195.89999389648438,192.85000610351562,195.63999938964844
2019-04-02,195.5,195.5,194.02000427246094,194.30999755859375
2019-04-03,194.97999572753906,198.7899932861328,194.11000061035156,198.61000061035156
2019-04-04,199.0,200.49000549316406,198.02000427246094,200.4499969482422
2019-04-05,200.86000061035156,203.1300048828125,200.61000061035156,202.05999755859375
2019-04-08,201.3699951171875,203.7899932861328,201.24000549316406,203.5500030517578
2019-04-09,202.25999450683594,202.7100067138672,200.4600067138672,200.89999389648438
2019-04-10,201.25999450683594,201.60000610351562,198.02000427246094,199.42999267578125
2019-04-11,199.89999389648438,201.5,199.02999877929688,201.47999572753906
2019-04-12,202.1300048828125,204.25999450683594,202.1300048828125,203.85000610351562
2019-04-15,204.16000366210938,205.13999938964844,203.39999389648438,204.86000061035156
2019-04-16,205.25,205.99000549316406,204.2899932861328,204.47000122070312
2019-04-17,205.33999633789062,206.83999633789062,205.32000732421875,206.5500030517578
2019-04-18,206.02000427246094,207.77999877929688,205.10000610351562,205.66000366210938
2019-04-22,204.11000061035156,206.25,204.0,204.77999877929688
2019-04-23,205.13999938964844,207.3300018310547,203.42999267578125,206.0500030517578
2019-04-24,206.16000366210938,208.3000030517578,205.5399932861328,206.72000122070312
2019-04-25,206.00999450683594,207.72000122070312,205.05999755859375,206.5
2019-04-26,205.8800048828125,206.13999938964844,203.33999633789062,203.61000061035156
2019-04-29,203.30999755859375,203.8000030517578,200.33999633789062,202.16000366210938
2019-04-30,201.5500030517578,203.75,200.7899932861328,203.6999969482422
2019-05-01,203.1999969482422,203.52000427246094,198.66000366210938,198.8000030517578
2019-05-02,199.3000030517578,201.05999755859375,198.8000030517578,201.00999450683594
2019-05-03,202.0,202.30999755859375,200.32000732421875,200.55999755859375
2019-05-06,198.74000549316406,199.92999267578125,198.30999755859375,199.6300048828125
2019-05-07,196.75,197.64999389648438,192.9600067138672,194.77000427246094
2019-05-08,194.49000549316406,196.61000061035156,193.67999267578125,195.1699981689453
2019-05-09,193.30999755859375,195.0800018310547,191.58999633789062,194.5800018310547
2019-05-10,193.2100067138672,195.49000549316406,190.00999450683594,194.5800018310547
2019-05-13,191.0,191.66000366210938,189.13999938964844,190.33999633789062
2019-05-14,190.5,192.75999450683594,190.00999450683594,191.6199951171875
2019-05-15,190.80999755859375,192.80999755859375,190.27000427246094,191.75999450683594
2019-05-16,192.47000122070312,194.9600067138672,192.1999969482422,192.3800048828125
2019-05-17,190.86000061035156,194.5,190.75,192.5800018310547
2019-05-20,191.1300048828125,192.86000061035156,190.61000061035156,190.9499969482422
2019-05-21,187.1300048828125,192.52000427246094,186.33999633789062,191.4499969482422
2019-05-22,190.49000549316406,192.22000122070312,188.0500030517578,188.91000366210938
2019-05-23,188.4499969482422,192.5399932861328,186.27000427246094,192.0
2019-05-24,192.5399932861328,193.86000061035156,190.41000366210938,193.58999633789062
2019-05-28,194.3800048828125,196.47000122070312,191.35000610351562,191.5500030517578
2019-05-29,190.27999877929688,191.8800048828125,188.02999877929688,189.99000549316406
2019-05-30,190.1300048828125,192.5,190.08999633789062,191.0800018310547
2019-05-31,189.63999938964844,190.2899932861328,188.66000366210938,189.85000610351562
2019-06-03,189.52000427246094,191.8699951171875,188.75,189.57000732421875
2019-06-04,191.5800018310547,195.5,191.4199981689453,195.25
2019-06-05,194.00999450683594,196.72000122070312,193.0800018310547,196.69000244140625
2019-06-06,196.64999389648438,197.64999389648438,194.9600067138672,197.1699981689453
2019-06-07,197.1999969482422,199.02000427246094,196.2100067138672,197.3000030517578
2019-06-10,198.55999755859375,199.85000610351562,197.32000732421875,198.0500030517578
2019-06-11,199.02000427246094,200.83999633789062,195.83999633789062,198.00999450683594
2019-06-12,198.80999755859375,200.19000244140625,197.97999572753906,198.94000244140625
2019-06-13,199.9499969482422,202.67999267578125,199.4499969482422,202.35000610351562
2019-06-14,201.30999755859375,206.5,201.30999755859375,205.77000427246094
2019-06-17,207.0,208.7899932861328,206.0,206.97999572753906
2019-06-18,208.10000610351562,210.1699981689453,207.11000061035156,207.47999572753906
2019-06-19,207.89999389648438,208.47999572753906,205.89999389648438,207.94000244140625
2019-06-20,209.57000732421875,211.66000366210938,209.30999755859375,211.25
2019-06-21,211.25999450683594,211.99000549316406,209.0800018310547,209.38999938964844
2019-06-24,208.14999389648438,209.25999450683594,205.1199951171875,205.5
2019-06-25,206.3000030517578,207.10000610351562,204.1999969482422,204.74000549316406
2019-06-26,205.33999633789062,207.32000732421875,204.64999389648438,206.4199981689453
2019-06-27,207.61000061035156,208.0,206.00999450683594,207.02000427246094
2019-06-28,207.77000427246094,209.0,207.38999938964844,207.97000122070312
2019-07-01,209.6999969482422,212.30999755859375,208.1699981689453,210.27999877929688
2019-07-02,210.24000549316406,210.25999450683594,208.4600067138672,210.13999938964844
2019-07-03,209.82000732421875,212.75,209.6999969482422,212.10000610351562
2019-07-05,209.97000122070312,212.1699981689453,209.72999572753906,211.4600067138672
2019-07-08,210.97999572753906,213.44000244140625,210.58999633789062,212.91000366210938
2019-07-09,211.92999267578125,213.3300018310547,211.1999969482422,212.0
2019-07-10,210.72000122070312,211.32000732421875,208.8300018310547,210.75
2019-07-11,212.25,214.0800018310547,211.02000427246094,214.0399932861328
2019-07-12,215.0,218.25,214.61000061035156,218.22999572753906
2019-07-15,218.9499969482422,219.3000030517578,216.80999755859375,218.6999969482422
2019-07-16,217.3000030517578,218.35000610351562,216.72999572753906,217.25999450683594
2019-07-17,216.72999572753906,217.5800018310547,215.61000061035156,215.61000061035156
2019-07-18,215.5,216.22999572753906,213.00999450683594,214.44000244140625
2019-07-19,214.6699981689453,215.22999572753906,212.92999267578125,213.0399932861328
2019-07-22,213.0,213.25999450683594,210.3800048828125,211.27000427246094
2019-07-23,212.57000732421875,214.1300048828125,211.72999572753906,213.0800018310547
2019-07-24,213.19000244140625,214.7899932861328,213.07000732421875,214.7100067138672
2019-07-25,214.27999877929688,215.9199981689453,213.6300048828125,215.5500030517578
2019-07-26,215.52999877929688,217.2100067138672,214.10000610351562,216.91000366210938
2019-07-29,216.7899932861328,218.27000427246094,216.35000610351562,218.0399932861328
2019-07-30,217.52000427246094,218.58999633789062,216.86000061035156,217.36000061035156
2019-07-31,216.35000610351562,217.8000030517578,212.1699981689453,213.69000244140625
2019-08-01,214.13999938964844,217.61000061035156,212.02000427246094,212.8300018310547
2019-08-02,211.86000061035156,213.13999938964844,211.0800018310547,212.14999389648438
2019-08-05,209.52999877929688,209.9600067138672,204.0800018310547,204.94000244140625
2019-08-06,205.00999450683594,209.08999633789062,204.5,208.8000030517578
2019-08-07,206.0399932861328,208.5,203.1300048828125,207.91000366210938
2019-08-08,209.6999969482422,211.69000244140625,208.72000122070312,211.57000732421875
2019-08-09,211.4499969482422,212.41000366210938,207.9499969482422,210.02000427246094
2019-08-12,208.10000610351562,209.63999938964844,206.14999389648438,207.00999450683594
2019-08-13,206.30999755859375,211.6199951171875,204.77999877929688,208.3300018310547
2019-08-14,204.4600067138672,205.36000061035156,201.50999450683594,201.58999633789062
2019-08-15,203.0,203.75999450683594,199.0500030517578,201.7899932861328
2019-08-16,203.75,204.42999267578125,201.6699981689453,203.64999389648438
2019-08-19,206.97999572753906,208.82000732421875,205.3000030517578,207.9499969482422
2019-08-20,213.5,217.85000610351562,212.1699981689453,217.08999633789062
2019-08-21,218.72999572753906,220.8800048828125,216.75999450683594,220.39999389648438
2019-08-22,220.0500030517578,222.66000366210938,219.8800048828125,221.02000427246094
2019-08-23,219.89999389648438,220.8699951171875,216.00999450683594,217.47000122070312
2019-08-26,218.4600067138672,219.5,216.17999267578125,218.64999389648438
2019-08-27,219.5500030517578,220.41000366210938,217.91000366210938,218.2100067138672
2019-08-28,217.8800048828125,222.08999633789062,217.11000061035156,221.9499969482422
2019-08-29,223.89999389648438,227.6999969482422,223.75999450683594,227.32000732421875
2019-08-30,228.42999267578125,229.27000427246094,226.69000244140625,227.91000366210938
2019-09-03,226.4499969482422,227.6300048828125,223.3800048828125,224.07000732421875
2019-09-04,223.9499969482422,224.14999389648438,220.6699981689453,224.14999389648438
2019-09-05,226.3000030517578,228.77999877929688,226.25,228.14999389648438
2019-09-06,228.6999969482422,231.3699951171875,227.8800048828125,231.1300048828125
2019-09-09,231.5,233.8699951171875,230.0800018310547,232.8699951171875
2019-09-10,232.25,233.02000427246094,229.7100067138672,233.0
2019-09-11,232.92999267578125,233.67999267578125,231.02000427246094,232.66000366210938
2019-09-12,233.4199981689453,235.49000549316406,233.11000061035156,233.8000030517578
2019-09-13,234.3300018310547,234.97000122070312,232.3300018310547,233.97999572753906
2019-09-16,232.72999572753906,233.61000061035156,230.61000061035156,230.99000549316406
2019-09-17,226.7899932861328,230.3300018310547,226.47000122070312,230.2100067138672
2019-09-18,230.3699951171875,231.52999877929688,229.00999450683594,230.8300018310547
2019-09-19,231.14999389648438,231.39999389648438,227.9499969482422,228.1199951171875
2019-09-20,227.99000549316406,230.0500030517578,224.22999572753906,224.6699981689453
2019-09-23,224.16000366210938,227.13999938964844,223.9499969482422,226.25
2019-09-24,228.13999938964844,230.24000549316406,224.77999877929688,225.41000366210938
2019-09-25,226.58999633789062,228.4499969482422,224.5,228.10000610351562
2019-09-26,229.67999267578125,231.1199951171875,229.0,229.7899932861328
2019-09-27,231.61000061035156,231.75,229.1300048828125,229.86000061035156
2019-09-30,230.19000244140625,232.58999633789062,230.1199951171875,232.02000427246094
2019-10-01,233.00999450683594,234.50999450683594,230.72000122070312,231.0800018310547
2019-10-02,230.60000610351562,230.60000610351562,224.33999633789062,225.5500030517578
2019-10-03,225.0,226.80999755859375,222.1199951171875,226.80999755859375
2019-10-04,227.1699981689453,229.2100067138672,227.02000427246094,227.92999267578125
2019-10-07,227.50999450683594,228.1300048828125,226.0500030517578,226.74000549316406
2019-10-08,225.36000061035156,228.77999877929688,225.10000610351562,226.6699981689453
2019-10-09,228.5,229.55999755859375,226.61000061035156,228.94000244140625
2019-10-10,229.33999633789062,232.24000549316406,229.0800018310547,231.61000061035156
2019-10-11,234.32000732421875,236.6999969482422,233.75999450683594,234.66000366210938
2019-10-14,234.22000122070312,235.49000549316406,234.05999755859375,234.17999267578125
2019-10-15,234.69000244140625,236.86000061035156,234.60000610351562,235.6199951171875
2019-10-16,235.4199981689453,236.1699981689453,233.83999633789062,235.89999389648438
2019-10-17,236.36000061035156,238.1699981689453,235.50999450683594,236.77000427246094
2019-10-18,236.99000549316406,238.72999572753906,235.63999938964844,237.92999267578125
2019-10-21,238.25999450683594,238.99000549316406,235.61000061035156,236.6999969482422
2019-10-22,237.3000030517578,238.3000030517578,236.52000427246094,237.1999969482422
2019-10-23,236.66000366210938,237.41000366210938,234.36000061035156,234.6699981689453
2019-10-24,234.80999755859375,236.3699951171875,233.07000732421875,233.88999938964844
2019-10-25,233.49000549316406,235.4199981689453,232.5500030517578,234.3800048828125
2019-10-28,234.9499969482422,236.9600067138672,234.55999755859375,236.8000030517578
2019-10-29,236.83999633789062,237.5,233.9199981689453,234.13999938964844
2019-10-30,233.50999450683594,236.60000610351562,232.8800048828125,236.24000549316406
2019-10-31,236.86000061035156,237.38999938964844,233.22000122070312,234.5800018310547
2019-11-01,236.07000732421875,237.4499969482422,235.05999755859375,237.33999633789062
2019-11-04,238.27000427246094,238.38999938964844,233.8800048828125,234.9199981689453
2019-11-05,234.74000549316406,234.9199981689453,230.27000427246094,232.1999969482422
2019-11-06,232.8300018310547,234.0399932861328,231.88999938964844,234.00999450683594
2019-11-07,234.0,235.7899932861328,231.75999450683594,232.94000244140625
2019-11-08,232.8000030517578,233.25999450683594,231.6300048828125,232.83999633789062
2019-11-11,230.5,232.27999877929688,230.17999267578125,231.8000030517578
2019-11-12,232.14999389648438,234.6300048828125,232.0,233.1199951171875
2019-11-13,232.08999633789062,234.89999389648438,230.85000610351562,234.8000030517578
2019-11-14,235.0,236.94000244140625,234.0399932861328,236.5500030517578
2019-11-15,237.69000244140625,238.0500030517578,236.36000061035156,237.2899932861328
2019-11-18,238.44000244140625,239.30999755859375,236.75999450683594,238.85000610351562
2019-11-19,230.60000610351562,233.1199951171875,225.39999389648438,225.86000061035156
2019-11-20,224.5500030517578,225.0,220.57000732421875,220.89999389648438
2019-11-21,221.94000244140625,222.30999755859375,218.5,218.5399932861328
2019-11-22,218.5,219.1300048828125,217.80999755859375,218.02999877929688
2019-11-25,218.0,218.52999877929688,216.8800048828125,218.39999389648438
2019-11-26,218.75999450683594,220.9600067138672,218.38999938964844,220.75999450683594
2019-11-27,221.67999267578125,223.4499969482422,220.66000366210938,223.0
2019-11-29,223.3000030517578,223.3300018310547,220.2899932861328,220.50999450683594
2019-12-02,220.89999389648438,221.19000244140625,217.4600067138672,217.6199951171875
2019-12-03,216.4499969482422,216.4499969482422,212.92999267578125,214.0
2019-12-04,213.5,214.9600067138672,213.19000244140625,214.10000610351562
2019-12-05,214.36000061035156,214.5,211.77000427246094,213.0
2019-12-06,214.2100067138672,215.36000061035156,213.89999389648438,214.27999877929688
2019-12-09,214.2899932861328,217.8800048828125,214.17999267578125,216.52999877929688
2019-12-10,216.52000427246094,216.69000244140625,215.10000610351562,215.89999389648438
2019-12-11,211.02999877929688,213.64999389648438,210.61000061035156,212.0
2019-12-12,212.5,214.1300048828125,210.72999572753906,212.0399932861328
2019-12-13,212.1199951171875,214.22999572753906,210.6699981689453,214.0800018310547
2019-12-16,214.42999267578125,216.72000122070312,214.3000030517578,215.52999877929688
2019-12-17,216.02000427246094,219.4499969482422,215.8699951171875,217.72000122070312
2019-12-18,218.2100067138672,219.58999633789062,217.63999938964844,218.0
2019-12-19,218.47999572753906,220.77000427246094,218.27999877929688,220.22000122070312
2019-12-20,220.58999633789062,221.57000732421875,219.8000030517578,221.19000244140625
2019-12-23,222.0,222.0,219.13999938964844,219.2100067138672
2019-12-24,219.5,221.0399932861328,219.22000122070312,220.6699981689453
2019-12-26,220.74000549316406,221.14999389648438,219.58999633789062,220.82000732421875
2019-12-27,221.1999969482422,221.7899932861328,219.77999877929688,219.97000122070312
2019-12-30,220.3699951171875,220.49000549316406,216.5500030517578,217.30999755859375
2019-12-31,217.10000610351562,218.50999450683594,216.44000244140625,218.3800048828125
2020-01-02,219.0800018310547,219.75999450683594,217.83999633789062,219.66000366210938
2020-01-03,217.13999938964844,219.67999267578125,216.75,218.92999267578125
2020-01-06,216.49000549316406,220.0,216.39999389648438,219.9600067138672
2020-01-07,219.5,220.55999755859375,216.89999389648438,218.52000427246094
2020-01-08,218.8000030517578,222.97000122070312,218.6699981689453,221.7899932861328
2020-01-09,222.63999938964844,225.5500030517578,221.85000610351562,225.19000244140625
2020-01-10,224.75,225.49000549316406,223.02999877929688,224.22000122070312
2020-01-13,224.5,224.50999450683594,222.67999267578125,223.33999633789062
2020-01-14,222.47999572753906,224.9499969482422,222.30999755859375,222.80999755859375
2020-01-15,222.27999877929688,224.97999572753906,222.1300048828125,224.58999633789062
2020-01-16,225.92999267578125,228.86000061035156,225.39999389648438,228.82000732421875
2020-01-17,229.61000061035156,232.60000610351562,228.91000366210938,231.91000366210938
2020-01-21,231.52999877929688,233.66000366210938,231.05999755859375,232.9499969482422
2020-01-22,233.7899932861328,236.52999877929688,232.8800048828125,232.89999389648438
2020-01-23,232.1300048828125,234.82000732421875,230.63999938964844,233.64999389648438
2020-01-24,234.4600067138672,235.42999267578125,230.55999755859375,232.0
2020-01-27,228.1999969482422,232.47000122070312,228.1999969482422,231.19000244140625
2020-01-28,231.82000732421875,235.25,231.35000610351562,233.86000061035156
2020-01-29,234.89999389648438,235.8800048828125,233.39999389648438,234.02000427246094
2020-01-30,232.0,233.3000030517578,231.57000732421875,232.7899932861328
2020-01-31,232.9600067138672,233.22999572753906,227.88999938964844,228.10000610351562
2020-02-03,230.3000030517578,233.52999877929688,229.35000610351562,231.5399932861328
2020-02-04,234.02999877929688,236.36000061035156,234.02999877929688,235.0
2020-02-05,237.10000610351562,238.32000732421875,235.86000061035156,238.11000061035156
2020-02-06,238.0,239.41000366210938,237.47999572753906,238.83999633789062
2020-02-07,238.83999633789062,239.52999877929688,236.52000427246094,237.3000030517578
2020-02-10,236.60000610351562,240.61000061035156,236.17999267578125,240.61000061035156
2020-02-11,240.61000061035156,242.4499969482422,240.1999969482422,241.63999938964844
2020-02-12,242.1300048828125,242.3000030517578,238.83999633789062,241.58999633789062
2020-02-13,240.97000122070312,243.60000610351562,240.39999389648438,242.36000061035156
2020-02-14,243.44000244140625,245.1999969482422,242.6300048828125,245.02999877929688
2020-02-18,244.83999633789062,246.11000061035156,243.16000366210938,243.94000244140625
2020-02-19,244.91000366210938,245.5,243.00999450683594,243.63999938964844
2020-02-20,243.69000244140625,247.1199951171875,242.14999389648438,247.02000427246094
2020-02-21,246.5,247.36000061035156,244.0,245.33999633789062
2020-02-24,238.47999572753906,243.11000061035156,237.6999969482422,239.6999969482422
2020-02-25,246.10000610351562,246.97000122070312,236.47999572753906,237.3800048828125
2020-02-26,239.10000610351562,241.0399932861328,234.32000732421875,235.27999877929688
2020-02-27,231.07000732421875,234.82000732421875,224.57000732421875,224.72999572753906
2020-02-28,218.6300048828125,221.05999755859375,212.3300018310547,217.83999633789062
2020-03-02,219.97999572753906,230.0,218.49000549316406,229.94000244140625
2020-03-03,230.02999877929688,235.82000732421875,225.57000732421875,227.94000244140625
2020-03-04,233.00999450683594,241.32000732421875,231.8000030517578,241.0800018310547
2020-03-05,236.60000610351562,239.61000061035156,233.14999389648438,234.80999755859375
2020-03-06,227.57000732421875,230.2899932861328,222.25,228.50999450683594
2020-03-09,213.8699951171875,216.17999267578125,207.25,210.4600067138672
2020-03-10,217.2100067138672,225.8300018310547,211.0,225.6999969482422
2020-03-11,217.3000030517578,219.14999389648438,210.5,212.88999938964844
2020-03-12,195.41000366210938,206.5800018310547,184.83999633789062,190.58999633789062
2020-03-13,200.4499969482422,205.82000732421875,190.0,205.6699981689453
2020-03-16,181.97000122070312,186.10000610351562,163.11000061035156,164.9600067138672
2020-03-17,168.2100067138672,174.77999877929688,155.3000030517578,173.63999938964844
2020-03-18,159.8000030517578,162.3300018310547,140.6300048828125,155.6300048828125
2020-03-19,153.16000366210938,162.91000366210938,142.0,161.1300048828125
2020-03-20,162.77999877929688,170.22000122070312,151.80999755859375,152.14999389648438
2020-03-23,150.05999755859375,164.92999267578125,146.33999633789062,162.38999938964844
2020-03-24,173.38999938964844,185.6699981689453,172.00999450683594,184.72000122070312
2020-03-25,184.4199981689453,191.5500030517578,180.0,181.75999450683594
2020-03-26,183.49000549316406,198.1999969482422,182.5,195.2100067138672
2020-03-27,188.49000549316406,196.3800048828125,186.5,190.5500030517578
2020-03-30,190.57000732421875,198.1999969482422,187.61000061035156,196.10000610351562
2020-03-31,194.8000030517578,195.49000549316406,185.4499969482422,186.7100067138672
2020-04-01,175.91000366210938,182.75999450683594,175.0,178.6300048828125
2020-04-02,174.9499969482422,182.72000122070312,174.0,181.30999755859375
2020-04-03,179.55999755859375,181.35000610351562,174.94000244140625,178.6999969482422
2020-04-06,188.0,192.41000366210938,185.1300048828125,191.3300018310547
2020-04-07,202.9199981689453,204.11000061035156,191.85000610351562,192.2899932861328
2020-04-08,194.2100067138672,196.77000427246094,191.5399932861328,194.82000732421875
2020-04-09,199.8000030517578,205.99000549316406,196.5,201.52999877929688
2020-04-13,200.4499969482422,200.4499969482422,195.3699951171875,198.7899932861328
2020-04-14,201.8800048828125,209.72999572753906,200.1300048828125,207.1699981689453
2020-04-15,198.6699981689453,202.24000549316406,196.61000061035156,198.47999572753906
2020-04-16,199.1199951171875,202.2100067138672,196.82000732421875,199.85000610351562
2020-04-17,207.1699981689453,210.25,206.16000366210938,209.4199981689453
2020-04-20,206.1300048828125,211.02999877929688,205.36000061035156,206.0500030517578
2020-04-21,200.75,204.33999633789062,199.50999450683594,200.61000061035156
2020-04-22,201.88999938964844,205.7100067138672,201.13999938964844,204.1699981689453
2020-04-23,203.32000732421875,206.97000122070312,202.19000244140625,202.32000732421875
2020-04-24,204.72999572753906,212.92999267578125,203.85000610351562,212.17999267578125
2020-04-27,215.0399932861328,220.94000244140625,214.00999450683594,217.75999450683594
2020-04-28,223.99000549316406,224.22000122070312,216.91000366210938,217.6300048828125
2020-04-29,221.33999633789062,224.1699981689453,219.82000732421875,221.80999755859375
2020-04-30,216.7899932861328,222.11000061035156,216.52000427246094,219.8300018310547
2020-05-01,216.77000427246094,219.6999969482422,215.77000427246094,218.57000732421875
2020-05-04,216.67999267578125,222.66000366210938,215.2100067138672,221.83999633789062
2020-05-05,224.94000244140625,228.85000610351562,223.61000061035156,225.61000061035156
2020-05-06,227.3699951171875,228.44000244140625,223.8000030517578,223.9199981689453
2020-05-07,226.50999450683594,231.6300048828125,226.4199981689453,229.4499969482422
2020-05-08,232.6999969482422,235.5500030517578,231.14999389648438,234.42999267578125
2020-05-11,231.77000427246094,238.77000427246094,231.25,236.55999755859375
2020-05-12,238.57000732421875,239.25,232.89999389648438,232.89999389648438
2020-05-13,233.0399932861328,236.3000030517578,228.5399932861328,230.10000610351562
2020-05-14,226.3699951171875,234.66000366210938,226.1999969482422,234.47999572753906
2020-05-15,232.7899932861328,243.22999572753906,232.6999969482422,239.3300018310547
2020-05-18,245.83999633789062,248.32000732421875,244.0399932861328,245.35000610351562
2020-05-19,240.4499969482422,242.4600067138672,237.8000030517578,238.10000610351562
2020-05-20,242.0,242.27000427246094,234.9499969482422,238.19000244140625
2020-05-21,237.6199951171875,241.17999267578125,235.7899932861328,240.8800048828125
2020-05-22,240.6999969482422,242.33999633789062,238.66000366210938,241.8800048828125
2020-05-26,248.14999389648438,248.22000122070312,242.07000732421875,242.47999572753906
2020-05-27,242.69000244140625,247.38999938964844,240.77999877929688,247.36000061035156
2020-05-28,249.52000427246094,252.22999572753906,244.42999267578125,245.13999938964844
2020-05-29,245.05999755859375,249.7100067138672,244.72999572753906,248.47999572753906
2020-06-01,249.41000366210938,249.77999877929688,245.8699951171875,247.2899932861328
2020-06-02,248.6300048828125,252.72000122070312,247.0,252.7100067138672
2020-06-03,251.8000030517578,252.8300018310547,250.38999938964844,251.0
2020-06-04,249.77000427246094,252.1699981689453,247.47000122070312,248.9499969482422
2020-06-05,252.33999633789062,255.85000610351562,250.3800048828125,254.89999389648438
2020-06-08,252.49000549316406,256.80999755859375,252.25999450683594,256.7699890136719
2020-06-09,255.3300018310547,258.2900085449219,253.86000061035156,256.760009765625
2020-06-10,257.45001220703125,259.2900085449219,254.22000122070312,254.4499969482422
2020-06-11,248.86000061035156,250.6199951171875,238.74000549316406,239.47000122070312
2020-06-12,243.07000732421875,246.38999938964844,237.0500030517578,242.4499969482422
2020-06-15,237.6199951171875,242.22000122070312,234.30999755859375,241.36000061035156
2020-06-16,249.39999389648438,251.64999389648438,242.8699951171875,249.9499969482422
2020-06-17,252.77000427246094,254.6199951171875,250.0800018310547,250.85000610351562
2020-06-18,249.36000061035156,251.75,247.1300048828125,249.2100067138672
2020-06-19,253.10000610351562,254.3000030517578,246.3800048828125,246.64999389648438
2020-06-22,245.6999969482422,250.05999755859375,245.50999450683594,249.16000366210938
2020-06-23,253.0,253.44000244140625,250.1300048828125,250.30999755859375
2020-06-24,247.80999755859375,250.2899932861328,242.72999572753906,246.1300048828125
2020-06-25,244.8000030517578,246.35000610351562,242.1999969482422,245.3800048828125
2020-06-26,245.35000610351562,246.10000610351562,240.25,241.00999450683594
2020-06-29,242.66000366210938,246.5,240.33999633789062,246.1199951171875
2020-06-30,247.0,251.64999389648438,246.08999633789062,250.50999450683594
2020-07-01,249.64999389648438,250.3300018310547,246.92999267578125,248.14999389648438
2020-07-02,251.94000244140625,252.3000030517578,247.9199981689453,248.5
2020-07-06,250.27000427246094,251.5,247.0399932861328,249.5500030517578
2020-07-07,247.3699951171875,250.77999877929688,247.07000732421875,247.35000610351562
2020-07-08,247.8699951171875,249.7899932861328,246.22000122070312,249.1699981689453
2020-07-09,249.66000366210938,250.50999450683594,246.35000610351562,247.9600067138672
2020-07-10,248.2899932861328,250.3300018310547,246.63999938964844,250.11000061035156
2020-07-13,251.9199981689453,257.8599853515625,249.08999633789062,249.6199951171875
2020-07-14,249.0,258.17999267578125,248.4600067138672,257.7900085449219
2020-07-15,260.1400146484375,261.2900085449219,255.14999389648438,257.79998779296875
2020-07-16,256.760009765625,260.5,256.0,258.0799865722656
2020-07-17,260.0299987792969,260.6499938964844,257.7200012207031,260.3800048828125
2020-07-20,259.0400085449219,261.20001220703125,258.0199890136719,260.1700134277344
2020-07-21,261.6199951171875,263.8699951171875,260.7200012207031,262.4200134277344
2020-07-22,262.5899963378906,265.5899963378906,262.0,265.1700134277344
2020-07-23,267.79998779296875,267.79998779296875,261.79998779296875,263.80999755859375
2020-07-24,265.0400085449219,266.8900146484375,262.989990234375,265.30999755859375
2020-07-27,265.0899963378906,268.67999267578125,265.0899963378906,267.4200134277344
2020-07-28,268.55999755859375,269.07000732421875,264.6700134277344,265.2799987792969
2020-07-29,264.79998779296875,267.1099853515625,264.1700134277344,264.6600036621094
2020-07-30,263.3399963378906,267.3500061035156,261.54998779296875,266.30999755859375
2020-07-31,265.0,267.1700134277344,260.6099853515625,265.489990234375
2020-08-03,266.7300109863281,268.5799865722656,265.6700134277344,266.17999267578125
2020-08-04,266.6300048828125,267.8900146484375,263.8399963378906,267.8699951171875
2020-08-05,268.3900146484375,268.3900146484375,265.8900146484375,267.4800109863281
2020-08-06,266.6000061035156,270.44000244140625,266.5299987792969,269.3699951171875
2020-08-07,270.6099853515625,274.9200134277344,269.80999755859375,271.6400146484375
2020-08-10,272.4200134277344,275.0,271.79998779296875,274.7300109863281
2020-08-11,277.69000244140625,279.3699951171875,274.4100036621094,274.9200134277344
2020-08-12,279.75,282.9700012207031,276.9599914550781,281.5799865722656
2020-08-13,281.1600036621094,282.6499938964844,279.739990234375,281.6600036621094
2020-08-14,281.1400146484375,282.0,279.19000244140625,280.54998779296875
2020-08-17,284.3999938964844,289.2200012207031,283.57000732421875,288.239990234375
2020-08-18,288.8999938964844,290.5799865722656,283.0400085449219,285.0
2020-08-19,287.4599914550781,287.9700012207031,281.92999267578125,282.8599853515625
2020-08-20,280.5400085449219,281.9100036621094,279.44000244140625,280.67999267578125
2020-08-21,279.9700012207031,283.54998779296875,278.4200134277344,283.2300109863281
2020-08-24,284.989990234375,286.8500061035156,281.9200134277344,286.75
2020-08-25,287.2699890136719,287.4800109863281,283.8900146484375,286.1300048828125
2020-08-26,287.7300109863281,292.1199951171875,286.2699890136719,291.92999267578125
2020-08-27,292.2200012207031,292.95001220703125,286.55999755859375,288.6300048828125
2020-08-28,288.30999755859375,288.8299865722656,284.7699890136719,286.2900085449219
2020-08-31,285.0,286.69000244140625,282.8699951171875,285.0400085449219
2020-09-01,284.0299987792969,286.67999267578125,283.5,285.94000244140625
2020-09-02,284.8500061035156,288.0400085449219,283.6000061035156,287.20001220703125
2020-09-03,287.29998779296875,287.70001220703125,272.1700134277344,274.6300048828125
2020-09-04,275.54998779296875,276.7699890136719,264.6700134277344,269.6600036621094
2020-09-08,267.1099853515625,271.0400085449219,262.80999755859375,269.260009765625
2020-09-09,272.4599914550781,279.739990234375,271.75,277.0400085449219
2020-09-10,278.010009765625,280.9800109863281,271.1700134277344,272.70001220703125
2020-09-11,273.9800109863281,277.9800109863281,273.4599914550781,276.3299865722656
2020-09-14,278.54998779296875,282.4599914550781,278.0199890136719,280.6499938964844
2020-09-15,283.0400085449219,286.70001220703125,282.3800048828125,285.5799865722656
2020-09-16,285.6099853515625,286.5799865722656,280.67999267578125,281.6300048828125
2020-09-17,277.9100036621094,282.7200012207031,276.9599914550781,279.9599914550781
2020-09-18,278.4100036621094,279.8299865722656,270.80999755859375,275.19000244140625
2020-09-21,271.8699951171875,272.8999938964844,266.5299987792969,272.3500061035156
2020-09-22,271.67999267578125,273.5199890136719,270.6300048828125,273.30999755859375
2020-09-23,275.4200134277344,276.6199951171875,264.69000244140625,266.54998779296875
2020-09-24,265.7099914550781,269.70001220703125,263.8800048828125,265.70001220703125
2020-09-25,264.19000244140625,270.1499938964844,263.9200134277344,268.54998779296875
2020-09-28,271.92999267578125,274.2200012207031,270.29998779296875,272.3299865722656
2020-09-29,273.3999938964844,273.8399963378906,271.1099853515625,272.1099853515625
2020-09-30,273.4800109863281,279.9200134277344,272.5199890136719,277.7099914550781
2020-10-01,279.44000244140625,280.0,275.8500061035156,277.6199951171875
2020-10-02,274.94000244140625,281.0799865722656,274.1000061035156,279.30999755859375
2020-10-05,280.9200134277344,282.4200134277344,279.70001220703125,282.1000061035156
2020-10-06,282.5,283.0,275.7699890136719,276.4700012207031
2020-10-07,280.8500061035156,284.0,280.0,282.7900085449219
2020-10-08,283.8399963378906,284.95001220703125,281.1700134277344,284.5199890136719
2020-10-09,285.4700012207031,287.2799987792969,284.0899963378906,285.9200134277344
2020-10-12,287.3900146484375,288.3299865722656,286.05999755859375,286.9100036621094
2020-10-13,285.70001220703125,290.7699890136719,285.70001220703125,290.3599853515625
2020-10-14,289.510009765625,290.29998779296875,285.1499938964844,287.0899963378906
2020-10-15,284.1199951171875,290.25,283.1199951171875,287.5400085449219
2020-10-16,288.25,292.6499938964844,287.25,287.6600036621094
2020-10-19,289.760009765625,290.1099853515625,283.3800048828125,283.7300109863281
2020-10-20,285.1400146484375,289.7900085449219,284.1300048828125,286.0400085449219
2020-10-21,285.3900146484375,288.0199890136719,283.2799987792969,284.510009765625
2020-10-22,283.92999267578125,285.67999267578125,280.6499938964844,281.1600036621094
2020-10-23,282.3800048828125,283.19000244140625,279.54998779296875,283.0
2020-10-26,279.6400146484375,281.5299987792969,272.0,276.0400085449219
2020-10-27,276.989990234375,279.7300109863281,276.1199951171875,276.8399963378906
2020-10-28,270.25,273.6700134277344,268.69000244140625,269.7200012207031
2020-10-29,269.69000244140625,273.70001220703125,267.30999755859375,269.6300048828125
2020-10-30,268.82000732421875,269.6199951171875,262.0299987792969,266.7099914550781
2020-11-02,270.1499938964844,274.7799987792969,268.5199890136719,270.739990234375
2020-11-03,274.8500061035156,279.5299987792969,273.7200012207031,277.3699951171875
2020-11-04,276.760009765625,287.0400085449219,276.010009765625,282.7200012207031
2020-11-05,288.3500061035156,289.0,284.0799865722656,285.8500061035156
2020-11-06,286.7300109863281,286.7799987792969,282.8500061035156,284.239990234375
2020-11-09,287.9800109863281,288.4200134277344,269.4700012207031,269.9700012207031
2020-11-10,272.7900085449219,275.7900085449219,269.25,275.57000732421875
2020-11-11,277.32000732421875,281.69000244140625,276.1700134277344,277.75
2020-11-12,283.0,283.69000244140625,273.8399963378906,276.239990234375
2020-11-13,276.4200134277344,279.7300109863281,275.260009765625,277.1700134277344
2020-11-16,279.17999267578125,281.2900085449219,276.3999938964844,279.57000732421875
2020-11-17,272.1000061035156,273.5299987792969,269.3999938964844,272.4700012207031
2020-11-18,270.5,275.3800048828125,269.0,269.8299865722656
2020-11-19,270.4200134277344,272.3800048828125,268.70001220703125,270.92999267578125
2020-11-20,271.45001220703125,272.3699951171875,268.8699951171875,269.80999755859375
2020-11-23,270.010009765625,273.69000244140625,269.54998779296875,271.3999938964844
2020-11-24,274.0,275.54998779296875,272.57000732421875,273.30999755859375
2020-11-25,273.4800109863281,274.739990234375,271.2099914550781,273.9599914550781
2020-11-27,275.239990234375,276.5799865722656,274.3599853515625,275.989990234375
2020-11-30,275.2200012207031,277.760009765625,271.9200134277344,277.4100036621094
2020-12-01,278.7300109863281,278.95001220703125,275.54998779296875,276.6000061035156
2020-12-02,273.9700012207031,274.1099853515625,269.57000732421875,271.1000061035156
2020-12-03,270.6300048828125,271.92999267578125,267.1400146484375,268.1400146484375
2020-12-04,267.4700012207031,268.7300109863281,262.82000732421875,263.989990234375
2020-12-07,263.5,264.5,261.0,262.6400146484375
2020-12-08,261.7200012207031,262.5,258.7300109863281,261.7200012207031
2020-12-09,264.6099853515625,265.7699890136719,262.25,265.5799865722656
2020-12-10,264.0799865722656,266.07000732421875,262.1099853515625,264.80999755859375
2020-12-11,263.3599853515625,265.3599853515625,262.6499938964844,264.54998779296875
2020-12-14,266.1400146484375,268.6000061035156,265.2699890136719,265.5799865722656
2020-12-15,267.510009765625,268.760009765625,266.20001220703125,267.9800109863281
2020-12-16,268.5299987792969,270.75,267.510009765625,269.5899963378906
2020-12-17,272.1600036621094,274.3299865722656,271.29998779296875,273.9700012207031
2020-12-18,274.5899963378906,275.739990234375,270.29998779296875,270.45001220703125
2020-12-21,268.55999755859375,271.95001220703125,265.8800048828125,270.989990234375
2020-12-22,270.05999755859375,271.3599853515625,268.510009765625,270.0400085449219
2020-12-23,270.05999755859375,271.0,268.20001220703125,269.80999755859375
2020-12-24,269.44000244140625,271.3599853515625,269.3999938964844,270.9200134277344
2020-12-28,272.1700134277344,272.25,269.239990234375,269.25
2020-12-29,269.9800109863281,270.4599914550781,265.07000732421875,266.19000244140625
2020-12-30,266.1099853515625,267.29998779296875,264.9200134277344,265.260009765625
2020-12-31,265.57000732421875,265.95001220703125,263.5799865722656,265.6199951171875
2021-01-04,266.010009765625,266.44000244140625,261.05999755859375,263.9200134277344
2021-01-05,262.6600036621094,266.5299987792969,262.260009765625,266.04998779296875
2021-01-06,264.05999755859375,269.7699890136719,261.8699951171875,267.57000732421875
2021-01-07,266.95001220703125,268.7799987792969,266.1700134277344,266.260009765625
2021-01-08,267.3500061035156,270.7300109863281,267.0,269.0899963378906
2021-01-11,267.4700012207031,273.3699951171875,267.260009765625,271.2300109863281
2021-01-12,271.1099853515625,277.94000244140625,270.6499938964844,276.3299865722656
2021-01-13,278.30999755859375,280.4800109863281,273.94000244140625,274.04998779296875
2021-01-14,274.5,274.8999938964844,267.6700134277344,268.3399963378906
2021-01-15,268.6300048828125,276.3900146484375,268.0,275.5899963378906
2021-01-19,278.0,278.0,273.0199890136719,273.19000244140625
2021-01-20,273.25,277.2099914550781,271.5,274.29998779296875
2021-01-21,276.2200012207031,280.70001220703125,275.6700134277344,279.04998779296875
2021-01-22,279.260009765625,285.0799865722656,277.8699951171875,284.0
2021-01-25,283.8500061035156,285.7699890136719,281.4200134277344,285.0799865722656
2021-01-26,285.4200134277344,285.6499938964844,281.70001220703125,282.6000061035156
2021-01-27,279.989990234375,280.80999755859375,273.0799865722656,274.04998779296875
2021-01-28,276.1700134277344,282.9599914550781,274.92999267578125,278.04998779296875
2021-01-29,275.80999755859375,277.05999755859375,270.0299987792969,270.82000732421875
2021-02-01,271.2300109863281,272.6499938964844,267.25,270.07000732421875
2021-02-02,270.0,275.69000244140625,269.989990234375,272.1600036621094
2021-02-03,271.8900146484375,275.7200012207031,270.7099914550781,274.1700134277344
2021-02-04,274.25,279.44000244140625,274.25,278.82000732421875
2021-02-05,280.2900085449219,281.760009765625,277.80999755859375,278.8599853515625
2021-02-08,279.69000244140625,280.4200134277344,276.8900146484375,280.0299987792969
2021-02-09,279.6600036621094,280.20001220703125,276.6199951171875,276.7699890136719
2021-02-10,278.0299987792969,278.92999267578125,276.25,278.69000244140625
2021-02-11,277.92999267578125,280.25,276.010009765625,277.05999755859375
2021-02-12,277.1199951171875,278.7099914550781,276.5799865722656,277.510009765625
2021-02-16,277.010009765625,278.6300048828125,274.8800048828125,275.3900146484375
2021-02-17,275.5400085449219,281.7900085449219,275.3999938964844,280.9200134277344
2021-02-18,280.79998779296875,284.67999267578125,279.8299865722656,283.04998779296875
2021-02-19,282.8699951171875,283.9100036621094,279.44000244140625,279.6400146484375
2021-02-22,278.2099914550781,278.489990234375,273.6300048828125,275.8500061035156
2021-02-23,269.3800048828125,269.6700134277344,257.5799865722656,267.239990234375
2021-02-24,263.2300109863281,266.989990234375,254.02999877929688,259.9700012207031
2021-02-25,259.75,260.8999938964844,254.7100067138672,255.25
2021-02-26,257.7699890136719,260.239990234375,256.1099853515625,258.3399963378906
2021-03-01,258.80999755859375,262.4800109863281,258.4700012207031,261.6199951171875
2021-03-02,261.67999267578125,263.1099853515625,259.7699890136719,260.2900085449219
2021-03-03,259.2799987792969,260.5,256.010009765625,257.3599853515625
2021-03-04,256.0,256.8599853515625,247.10000610351562,250.92999267578125
2021-03-05,252.25999450683594,254.1999969482422,246.58999633789062,253.52000427246094
2021-03-08,254.22999572753906,263.2300109863281,252.52000427246094,259.0299987792969
2021-03-09,262.7300109863281,267.57000732421875,261.7900085449219,264.9599914550781
2021-03-10,265.9200134277344,268.75,264.0799865722656,266.239990234375
2021-03-11,268.6000061035156,270.7799987792969,267.20001220703125,268.8500061035156
2021-03-12,267.45001220703125,273.80999755859375,266.760009765625,273.1000061035156
2021-03-15,274.5,279.6499938964844,274.3399963378906,278.5400085449219
2021-03-16,278.5400085449219,282.5199890136719,277.6499938964844,282.0799865722656
2021-03-17,281.1400146484375,283.8800048828125,279.25,280.0299987792969
2021-03-18,279.0299987792969,285.4700012207031,277.760009765625,283.1600036621094
2021-03-19,283.6400146484375,289.1000061035156,282.42999267578125,289.1000061035156
2021-03-22,286.5,290.3299865722656,284.20001220703125,288.94000244140625
2021-03-23,289.6099853515625,293.42999267578125,288.94000244140625,289.9800109863281
2021-03-24,289.260009765625,296.7799987792969,288.989990234375,292.75
2021-03-25,293.0299987792969,297.8800048828125,292.4599914550781,297.17999267578125
2021-03-26,297.3399963378906,304.0,296.0299987792969,303.80999755859375
2021-03-29,303.29998779296875,305.54998779296875,299.92999267578125,302.20001220703125
2021-03-30,301.6499938964844,305.67999267578125,300.0400085449219,304.82000732421875
2021-03-31,305.5,308.0199890136719,304.1400146484375,305.25
2021-04-01,306.8800048828125,308.54998779296875,303.8900146484375,307.75
2021-04-05,309.8399963378906,315.8500061035156,309.739990234375,315.3999938964844
2021-04-06,313.6099853515625,315.94000244140625,313.1300048828125,313.7799987792969
2021-04-07,312.8399963378906,315.1400146484375,310.92999267578125,312.4700012207031
2021-04-08,312.70001220703125,315.25,310.5899963378906,314.42999267578125
2021-04-09,315.3699951171875,319.32000732421875,314.75,319.2300109863281
2021-04-12,317.7200012207031,321.30999755859375,317.30999755859375,320.7900085449219
2021-04-13,320.5299987792969,320.8999938964844,317.0,320.3999938964844
2021-04-14,319.7099914550781,322.70001220703125,319.2900085449219,320.0199890136719
2021-04-15,320.2099914550781,323.3999938964844,320.04998779296875,322.739990234375
2021-04-16,324.8399963378906,328.6700134277344,323.94000244140625,328.0799865722656
2021-04-19,326.489990234375,328.8299865722656,325.44000244140625,326.8500061035156
2021-04-20,326.0,327.69000244140625,322.1600036621094,323.9599914550781
2021-04-21,324.9599914550781,327.9100036621094,323.8900146484375,325.95001220703125
2021-04-22,326.20001220703125,326.42999267578125,318.8399963378906,321.4599914550781
2021-04-23,322.19000244140625,325.5299987792969,319.5799865722656,323.8900146484375
2021-04-26,323.67999267578125,324.0,319.32000732421875,319.989990234375
2021-04-27,320.5,322.4700012207031,320.3800048828125,320.5899963378906
2021-04-28,321.95001220703125,322.9599914550781,319.29998779296875,319.7099914550781
2021-04-29,321.7099914550781,325.7900085449219,321.0799865722656,325.3399963378906
2021-04-30,325.04998779296875,325.8299865722656,321.6099853515625,323.6700134277344
2021-05-03,326.2799987792969,331.6199951171875,325.67999267578125,330.2699890136719
2021-05-04,329.1199951171875,333.2300109863281,328.8800048828125,332.7699890136719
2021-05-05,334.25,334.25,331.1600036621094,332.04998779296875
2021-05-06,333.6700134277344,337.80999755859375,333.2300109863281,337.5799865722656
2021-05-07,336.67999267578125,339.80999755859375,335.5299987792969,339.25
2021-05-10,340.45001220703125,345.69000244140625,339.5400085449219,341.1199951171875
2021-05-11,337.54998779296875,338.0,328.2099914550781,330.6600036621094
2021-05-12,326.5199890136719,328.79998779296875,316.2699890136719,317.0
2021-05-13,319.0,327.4200134277344,318.69000244140625,325.4200134277344
2021-05-14,326.2900085449219,327.32000732421875,321.8599853515625,323.6300048828125
2021-05-17,321.0,322.8299865722656,315.30999755859375,320.010009765625
2021-05-18,320.0,324.55999755859375,314.7799987792969,316.75
2021-05-19,312.0,314.75,309.07000732421875,314.45001220703125
2021-05-20,314.8900146484375,319.7099914550781,314.8900146484375,315.8999938964844
2021-05-21,317.0,319.2799987792969,314.45001220703125,315.7699890136719
2021-05-24,316.8399963378906,318.739990234375,314.5899963378906,314.8399963378906
2021-05-25,315.5299987792969,317.1000061035156,314.25,316.75
2021-05-26,317.80999755859375,321.3800048828125,316.67999267578125,317.3299865722656
2021-05-27,317.29998779296875,320.4100036621094,317.29998779296875,318.7699890136719
2021-05-28,320.3699951171875,321.510009765625,318.8500061035156,318.9100036621094
2021-06-01,320.6600036621094,321.260009765625,315.1700134277344,316.30999755859375
2021-06-02,315.4800109863281,316.9800109863281,312.4100036621094,313.2300109863281
2021-06-03,311.0,312.92999267578125,309.69000244140625,311.42999267578125
2021-06-04,312.1099853515625,313.45001220703125,309.3500061035156,311.010009765625
2021-06-07,311.1199951171875,312.3299865722656,307.8800048828125,309.9599914550781
2021-06-08,311.2699890136719,312.2900085449219,308.9800109863281,310.8999938964844
2021-06-09,311.45001220703125,312.9800109863281,306.8999938964844,307.3399963378906
2021-06-10,307.6499938964844,309.6499938964844,306.1400146484375,308.30999755859375
2021-06-11,309.2699890136719,311.239990234375,308.3500061035156,310.7699890136719
2021-06-14,308.92999267578125,310.05999755859375,306.2200012207031,309.32000732421875
2021-06-15,308.75,308.95001220703125,303.489990234375,306.45001220703125
2021-06-16,306.69000244140625,307.3500061035156,301.1700134277344,302.7799987792969
2021-06-17,303.04998779296875,305.2099914550781,300.0299987792969,303.1199951171875
2021-06-18,299.25,303.8299865722656,298.3999938964844,302.6099853515625
2021-06-21,305.25,308.7200012207031,304.8699951171875,307.6000061035156
2021-06-22,309.1300048828125,314.9100036621094,308.29998779296875,312.7099914550781
2021-06-23,312.0199890136719,313.6600036621094,310.6300048828125,311.6700134277344
2021-06-24,313.1199951171875,314.8399963378906,311.6700134277344,311.8399963378906
2021-06-25,312.239990234375,315.4599914550781,311.54998779296875,313.6300048828125
2021-06-28,313.6600036621094,315.2699890136719,311.3699951171875,314.2799987792969
2021-06-29,315.7900085449219,320.29998779296875,315.55999755859375,318.239990234375
2021-06-30,317.94000244140625,320.2900085449219,317.69000244140625,318.8900146484375
2021-07-01,319.9100036621094,321.69000244140625,318.5,321.5400085449219
2021-07-02,322.5299987792969,323.1199951171875,321.3500061035156,322.70001220703125
2021-07-06,322.8299865722656,323.8299865722656,316.79998779296875,319.260009765625
2021-07-07,318.489990234375,324.4200134277344,318.25,323.4800109863281
2021-07-08,319.07000732421875,320.3299865722656,314.79998779296875,318.5400085449219
2021-07-09,320.5400085449219,323.30999755859375,320.17999267578125,322.0899963378906
2021-07-12,321.07000732421875,324.0,320.5299987792969,321.739990234375
2021-07-13,322.44000244140625,323.2900085449219,316.8299865722656,317.04998779296875
2021-07-14,318.75,320.05999755859375,318.010009765625,319.2200012207031
2021-07-15,317.3800048828125,322.9599914550781,317.3599853515625,322.7099914550781
2021-07-16,324.0,326.2799987792969,321.3999938964844,321.5400085449219
2021-07-19,317.989990234375,319.0,314.9100036621094,318.8699951171875
2021-07-20,318.5,326.1300048828125,318.2699890136719,325.3500061035156
2021-07-21,327.6000061035156,328.4700012207031,324.9700012207031,326.3599853515625
2021-07-22,327.94000244140625,327.9700012207031,325.3299865722656,326.6600036621094
2021-07-23,329.4700012207031,333.45001220703125,327.94000244140625,332.8399963378906
2021-07-26,330.07000732421875,331.55999755859375,326.8800048828125,331.17999267578125
2021-07-27,331.7900085449219,331.8800048828125,326.05999755859375,327.260009765625
2021-07-28,326.4200134277344,329.3299865722656,324.7099914550781,325.5199890136719
2021-07-29,326.489990234375,328.55999755859375,325.44000244140625,327.42999267578125
2021-07-30,326.8500061035156,330.1099853515625,326.3399963378906,328.19000244140625
2021-08-02,330.0,330.0,326.4200134277344,327.2200012207031
2021-08-03,328.3500061035156,333.010009765625,328.0299987792969,331.94000244140625
2021-08-04,330.69000244140625,331.9200134277344,329.3900146484375,330.30999755859375
2021-08-05,331.9599914550781,336.0,331.0899963378906,333.1099853515625
2021-08-06,334.69000244140625,335.7099914550781,329.1199951171875,329.8399963378906
2021-08-09,329.2300109863281,331.07000732421875,327.32000732421875,328.760009765625
2021-08-10,328.6700134277344,333.239990234375,327.1499938964844,331.4800109863281
2021-08-11,333.79998779296875,338.54998779296875,333.3999938964844,337.0
2021-08-12,337.3500061035156,338.1700134277344,332.2799987792969,334.0199890136719
2021-08-13,333.8599853515625,335.79998779296875,330.9800109863281,331.32000732421875
2021-08-16,330.7099914550781,335.6300048828125,327.9700012207031,335.04998779296875
2021-08-17,321.0,323.5899963378906,316.6099853515625,320.75
2021-08-18,319.3399963378906,327.8599853515625,319.0,321.54998779296875
2021-08-19,318.7900085449219,325.19000244140625,317.79998779296875,322.8999938964844
2021-08-20,322.6400146484375,329.67999267578125,322.4700012207031,329.239990234375
2021-08-23,330.0,330.5299987792969,327.3800048828125,327.739990234375
2021-08-24,328.760009765625,328.8399963378906,324.510009765625,324.8999938964844
2021-08-25,324.1499938964844,326.55999755859375,323.1099853515625,323.8800048828125
2021-08-26,323.2099914550781,324.989990234375,321.0,321.4800109863281
2021-08-27,320.8800048828125,324.04998779296875,319.6499938964844,323.3800048828125
2021-08-30,325.9100036621094,329.5,325.2099914550781,327.1000061035156
2021-08-31,327.0,328.2699890136719,323.6199951171875,326.17999267578125
2021-09-01,325.55999755859375,325.7799987792969,320.2799987792969,323.6400146484375
2021-09-02,325.0299987792969,328.17999267578125,323.70001220703125,327.739990234375
2021-09-03,325.3299865722656,330.8999938964844,325.1600036621094,330.3399963378906
2021-09-07,331.0299987792969,332.55999755859375,326.8999938964844,328.95001220703125
2021-09-08,328.95001220703125,331.92999267578125,327.6300048828125,331.5799865722656
2021-09-09,332.45001220703125,333.7300109863281,330.8699951171875,331.7699890136719
2021-09-10,334.0,335.2300109863281,331.45001220703125,331.95001220703125
2021-09-13,334.95001220703125,337.1499938964844,332.75,335.45001220703125
2021-09-14,336.0299987792969,337.489990234375,332.4200134277344,333.1199951171875
2021-09-15,333.3599853515625,334.6700134277344,330.1000061035156,333.3699951171875
2021-09-16,334.7200012207031,337.8399963378906,334.1700134277344,336.3900146484375
2021-09-17,334.95001220703125,339.6499938964844,334.95001220703125,335.6700134277344
2021-09-20,331.8299865722656,335.3900146484375,328.42999267578125,331.2099914550781
2021-09-21,333.0299987792969,336.9700012207031,332.0,334.2200012207031
2021-09-22,335.8500061035156,339.0,333.4599914550781,335.92999267578125
2021-09-23,337.8399963378906,339.5199890136719,335.6000061035156,335.9100036621094
2021-09-24,336.7799987792969,337.8399963378906,335.54998779296875,337.489990234375
2021-09-27,336.8699951171875,343.739990234375,336.8699951171875,341.4100036621094
2021-09-28,341.3699951171875,341.3699951171875,332.4599914550781,333.79998779296875
2021-09-29,333.3599853515625,338.8800048828125,333.3599853515625,336.92999267578125
2021-09-30,338.239990234375,338.7099914550781,327.6300048828125,328.260009765625
2021-10-01,328.1499938964844,332.7300109863281,324.5799865722656,329.8599853515625
2021-10-04,328.5,330.6099853515625,324.1600036621094,326.4700012207031
2021-10-05,326.8999938964844,332.19000244140625,326.3299865722656,329.4800109863281
2021-10-06,328.1600036621094,330.6499938964844,325.3999938964844,330.3599853515625
2021-10-07,333.5,339.2200012207031,332.8599853515625,337.4800109863281
2021-10-08,333.0,335.4100036621094,330.8800048828125,334.3399963378906
2021-10-11,335.6000061035156,340.8599853515625,334.6000061035156,336.9700012207031
2021-10-12,339.1400146484375,341.04998779296875,337.3999938964844,337.79998779296875
2021-10-13,337.32000732421875,340.239990234375,336.54998779296875,338.2799987792969
2021-10-14,340.5299987792969,344.3699951171875,340.1000061035156,344.04998779296875
2021-10-15,346.5400085449219,350.95001220703125,345.75,350.4100036621094
2021-10-18,349.0,355.95001220703125,349.0,355.010009765625
2021-10-19,356.94000244140625,358.0899963378906,354.4200134277344,357.989990234375
2021-10-20,357.739990234375,359.57000732421875,356.2099914550781,358.2300109863281
2021-10-21,358.20001220703125,364.8500061035156,358.1199951171875,364.6199951171875
2021-10-22,365.0,367.0299987792969,362.1499938964844,365.989990234375
2021-10-25,367.20001220703125,371.6600036621094,365.989990234375,371.260009765625
2021-10-26,373.3900146484375,374.04998779296875,369.0799865722656,369.20001220703125
2021-10-27,369.8699951171875,375.1499938964844,369.30999755859375,372.32000732421875
2021-10-28,373.0,373.94000244140625,370.8900146484375,371.57000732421875
2021-10-29,370.3299865722656,375.1499938964844,370.0299987792969,371.739990234375
2021-11-01,373.0,373.57000732421875,364.70001220703125,366.4800109863281
2021-11-02,366.20001220703125,368.8900146484375,364.94000244140625,367.2900085449219
2021-11-03,366.6300048828125,369.3599853515625,365.25,368.9700012207031
2021-11-04,370.7799987792969,373.2300109863281,369.4100036621094,372.17999267578125
2021-11-05,373.80999755859375,374.4100036621094,367.57000732421875,368.3999938964844
2021-11-08,370.2200012207031,372.9100036621094,367.8500061035156,368.5899963378906
2021-11-09,369.6700134277344,373.8800048828125,368.7099914550781,370.6499938964844
2021-11-10,368.25,371.2099914550781,367.7200012207031,368.5799865722656
2021-11-11,371.0,372.0,365.8299865722656,367.6300048828125
2021-11-12,369.1199951171875,373.5,366.70001220703125,372.6300048828125
2021-11-15,374.3900146484375,374.8699951171875,369.2900085449219,371.0799865722656
2021-11-16,382.0,394.3800048828125,379.0,392.3299865722656
2021-11-17,392.8299865722656,399.42999267578125,390.80999755859375,394.8500061035156
2021-11-18,398.0,406.5400085449219,396.0899963378906,405.8500061035156
2021-11-19,407.6300048828125,410.1000061035156,404.1099853515625,408.69000244140625
2021-11-22,409.79998779296875,416.55999755859375,408.70001220703125,408.7900085449219
2021-11-23,405.6700134277344,409.67999267578125,403.010009765625,408.3699951171875
2021-11-24,403.6600036621094,412.75,402.8800048828125,412.1099853515625
2021-11-26,407.260009765625,414.1400146484375,402.25,402.70001220703125
2021-11-29,406.8999938964844,410.80999755859375,406.0400085449219,406.82000732421875
2021-11-30,403.5899963378906,408.42999267578125,400.25,400.6099853515625
2021-12-01,402.0799865722656,410.25,400.2200012207031,400.4200134277344
2021-12-02,401.80999755859375,410.70001220703125,401.0,407.7699890136719
2021-12-03,409.8500061035156,415.92999267578125,404.45001220703125,407.80999755859375
2021-12-06,413.5199890136719,420.6099853515625,411.2200012207031,415.70001220703125
2021-12-07,417.0,418.55999755859375,413.0199890136719,416.17999267578125
2021-12-08,416.17999267578125,419.8500061035156,408.2799987792969,411.25
2021-12-09,410.79998779296875,415.25,408.2900085449219,411.3399963378906
2021-12-10,412.19000244140625,415.6099853515625,410.260009765625,415.3999938964844
2021-12-13,415.3999938964844,416.5,404.510009765625,405.239990234375
2021-12-14,403.45001220703125,405.67999267578125,398.0799865722656,402.20001220703125
2021-12-15,400.6199951171875,407.92999267578125,399.3900146484375,407.80999755859375
2021-12-16,408.3999938964844,408.8699951171875,398.1199951171875,399.5299987792969
2021-12-17,396.9700012207031,397.9800109863281,387.4200134277344,387.9800109863281
2021-12-20,384.2900085449219,390.1700134277344,380.8999938964844,389.3999938964844
2021-12-21,391.6300048828125,393.760009765625,383.239990234375,390.4700012207031
2021-12-22,391.0,395.7699890136719,388.8599853515625,395.6400146484375
2021-12-23,398.2900085449219,399.8399963378906,394.6199951171875,397.07000732421875
2021-12-27,399.0400085449219,404.45001220703125,398.2099914550781,404.0899963378906
2021-12-28,404.989990234375,407.0199890136719,403.0,406.2200012207031
2021-12-29,406.3800048828125,412.3699951171875,406.30999755859375,410.8399963378906
2021-12-30,411.8500061035156,413.44000244140625,408.3999938964844,409.94000244140625
2021-12-31,409.989990234375,416.5299987792969,409.8900146484375,415.010009765625
2022-01-03,416.57000732421875,417.8399963378906,403.260009765625,408.6400146484375
2022-01-04,408.6400146484375,413.6099853515625,408.19000244140625,412.8399963378906
2022-01-05,414.0,414.2200012207031,406.80999755859375,407.239990234375
2022-01-06,408.55999755859375,409.07000732421875,403.0199890136719,405.760009765625
2022-01-07,403.3599853515625,404.0899963378906,392.8800048828125,393.6099853515625
2022-01-10,387.3999938964844,387.5899963378906,380.9100036621094,387.4599914550781
2022-01-11,388.07000732421875,391.8399963378906,384.32000732421875,386.6700134277344
2022-01-12,388.2900085449219,393.45001220703125,386.3800048828125,389.3999938964844
2022-01-13,392.510009765625,394.30999755859375,385.8599853515625,386.9800109863281
2022-01-14,381.3299865722656,382.010009765625,371.5,372.0
2022-01-18,366.1000061035156,368.0899963378906,360.0299987792969,366.7200012207031
2022-01-19,367.17999267578125,368.70001220703125,359.4100036621094,359.69000244140625
2022-01-20,361.3299865722656,361.8500061035156,349.0199890136719,349.5799865722656
2022-01-21,351.7200012207031,360.0899963378906,347.17999267578125,349.1000061035156
2022-01-24,343.7799987792969,364.3800048828125,343.6099853515625,363.80999755859375
2022-01-25,358.1400146484375,361.5199890136719,352.19000244140625,358.9800109863281
2022-01-26,360.0,365.8999938964844,354.45001220703125,357.2799987792969
2022-01-27,360.42999267578125,364.1199951171875,353.9100036621094,356.42999267578125
2022-01-28,360.1700134277344,366.7200012207031,352.8399963378906,366.5400085449219
2022-01-31,364.80999755859375,367.4100036621094,362.2099914550781,366.9800109863281
2022-02-01,369.4700012207031,370.69000244140625,362.3699951171875,368.70001220703125
2022-02-02,368.3800048828125,374.6700134277344,367.760009765625,373.7300109863281
2022-02-03,370.19000244140625,372.1199951171875,363.20001220703125,364.80999755859375
2022-02-04,363.5,364.6700134277344,354.25,359.6700134277344
2022-02-07,360.260009765625,361.79998779296875,355.44000244140625,357.3500061035156
2022-02-08,357.3500061035156,362.9800109863281,354.79998779296875,361.44000244140625
2022-02-09,365.30999755859375,367.4599914550781,363.0,364.3699951171875
2022-02-10,358.8399963378906,363.0,352.8699951171875,355.0899963378906
2022-02-11,354.69000244140625,357.3399963378906,348.55999755859375,350.2900085449219
2022-02-14,348.0,352.9100036621094,346.8299865722656,351.55999755859375
2022-02-15,355.55999755859375,357.4200134277344,351.3800048828125,353.260009765625
2022-02-16,351.5,352.8599853515625,345.7200012207031,350.0899963378906
2022-02-17,348.989990234375,352.30999755859375,347.3900146484375,347.94000244140625
2022-02-18,348.3900146484375,350.6000061035156,344.1000061035156,346.8699951171875
2022-02-22,335.0899963378906,336.69000244140625,312.3500061035156,316.1700134277344
2022-02-23,319.32000732421875,320.3999938964844,307.1000061035156,308.45001220703125
2022-02-24,300.0,313.44000244140625,299.2900085449219,313.239990234375
2022-02-25,313.17999267578125,317.44000244140625,307.57000732421875,316.6499938964844
2022-02-28,312.9700012207031,316.0799865722656,310.4800109863281,315.8299865722656
2022-03-01,314.5899963378906,322.42999267578125,313.760009765625,320.25
2022-03-02,321.05999755859375,331.19000244140625,319.67999267578125,327.3699951171875
2022-03-03,329.19000244140625,330.67999267578125,322.8299865722656,324.3599853515625
2022-03-04,322.2099914550781,326.6600036621094,319.510009765625,324.260009765625
2022-03-07,324.260009765625,329.6000061035156,320.1099853515625,322.7699890136719
2022-03-08,319.75,328.489990234375,315.95001220703125,316.739990234375
2022-03-09,320.0,322.4599914550781,316.9200134277344,317.20001220703125
2022-03-10,314.3599853515625,318.260009765625,308.75,317.94000244140625
2022-03-11,319.2799987792969,321.7900085449219,316.2300109863281,316.7900085449219
2022-03-14,322.9100036621094,324.0,316.2099914550781,318.3599853515625
2022-03-15,320.3500061035156,330.17999267578125,320.3299865722656,328.5400085449219
2022-03-16,331.5799865722656,333.95001220703125,324.2300109863281,330.9100036621094
2022-03-17,329.1400146484375,336.3599853515625,327.8399963378906,336.3599853515625
2022-03-18,333.6300048828125,340.739990234375,332.30999755859375,340.739990234375
2022-03-21,338.0400085449219,340.69000244140625,327.0799865722656,329.3699951171875
2022-03-22,329.32000732421875,331.29998779296875,324.010009765625,329.7300109863281
2022-03-23,326.8999938964844,328.19000244140625,315.8500061035156,317.04998779296875
2022-03-24,317.1499938964844,319.3999938964844,314.29998779296875,315.7799987792969
2022-03-25,318.4800109863281,318.79998779296875,308.29998779296875,310.67999267578125
2022-03-28,311.0,314.3500061035156,309.2300109863281,314.2799987792969
2022-03-29,316.9100036621094,321.0,312.9200134277344,317.7099914550781
2022-03-30,313.1099853515625,315.239990234375,306.1000061035156,308.4599914550781
2022-03-31,306.2099914550781,307.9599914550781,298.8900146484375,299.3299865722656
2022-04-01,300.5,303.3699951171875,298.8999938964844,301.8900146484375
2022-04-04,301.489990234375,306.4800109863281,299.57000732421875,305.5799865722656
2022-04-05,306.260009765625,309.1000061035156,302.2099914550781,304.8599853515625
2022-04-06,298.0899963378906,300.6600036621094,294.989990234375,298.5400085449219
2022-04-07,296.7900085449219,304.5899963378906,293.5899963378906,302.75
2022-04-08,301.4599914550781,312.2900085449219,301.2799987792969,311.1099853515625
2022-04-11,307.80999755859375,314.1700134277344,305.92999267578125,306.7200012207031
2022-04-12,309.44000244140625,313.2900085449219,305.1000061035156,306.2900085449219
2022-04-13,306.1099853515625,311.70001220703125,305.7200012207031,310.4200134277344
2022-04-14,310.8299865722656,312.25,304.3299865722656,304.5199890136719
2022-04-18,303.0,306.2900085449219,298.7200012207031,300.2099914550781
2022-04-19,300.6099853515625,308.1300048828125,299.80999755859375,307.79998779296875
2022-04-20,311.0,316.1000061035156,309.75,315.1400146484375
2022-04-21,317.0,318.3999938964844,309.739990234375,310.3599853515625
2022-04-22,309.82000732421875,309.82000732421875,299.7799987792969,300.1099853515625
2022-04-25,300.0,305.1600036621094,296.2699890136719,304.94000244140625
2022-04-26,302.25,307.55999755859375,299.7200012207031,299.9599914550781
2022-04-27,301.29998779296875,306.4200134277344,299.1199951171875,301.6000061035156
2022-04-28,304.75,314.5400085449219,303.010009765625,311.760009765625
2022-04-29,308.1499938964844,311.7200012207031,299.7099914550781,300.3999938964844
2022-05-02,301.989990234375,308.7900085449219,299.9100036621094,306.9700012207031
2022-05-03,305.69000244140625,309.0,303.0199890136719,304.9599914550781
2022-05-04,304.0799865722656,315.75,302.92999267578125,315.30999755859375
2022-05-05,311.0,311.3599853515625,293.7099914550781,299.1099853515625
2022-05-06,296.29998779296875,296.75,289.4100036621094,294.30999755859375
2022-05-09,290.2799987792969,300.739990234375,288.5,297.0299987792969
2022-05-10,298.4599914550781,301.07000732421875,287.6600036621094,291.1600036621094
2022-05-11,291.45001220703125,293.3299865722656,282.57000732421875,282.9599914550781
2022-05-12,281.57000732421875,293.17999267578125,280.6300048828125,289.69000244140625
2022-05-13,289.95001220703125,299.4200134277344,288.45001220703125,296.0299987792969
2022-05-16,294.0799865722656,299.57000732421875,289.7900085449219,295.989990234375
2022-05-17,306.5,310.94000244140625,290.8999938964844,300.95001220703125
2022-05-18,293.0,295.44000244140625,281.17999267578125,285.17999267578125
2022-05-19,285.5,292.5,284.9599914550781,287.760009765625
2022-05-20,289.82000732421875,290.5,279.5899963378906,287.19000244140625
2022-05-23,289.0899963378906,290.3399963378906,280.32000732421875,286.0299987792969
2022-05-24,284.0,289.32000732421875,280.6499938964844,287.9200134277344
2022-05-25,285.80999755859375,295.489990234375,285.6600036621094,293.57000732421875
2022-05-26,297.32000732421875,305.6300048828125,297.0,302.80999755859375
2022-05-27,303.5400085449219,308.5,301.6000061035156,308.4599914550781
2022-05-31,306.6000061035156,307.8699951171875,300.8299865722656,302.75
2022-06-01,301.739990234375,302.9800109863281,297.0299987792969,297.19000244140625
2022-06-02,298.80999755859375,306.0299987792969,295.8900146484375,305.8699951171875
2022-06-03,303.3299865722656,308.4599914550781,301.8999938964844,305.0799865722656
2022-06-06,305.55999755859375,307.6099853515625,303.25,303.8900146484375
2022-06-07,295.05999755859375,302.3800048828125,292.6000061035156,301.7699890136719
2022-06-08,299.7799987792969,300.5799865722656,295.67999267578125,297.5299987792969
2022-06-09,297.760009765625,306.8800048828125,297.3500061035156,299.8599853515625
2022-06-10,291.5,296.5,288.6400146484375,289.239990234375
2022-06-13,284.3599853515625,286.82000732421875,281.2799987792969,283.1600036621094
2022-06-14,283.2099914550781,286.3800048828125,276.5899963378906,278.6700134277344
2022-06-15,281.0,283.5899963378906,275.4700012207031,279.7300109863281
2022-06-16,274.9200134277344,276.1099853515625,269.7300109863281,273.4599914550781
2022-06-17,271.0,276.6199951171875,270.3900146484375,270.7300109863281
2022-06-21,273.69000244140625,273.9200134277344,267.4200134277344,269.20001220703125
2022-06-22,266.3900146484375,271.7699890136719,264.510009765625,268.9800109863281
2022-06-23,270.0,275.5899963378906,269.8900146484375,275.4200134277344
2022-06-24,277.4700012207031,283.4599914550781,273.9200134277344,283.0
2022-06-27,284.4599914550781,285.0,281.489990234375,282.69000244140625
2022-06-28,283.7799987792969,285.6000061035156,269.82000732421875,270.1499938964844
2022-06-29,271.5799865722656,276.1600036621094,268.80999755859375,273.8699951171875
2022-06-30,270.7300109863281,277.0400085449219,268.0400085449219,274.2699890136719
2022-07-01,275.7300109863281,280.75,274.54998779296875,279.0799865722656
2022-07-05,275.5,283.7300109863281,275.0299987792969,283.7300109863281
2022-07-06,284.989990234375,285.9200134277344,280.5199890136719,283.5799865722656
2022-07-07,282.8399963378906,286.9700012207031,281.45001220703125,286.69000244140625
2022-07-08,285.989990234375,287.989990234375,283.9100036621094,286.4700012207031
2022-07-11,285.17999267578125,289.5899963378906,285.1400146484375,286.3900146484375
2022-07-12,288.9700012207031,293.6400146484375,283.4100036621094,285.1199951171875
2022-07-13,281.6300048828125,289.7900085449219,279.760009765625,287.17999267578125
2022-07-14,281.8500061035156,290.2900085449219,281.6499938964844,289.4800109863281
2022-07-15,294.80999755859375,295.45001220703125,290.95001220703125,292.4100036621094
2022-07-18,297.25,298.489990234375,292.0,293.04998779296875
2022-07-19,295.44000244140625,300.010009765625,293.30999755859375,299.8299865722656
2022-07-20,300.92999267578125,303.69000244140625,298.2799987792969,302.29998779296875
2022-07-21,302.8500061035156,305.25,298.8699951171875,305.0
2022-07-22,307.6600036621094,310.6700134277344,304.3599853515625,306.5899963378906
2022-07-25,306.79998779296875,307.42999267578125,303.8299865722656,306.1499938964844
2022-07-26,297.0,300.6400146484375,295.9100036621094,298.17999267578125
2022-07-27,298.2099914550781,300.30999755859375,291.7900085449219,298.9100036621094
2022-07-28,295.0,301.239990234375,293.1700134277344,299.6300048828125
2022-07-29,300.0,301.44000244140625,297.42999267578125,300.94000244140625
2022-08-01,300.6400146484375,308.45001220703125,300.010009765625,305.82000732421875
2022-08-02,305.3999938964844,305.6099853515625,300.010009765625,300.7099914550781
2022-08-03,303.3500061035156,308.07000732421875,300.3399963378906,306.3699951171875
2022-08-04,304.5400085449219,309.9700012207031,304.44000244140625,307.1700134277344
2022-08-05,305.3800048828125,309.7799987792969,304.5,309.69000244140625
2022-08-08,311.8599853515625,315.79998779296875,310.44000244140625,311.9700012207031
2022-08-09,308.8900146484375,309.9599914550781,303.30999755859375,305.2099914550781
2022-08-10,309.5,312.9800109863281,309.04998779296875,311.5799865722656
2022-08-11,313.8399963378906,314.6199951171875,309.5799865722656,310.69000244140625
2022-08-12,312.6099853515625,314.92999267578125,310.17999267578125,314.8900146484375
2022-08-15,312.0400085449219,315.760009765625,310.1499938964844,314.6099853515625
2022-08-16,312.9800109863281,332.9800109863281,312.8800048828125,327.3800048828125
2022-08-17,328.0899963378906,329.5,324.07000732421875,325.760009765625
2022-08-18,324.9599914550781,327.94000244140625,322.2200012207031,325.2099914550781
2022-08-19,324.9700012207031,326.32000732421875,319.7699890136719,321.32000732421875
2022-08-22,318.0899963378906,319.739990234375,311.7099914550781,312.2099914550781
2022-08-23,311.2099914550781,311.5199890136719,305.6400146484375,306.8999938964844
2022-08-24,305.04998779296875,309.9800109863281,303.54998779296875,308.1099853515625
2022-08-25,308.6400146484375,309.9599914550781,305.8299865722656,309.7799987792969
2022-08-26,310.29998779296875,311.510009765625,298.0199890136719,298.1000061035156
2022-08-29,296.57000732421875,299.7099914550781,294.2900085449219,296.32000732421875
2022-08-30,298.55999755859375,299.8999938964844,291.6700134277344,293.1000061035156
2022-08-31,292.010009765625,292.4700012207031,288.2799987792969,288.4200134277344
2022-09-01,288.3999938964844,293.5799865722656,286.7200012207031,293.3699951171875
2022-09-02,296.1099853515625,296.79998779296875,290.1199951171875,291.8999938964844
2022-09-06,293.2200012207031,294.5,287.260009765625,289.5400085449219
2022-09-07,290.44000244140625,297.70001220703125,290.29998779296875,297.4700012207031
2022-09-08,296.0,300.19000244140625,294.5400085449219,299.8999938964844
2022-09-09,299.4800109863281,302.489990234375,298.3299865722656,299.7699890136719
2022-09-12,300.79998779296875,302.8299865722656,296.3500061035156,297.5400085449219
2022-09-13,292.010009765625,294.0799865722656,277.32000732421875,277.92999267578125
2022-09-14,279.3999938964844,279.5400085449219,273.1700134277344,276.3399963378906
2022-09-15,277.8900146484375,278.010009765625,270.5400085449219,271.5400085449219
2022-09-16,269.04998779296875,276.55999755859375,268.8999938964844,275.9700012207031
2022-09-19,273.5799865722656,281.2300109863281,273.510009765625,280.4200134277344
2022-09-20,276.8800048828125,278.7799987792969,271.3699951171875,274.1700134277344
2022-09-21,276.0,280.1300048828125,271.510009765625,271.57000732421875
2022-09-22,271.2200012207031,271.2200012207031,267.8500061035156,269.1400146484375
2022-09-23,267.8900146484375,271.29998779296875,266.32000732421875,270.94000244140625
2022-09-26,271.42999267578125,273.55999755859375,265.6099853515625,266.5799865722656
2022-09-27,269.3599853515625,273.69000244140625,266.9800109863281,268.69000244140625
2022-09-28,275.2200012207031,283.5,272.7099914550781,282.19000244140625
2022-09-29,278.510009765625,278.760009765625,274.7300109863281,278.3299865722656
2022-09-30,277.82000732421875,281.7900085449219,274.760009765625,275.94000244140625
2022-10-03,281.0,286.05999755859375,279.54998779296875,283.70001220703125
2022-10-04,287.5,291.30999755859375,286.55999755859375,289.55999755859375
2022-10-05,286.25,292.1099853515625,285.3699951171875,289.8500061035156
2022-10-06,289.55999755859375,292.9700012207031,287.7699890136719,290.3900146484375
2022-10-07,287.5299987792969,288.6300048828125,282.4200134277344,284.32000732421875
2022-10-10,283.55999755859375,284.8599853515625,280.2200012207031,282.4599914550781
2022-10-11,281.1000061035156,286.20001220703125,280.8999938964844,282.8900146484375
2022-10-12,284.4200134277344,284.6400146484375,280.489990234375,280.5199890136719
2022-10-13,274.6600036621094,284.8299865722656,268.7300109863281,282.8299865722656
2022-10-14,286.6400146484375,286.6400146484375,275.95001220703125,276.42999267578125
2022-10-17,279.6000061035156,283.8699951171875,279.3399963378906,281.260009765625
2022-10-18,287.95001220703125,289.8599853515625,283.2300109863281,285.05999755859375
2022-10-19,282.4700012207031,282.7699890136719,273.0199890136719,275.489990234375
2022-10-20,274.94000244140625,278.0,267.8699951171875,269.4599914550781
2022-10-21,268.3399963378906,275.7099914550781,268.0,275.5299987792969
2022-10-24,276.9700012207031,284.4700012207031,276.9700012207031,283.260009765625
2022-10-25,285.510009765625,292.1300048828125,285.510009765625,290.260009765625
2022-10-26,290.6000061035156,291.8699951171875,286.1700134277344,290.1499938964844
2022-10-27,291.8500061035156,294.2699890136719,289.45001220703125,291.05999755859375
2022-10-28,290.0,299.1600036621094,290.0,298.6499938964844
2022-10-31,294.4100036621094,299.2799987792969,292.54998779296875,296.1300048828125
2022-11-01,300.3699951171875,302.2099914550781,293.3500061035156,296.05999755859375
2022-11-02,295.20001220703125,300.1700134277344,288.5199890136719,288.7300109863281
2022-11-03,283.57000732421875,285.95001220703125,280.510009765625,281.5
2022-11-04,285.8900146484375,288.8399963378906,277.5,284.0299987792969
2022-11-07,286.5,291.70001220703125,282.8399963378906,290.2699890136719
2022-11-08,292.42999267578125,293.3399963378906,287.6300048828125,291.1400146484375
2022-11-09,289.0,292.5,286.260009765625,286.75
2022-11-10,297.739990234375,314.739990234375,297.0799865722656,311.70001220703125
2022-11-11,312.0,317.67999267578125,310.239990234375,314.94000244140625
2022-11-14,314.3599853515625,315.9800109863281,306.3399963378906,306.9200134277344
2022-11-15,304.05999755859375,316.6300048828125,303.25,311.92999267578125
2022-11-16,305.8599853515625,316.4100036621094,304.510009765625,314.9100036621094
2022-11-17,312.0,313.67999267578125,306.1499938964844,311.44000244140625
2022-11-18,314.1400146484375,316.0,310.260009765625,313.17999267578125
2022-11-21,316.9599914550781,318.8399963378906,314.20001220703125,316.7799987792969
2022-11-22,320.0,326.82000732421875,319.3800048828125,324.8800048828125
2022-11-23,326.760009765625,327.82000732421875,320.44000244140625,321.510009765625
2022-11-25,322.8900146484375,329.0799865722656,321.8999938964844,326.3800048828125
2022-11-28,325.05999755859375,328.79998779296875,317.8500061035156,318.9200134277344
2022-11-29,316.0,320.0,315.6199951171875,315.9599914550781
2022-11-30,312.92999267578125,324.19000244140625,311.5,323.989990234375
2022-12-01,326.30999755859375,329.6700134277344,324.44000244140625,327.07000732421875
2022-12-02,321.0799865722656,328.4800109863281,320.3299865722656,327.989990234375
2022-12-05,325.1499938964844,325.5199890136719,319.5400085449219,320.0799865722656
2022-12-06,319.6400146484375,321.6499938964844,314.5400085449219,317.45001220703125
2022-12-07,315.9599914550781,322.8800048828125,314.44000244140625,320.1499938964844
2022-12-08,318.54998779296875,324.5199890136719,318.54998779296875,324.0899963378906
2022-12-09,321.4800109863281,324.44000244140625,319.92999267578125,320.4800109863281
2022-12-12,323.0,328.3399963378906,321.2900085449219,327.9800109863281
2022-12-13,344.3500061035156,347.25,329.9599914550781,332.8900146484375
2022-12-14,330.5299987792969,339.05999755859375,329.010009765625,333.42999267578125
2022-12-15,329.44000244140625,330.0199890136719,323.3699951171875,327.6000061035156
2022-12-16,323.42999267578125,327.94000244140625,319.239990234375,323.3399963378906
2022-12-19,319.5,321.9100036621094,316.0199890136719,317.3299865722656
2022-12-20,313.32000732421875,316.8900146484375,310.8299865722656,314.8399963378906
2022-12-21,318.04998779296875,319.5899963378906,314.739990234375,319.3599853515625
2022-12-22,316.3999938964844,316.3999938964844,310.7300109863281,316.1199951171875
2022-12-23,314.1499938964844,319.1000061035156,313.05999755859375,318.7300109863281
2022-12-27,318.4100036621094,321.54998779296875,317.510009765625,319.54998779296875
2022-12-28,320.54998779296875,321.42999267578125,315.5,315.7300109863281
2022-12-29,318.6499938964844,321.8299865722656,317.5899963378906,320.4100036621094
2022-12-30,317.489990234375,318.1700134277344,313.0199890136719,315.8599853515625
2023-01-03,317.4200134277344,319.2200012207031,311.7799987792969,315.9100036621094
2023-01-04,321.07000732421875,322.510009765625,316.3800048828125,319.7300109863281
2023-01-05,317.8299865722656,318.0799865722656,313.2300109863281,315.4700012207031
2023-01-06,316.2900085449219,318.8500061035156,309.0,317.5299987792969
2023-01-09,320.0,322.54998779296875,317.05999755859375,317.80999755859375
2023-01-10,316.29998779296875,320.7300109863281,313.9599914550781,320.6300048828125
2023-01-11,322.54998779296875,329.0400085449219,322.1199951171875,329.0
2023-01-12,332.2099914550781,332.2099914550781,326.7099914550781,329.8699951171875
2023-01-13,326.489990234375,332.3900146484375,326.0,331.2099914550781
2023-01-17,330.3299865722656,335.1600036621094,327.1000061035156,327.5299987792969
2023-01-18,330.0,334.5199890136719,322.92999267578125,323.69000244140625
2023-01-19,320.3399963378906,321.3399963378906,310.6300048828125,310.8800048828125
2023-01-20,310.010009765625,315.239990234375,307.3900146484375,315.0
2023-01-23,313.5400085449219,317.5299987792969,311.0899963378906,315.4800109863281
2023-01-24,315.1199951171875,318.1000061035156,312.6300048828125,317.69000244140625
2023-01-25,315.3299865722656,318.1199951171875,311.54998779296875,317.260009765625
2023-01-26,314.1499938964844,319.260009765625,312.5299987792969,313.80999755859375
2023-01-27,312.0199890136719,318.239990234375,311.3299865722656,316.69000244140625
2023-01-30,315.8299865722656,318.1400146484375,313.69000244140625,314.239990234375
2023-01-31,315.989990234375,324.3500061035156,315.1000061035156,324.1700134277344
2023-02-01,322.3900146484375,330.54998779296875,317.6400146484375,328.0899963378906
2023-02-02,333.45001220703125,341.4700012207031,332.69000244140625,339.7900085449219
2023-02-03,332.5299987792969,334.7099914550781,330.3299865722656,331.5
2023-02-06,328.989990234375,331.010009765625,327.4599914550781,329.2699890136719
2023-02-07,324.0,327.0,320.7200012207031,325.20001220703125
2023-02-08,322.94000244140625,323.989990234375,319.57000732421875,320.7900085449219
2023-02-09,323.1000061035156,323.8900146484375,314.8299865722656,315.54998779296875
2023-02-10,313.8500061035156,317.20001220703125,312.75,316.5400085449219
2023-02-13,317.3399963378906,323.69000244140625,315.6099853515625,323.5299987792969
2023-02-14,320.6099853515625,322.9599914550781,315.6700134277344,318.42999267578125
2023-02-15,315.8800048828125,321.5299987792969,315.7900085449219,320.69000244140625
2023-02-16,315.0,323.739990234375,314.92999267578125,321.239990234375
2023-02-17,318.67999267578125,320.6000061035156,312.95001220703125,317.95001220703125
2023-02-21,305.54998779296875,308.010009765625,295.0299987792969,295.5
2023-02-22,297.54998779296875,300.3999938964844,295.0899963378906,296.29998779296875
2023-02-23,296.7900085449219,299.8800048828125,294.6199951171875,299.30999755859375
2023-02-24,292.3999938964844,298.3299865722656,292.0,296.6600036621094
2023-02-27,299.3599853515625,300.489990234375,295.0400085449219,296.010009765625
2023-02-28,295.0,298.70001220703125,294.30999755859375,296.5400085449219
2023-03-01,291.9200134277344,293.7200012207031,288.6600036621094,290.7900085449219
2023-03-02,288.4599914550781,294.1099853515625,287.2699890136719,293.0199890136719
2023-03-03,294.6400146484375,298.6099853515625,293.760009765625,298.45001220703125
2023-03-06,298.0,300.1099853515625,296.9800109863281,298.2099914550781
2023-03-07,299.05999755859375,299.05999755859375,290.4200134277344,290.70001220703125
2023-03-08,289.44000244140625,292.4599914550781,288.2699890136719,291.489990234375
2023-03-09,293.04998779296875,294.3699951171875,287.75,288.0
2023-03-10,288.55999755859375,293.1600036621094,284.1000061035156,286.30999755859375
2023-03-13,283.989990234375,292.3399963378906,282.6000061035156,286.5199890136719
2023-03-14,289.29998779296875,289.79998779296875,281.3900146484375,285.57000732421875
2023-03-15,283.95001220703125,289.1600036621094,282.6700134277344,287.9700012207031
2023-03-16,287.0,288.0299987792969,285.0,286.7300109863281
2023-03-17,287.82000732421875,291.95001220703125,286.260009765625,288.3900146484375
2023-03-20,287.42999267578125,289.8299865722656,286.6099853515625,289.260009765625
2023-03-21,291.42999267578125,292.8900146484375,287.6000061035156,289.42999267578125
2023-03-22,290.0899963378906,291.2099914550781,282.45001220703125,282.6099853515625
2023-03-23,285.260009765625,286.1099853515625,280.2200012207031,283.9100036621094
2023-03-24,282.55999755859375,284.92999267578125,280.8299865722656,283.0199890136719
2023-03-27,283.75,284.94000244140625,280.9100036621094,281.2699890136719
2023-03-28,280.79998779296875,283.2900085449219,279.92999267578125,280.82000732421875
2023-03-29,281.25,283.989990234375,281.25,283.3599853515625
2023-03-30,285.3599853515625,286.1000061035156,283.8500061035156,285.3599853515625
2023-03-31,286.989990234375,295.54998779296875,286.760009765625,295.1199951171875
2023-04-03,294.8699951171875,297.9700012207031,294.739990234375,297.7300109863281
2023-04-04,297.5,299.79998779296875,294.3999938964844,294.9599914550781
2023-04-05,295.0,295.7099914550781,288.4800109863281,288.6700134277344
2023-04-06,287.25,289.7900085449219,284.239990234375,288.6099853515625
2023-04-10,286.1300048828125,292.6400146484375,285.6600036621094,291.1700134277344
2023-04-11,292.69000244140625,295.1000061035156,291.760009765625,293.7699890136719
2023-04-12,296.20001220703125,298.44000244140625,289.5799865722656,290.44000244140625
2023-04-13,290.8900146484375,292.4700012207031,286.3699951171875,292.1499938964844
2023-04-14,292.1499938964844,296.20001220703125,291.3800048828125,292.19000244140625
2023-04-17,291.70001220703125,295.5,291.54998779296875,295.3999938964844
2023-04-18,296.32000732421875,299.239990234375,295.9200134277344,298.95001220703125
2023-04-19,296.45001220703125,298.2900085449219,295.04998779296875,296.9100036621094
2023-04-20,295.9700012207031,301.30999755859375,295.5,298.57000732421875
2023-04-21,301.6199951171875,303.20001220703125,299.3500061035156,300.0400085449219
2023-04-24,300.0,301.8999938964844,299.2200012207031,301.6400146484375
2023-04-25,301.5,302.69000244140625,296.1300048828125,296.3299865722656
2023-04-26,295.42999267578125,295.9700012207031,287.0799865722656,288.07000732421875
2023-04-27,288.0,294.7099914550781,287.79998779296875,293.92999267578125
2023-04-28,293.7699890136719,300.82000732421875,293.3800048828125,300.5400085449219
2023-05-01,298.9800109863281,299.55999755859375,297.3699951171875,297.70001220703125
2023-05-02,298.44000244140625,298.6700134277344,291.04998779296875,294.2799987792969
2023-05-03,294.55999755859375,298.760009765625,292.5,293.0799865722656
2023-05-04,292.7200012207031,294.5899963378906,285.3299865722656,285.75
2023-05-05,287.1700134277344,290.8699951171875,286.1000061035156,289.6199951171875
2023-05-08,289.0,289.8399963378906,284.44000244140625,287.92999267578125
2023-05-09,286.1700134277344,291.05999755859375,285.760009765625,290.5799865722656
2023-05-10,291.7099914550781,293.57000732421875,285.9200134277344,289.0299987792969
2023-05-11,288.739990234375,289.45001220703125,285.0199890136719,287.69000244140625
2023-05-12,288.0,290.9700012207031,287.45001220703125,290.4700012207031
2023-05-15,289.9200134277344,290.9200134277344,286.94000244140625,288.5400085449219
2023-05-16,281.75,286.0899963378906,277.0899963378906,282.3299865722656
2023-05-17,282.1499938964844,294.04998779296875,281.2099914550781,292.3900146484375
2023-05-18,292.6499938964844,295.92999267578125,291.6000061035156,295.1600036621094
2023-05-19,295.760009765625,295.760009765625,289.95001220703125,290.8800048828125
2023-05-22,290.7300109863281,292.989990234375,288.0799865722656,290.6600036621094
2023-05-23,289.2799987792969,297.7699890136719,289.2799987792969,294.94000244140625
2023-05-24,297.3699951171875,297.5199890136719,290.17999267578125,291.1000061035156
2023-05-25,291.7900085449219,291.7900085449219,286.05999755859375,286.75
2023-05-26,287.0,293.29998779296875,285.69000244140625,292.8299865722656
2023-05-30,293.2799987792969,294.45001220703125,288.95001220703125,292.3999938964844
2023-05-31,289.5899963378906,290.0,281.9599914550781,283.45001220703125
2023-06-01,284.04998779296875,289.2200012207031,279.9800109863281,288.3900146484375
2023-06-02,290.6499938964844,296.2099914550781,289.7200012207031,295.94000244140625
2023-06-05,295.6199951171875,295.7200012207031,291.3699951171875,293.1000061035156
2023-06-06,291.82000732421875,296.9200134277344,291.6499938964844,296.0
2023-06-07,297.30999755859375,302.20001220703125,297.1099853515625,301.70001220703125
2023-06-08,302.1600036621094,305.45001220703125,300.7900085449219,301.0899963378906
2023-06-09,300.9800109863281,301.42999267578125,296.1000061035156,297.3500061035156
2023-06-12,298.3999938964844,302.6099853515625,297.6499938964844,300.8599853515625
2023-06-13,302.3999938964844,304.1199951171875,298.6700134277344,300.0799865722656
2023-06-14,300.989990234375,302.54998779296875,295.6300048828125,299.7099914550781
2023-06-15,300.8399963378906,303.42999267578125,299.5799865722656,302.0199890136719
2023-06-16,304.3399963378906,305.9800109863281,300.1400146484375,300.3800048828125
2023-06-20,299.7699890136719,302.75,298.2300109863281,301.4100036621094
2023-06-21,302.8699951171875,303.57000732421875,300.17999267578125,300.70001220703125
2023-06-22,301.5,302.8299865722656,299.6000061035156,301.17999267578125
2023-06-23,300.32000732421875,302.32000732421875,299.1000061035156,300.80999755859375
2023-06-26,302.6700134277344,309.2099914550781,301.9800109863281,307.8900146484375
2023-06-27,308.1499938964844,315.4599914550781,307.8900146484375,313.739990234375
2023-06-28,312.0,312.94000244140625,306.05999755859375,306.510009765625
2023-06-29,306.7799987792969,308.1300048828125,304.0299987792969,307.82000732421875
2023-06-30,309.5799865722656,311.42999267578125,308.29998779296875,310.6400146484375
2023-07-03,309.7799987792969,311.3999938964844,308.8999938964844,310.0199890136719
2023-07-05,310.5,312.29998779296875,309.989990234375,310.79998779296875
2023-07-06,306.8399963378906,307.9800109863281,301.5400085449219,302.0199890136719
2023-07-07,301.989990234375,305.6300048828125,300.8900146484375,302.80999755859375
2023-07-10,303.20001220703125,310.5299987792969,303.20001220703125,310.2799987792969
2023-07-11,312.9100036621094,314.57000732421875,310.739990234375,313.6600036621094
2023-07-12,316.30999755859375,321.260009765625,316.010009765625,317.5199890136719
2023-07-13,318.1000061035156,318.4200134277344,313.4700012207031,314.6000061035156
2023-07-14,314.8399963378906,316.8999938964844,314.2200012207031,316.5
2023-07-17,315.7200012207031,317.82000732421875,314.1499938964844,316.04998779296875
2023-07-18,314.5299987792969,318.32000732421875,312.1300048828125,316.760009765625
2023-07-19,317.0,319.94000244140625,316.69000244140625,319.4800109863281
2023-07-20,320.3399963378906,321.45001220703125,317.8800048828125,319.0899963378906
2023-07-21,321.07000732421875,321.8900146484375,319.489990234375,320.4700012207031
2023-07-24,320.9700012207031,325.6600036621094,320.95001220703125,325.1099853515625
2023-07-25,325.07000732421875,326.8999938964844,323.8299865722656,325.1300048828125
2023-07-26,324.69000244140625,330.9599914550781,324.239990234375,329.5899963378906
2023-07-27,331.7099914550781,333.44000244140625,328.92999267578125,329.7099914550781
2023-07-28,332.0,333.0,329.5,331.3699951171875
2023-07-31,331.6499938964844,334.07000732421875,331.4800109863281,333.8399963378906
2023-08-01,331.760009765625,334.9700012207031,330.8800048828125,332.07000732421875
2023-08-02,330.0299987792969,332.5299987792969,327.9200134277344,328.5
2023-08-03,327.67999267578125,332.1000061035156,327.6400146484375,329.8500061035156
2023-08-04,328.1600036621094,329.5199890136719,325.3299865722656,326.42999267578125
2023-08-07,327.2099914550781,329.4100036621094,326.5899963378906,329.1700134277344
2023-08-08,326.5799865722656,328.5299987792969,323.3900146484375,327.80999755859375
2023-08-09,327.3500061035156,330.9200134277344,326.760009765625,328.2099914550781
2023-08-10,330.6600036621094,332.8999938964844,328.94000244140625,329.3999938964844
2023-08-11,328.5199890136719,331.5899963378906,328.3500061035156,331.1099853515625
2023-08-14,331.4599914550781,333.7900085449219,328.42999267578125,329.95001220703125
2023-08-15,331.760009765625,338.1700134277344,328.5199890136719,332.1400146484375
2023-08-16,332.6199951171875,337.80999755859375,331.67999267578125,333.0299987792969
2023-08-17,333.7699890136719,335.6499938964844,327.05999755859375,327.2799987792969
2023-08-18,325.05999755859375,328.8900146484375,324.42999267578125,327.3699951171875
2023-08-21,326.6099853515625,327.8699951171875,323.5,324.05999755859375
2023-08-22,325.2699890136719,326.30999755859375,322.0299987792969,324.4800109863281
2023-08-23,324.5199890136719,326.92999267578125,324.0799865722656,326.0899963378906
2023-08-24,325.1199951171875,329.0,322.30999755859375,322.5899963378906
2023-08-25,323.42999267578125,326.3399963378906,321.20001220703125,322.8599853515625
2023-08-28,323.20001220703125,327.44000244140625,322.8699951171875,325.9100036621094
2023-08-29,326.7900085449219,329.8399963378906,326.7699890136719,329.3800048828125
2023-08-30,328.0,331.6199951171875,327.8699951171875,330.6300048828125
2023-08-31,331.20001220703125,332.6000061035156,329.67999267578125,330.29998779296875
2023-09-01,332.0,333.45001220703125,331.1400146484375,333.0799865722656
2023-09-05,331.8399963378906,332.29998779296875,327.3699951171875,327.7799987792969
2023-09-06,327.5299987792969,328.6099853515625,325.55999755859375,326.0
2023-09-07,325.0299987792969,329.9200134277344,324.29998779296875,328.4200134277344
2023-09-08,327.5,329.489990234375,326.67999267578125,328.7099914550781
2023-09-11,329.2900085449219,329.8800048828125,327.57000732421875,328.3699951171875
2023-09-12,326.8299865722656,328.7699890136719,325.8900146484375,326.2799987792969
2023-09-13,326.0400085449219,327.9599914550781,325.0,325.8800048828125
2023-09-14,327.3900146484375,330.29998779296875,325.2699890136719,329.6300048828125
2023-09-15,327.32000732421875,329.1700134277344,320.3299865722656,321.3999938964844
2023-09-18,320.1600036621094,321.6499938964844,316.9100036621094,317.260009765625
2023-09-19,315.95001220703125,316.92999267578125,312.3399963378906,314.6099853515625
2023-09-20,315.0,316.3500061035156,310.79998779296875,310.8599853515625
2023-09-21,309.3999938964844,310.2300109863281,306.3599853515625,306.760009765625
2023-09-22,306.1600036621094,307.6499938964844,305.4599914550781,305.7300109863281
2023-09-25,304.510009765625,307.2900085449219,304.510009765625,306.489990234375
2023-09-26,304.5199890136719,305.80999755859375,301.6300048828125,302.5400085449219
2023-09-27,303.0,304.2200012207031,299.8999938964844,301.82000732421875
2023-09-28,301.6700134277344,304.8699951171875,300.75,303.489990234375
2023-09-29,304.95001220703125,305.6700134277344,299.82000732421875,302.1600036621094
2023-10-02,300.5199890136719,303.45001220703125,298.4599914550781,299.8299865722656
2023-10-03,297.9100036621094,298.29998779296875,290.07000732421875,291.94000244140625
2023-10-04,293.3599853515625,294.2099914550781,290.3599853515625,292.3900146484375
2023-10-05,292.0,292.6700134277344,290.239990234375,291.70001220703125
2023-10-06,290.760009765625,294.5400085449219,287.3900146484375,292.82000732421875
2023-10-09,290.29998779296875,295.5299987792969,289.67999267578125,295.3599853515625
2023-10-10,296.69000244140625,300.6700134277344,295.1700134277344,299.2200012207031
2023-10-11,299.739990234375,300.8500061035156,295.8999938964844,298.04998779296875
2023-10-12,297.70001220703125,297.70001220703125,290.7699890136719,293.0199890136719
2023-10-13,292.94000244140625,294.7300109863281,290.8900146484375,291.9200134277344
2023-10-16,294.42999267578125,298.3699951171875,293.5799865722656,297.3299865722656
2023-10-17,296.69000244140625,298.3599853515625,294.5,295.94000244140625
2023-10-18,293.0,293.3299865722656,289.5799865722656,290.239990234375
2023-10-19,291.0,291.3399963378906,286.4200134277344,286.7699890136719
2023-10-20,285.8599853515625,287.17999267578125,283.6099853515625,286.4100036621094
2023-10-23,285.82000732421875,288.25,284.3299865722656,285.07000732421875
2023-10-24,286.739990234375,287.9100036621094,282.0299987792969,283.30999755859375
2023-10-25,281.75,283.2300109863281,279.20001220703125,280.92999267578125
2023-10-26,280.5299987792969,283.239990234375,277.75,278.0
2023-10-27,278.9800109863281,279.6700134277344,274.260009765625,276.4599914550781
2023-10-30,277.4700012207031,282.32000732421875,276.9599914550781,281.4800109863281
2023-10-31,282.5899963378906,285.3999938964844,281.6199951171875,284.69000244140625
2023-11-01,285.5899963378906,286.8299865722656,282.0199890136719,286.6300048828125
2023-11-02,290.25,294.6600036621094,290.0,294.5299987792969
2023-11-03,294.17999267578125,297.80999755859375,294.1700134277344,295.6099853515625
2023-11-06,294.75,296.44000244140625,293.2200012207031,294.57000732421875
2023-11-07,294.6099853515625,296.0,293.55999755859375,294.7699890136719
2023-11-08,295.0299987792969,298.010009765625,294.1099853515625,295.9200134277344
2023-11-09,291.95001220703125,292.739990234375,287.67999267578125,287.8699951171875
2023-11-10,289.2300109863281,291.5899963378906,286.7900085449219,291.5899963378906
2023-11-13,287.7900085449219,289.92999267578125,287.239990234375,288.07000732421875
2023-11-14,300.8900146484375,308.239990234375,300.1400146484375,303.6300048828125
2023-11-15,304.1000061035156,308.92999267578125,304.010009765625,308.19000244140625
2023-11-16,305.8800048828125,307.95001220703125,304.3299865722656,306.44000244140625
2023-11-17,308.5,308.7099914550781,305.45001220703125,307.2699890136719
2023-11-20,307.19000244140625,309.6700134277344,305.739990234375,308.19000244140625
2023-11-21,305.57000732421875,306.07000732421875,302.3399963378906,305.3399963378906
2023-11-22,307.3900146484375,309.8599853515625,306.4800109863281,309.20001220703125
2023-11-24,309.17999267578125,311.3800048828125,308.30999755859375,310.70001220703125
2023-11-27,310.69000244140625,312.8900146484375,309.75,310.9200134277344
2023-11-28,310.7099914550781,314.5799865722656,309.3900146484375,313.3399963378906
2023-11-29,314.05999755859375,314.05999755859375,310.9100036621094,311.0199890136719
2023-11-30,312.5400085449219,313.760009765625,308.5899963378906,313.489990234375
2023-12-01,313.8299865722656,320.1000061035156,313.0,319.6199951171875
2023-12-04,319.6199951171875,325.0799865722656,318.9599914550781,324.0199890136719
2023-12-05,322.0,323.9200134277344,320.010009765625,323.5
2023-12-06,325.0,328.30999755859375,324.2099914550781,326.1099853515625
2023-12-07,326.1099853515625,327.4100036621094,324.67999267578125,326.1700134277344
2023-12-08,326.0,327.2799987792969,325.05999755859375,326.4700012207031
2023-12-11,329.80999755859375,332.0899963378906,328.80999755859375,331.3299865722656
2023-12-12,330.44000244140625,334.5199890136719,330.32000732421875,333.20001220703125
2023-12-13,334.8999938964844,343.8399963378906,331.9100036621094,343.3999938964844
2023-12-14,349.739990234375,353.07000732421875,348.0,351.80999755859375
2023-12-15,348.2200012207031,354.3800048828125,346.75,354.0
2023-12-18,353.7099914550781,354.9200134277344,350.32000732421875,350.80999755859375
2023-12-19,351.4599914550781,352.9599914550781,350.3999938964844,352.07000732421875
2023-12-20,351.0,354.7699890136719,348.30999755859375,348.6600036621094
2023-12-21,351.8699951171875,352.25,347.0,348.9700012207031
2023-12-22,349.0400085449219,351.3399963378906,346.69000244140625,348.5899963378906
2023-12-26,348.42999267578125,350.0899963378906,348.1600036621094,349.30999755859375
2023-12-27,349.9100036621094,350.0,347.17999267578125,348.5299987792969
2023-12-28,348.5,349.0400085449219,345.79998779296875,347.3599853515625
2023-12-29,345.8299865722656,347.54998779296875,343.0199890136719,346.54998779296875
2024-01-02,344.2099914550781,347.29998779296875,343.2200012207031,345.0799865722656
2024-01-03,342.4800109863281,342.70001220703125,336.5899963378906,338.260009765625
2024-01-04,339.92999267578125,342.9200134277344,338.5400085449219,338.5899963378906
2024-01-05,337.8699951171875,343.8299865722656,337.82000732421875,342.94000244140625
2024-01-08,343.42999267578125,348.4599914550781,343.25,347.92999267578125
2024-01-09,345.80999755859375,349.1099853515625,345.25,346.19000244140625
2024-01-10,350.6199951171875,356.8599853515625,350.30999755859375,356.79998779296875
2024-01-11,357.0899963378906,361.0,353.260009765625,356.5299987792969
2024-01-12,358.5299987792969,358.5299987792969,353.42999267578125,355.7099914550781
2024-01-16,358.05999755859375,359.6499938964844,356.2099914550781,358.42999267578125
2024-01-17,356.6300048828125,359.760009765625,354.04998779296875,355.70001220703125
2024-01-18,356.1199951171875,358.7099914550781,354.0299987792969,357.8999938964844
2024-01-19,358.80999755859375,362.9599914550781,356.2799987792969,362.4100036621094
2024-01-22,359.3599853515625,361.4599914550781,355.69000244140625,356.69000244140625
2024-01-23,355.8500061035156,355.8800048828125,349.05999755859375,350.7799987792969
2024-01-24,351.94000244140625,352.8699951171875,347.07000732421875,347.2699890136719
2024-01-25,352.5899963378906,352.8800048828125,348.260009765625,350.9700012207031
2024-01-26,351.4700012207031,357.04998779296875,351.0199890136719,355.29998779296875
2024-01-29,355.1499938964844,356.3699951171875,353.010009765625,355.70001220703125
2024-01-30,354.5,358.92999267578125,354.0400085449219,357.1000061035156
2024-01-31,357.9200134277344,358.9800109863281,352.3500061035156,352.9599914550781
2024-02-01,353.3999938964844,360.1400146484375,352.32000732421875,360.07000732421875
2024-02-02,354.17999267578125,359.54998779296875,350.0199890136719,357.2300109863281
2024-02-05,353.6600036621094,356.07000732421875,350.760009765625,355.1400146484375
2024-02-06,354.8500061035156,358.0,354.29998779296875,356.25
2024-02-07,358.4800109863281,363.7300109863281,357.7200012207031,362.69000244140625
2024-02-08,362.8599853515625,365.6499938964844,361.6499938964844,363.7200012207031
2024-02-09,364.1300048828125,364.42999267578125,360.79998779296875,363.1499938964844
2024-02-12,364.2200012207031,368.7200012207031,364.04998779296875,365.45001220703125
2024-02-13,358.4700012207031,359.42999267578125,353.8800048828125,357.5899963378906
2024-02-14,357.1700134277344,358.9800109863281,353.9800109863281,358.2300109863281
2024-02-15,358.8999938964844,361.6400146484375,356.8500061035156,361.0799865722656
2024-02-16,360.67999267578125,363.989990234375,359.1499938964844,362.3500061035156
2024-02-20,355.30999755859375,365.25,354.55999755859375,362.57000732421875
2024-02-21,360.5899963378906,365.1099853515625,358.95001220703125,364.1300048828125
2024-02-22,367.44000244140625,372.9599914550781,367.1499938964844,371.3399963378906
2024-02-23,372.0799865722656,374.25,370.25,371.9599914550781
2024-02-26,373.510009765625,374.8800048828125,370.7200012207031,371.6000061035156
2024-02-27,372.6600036621094,375.79998779296875,370.6099853515625,375.55999755859375
2024-02-28,375.55999755859375,379.8399963378906,375.05999755859375,377.6099853515625
2024-02-29,378.7900085449219,381.7799987792969,378.1499938964844,380.6099853515625
2024-03-01,380.3599853515625,385.1000061035156,379.8299865722656,384.45001220703125
2024-03-04,382.8999938964844,384.5299987792969,380.1099853515625,380.3699951171875
2024-03-05,380.1000061035156,380.9800109863281,377.0199890136719,378.45001220703125
2024-03-06,378.5299987792969,379.82000732421875,375.8900146484375,377.44000244140625
2024-03-07,377.8699951171875,380.29998779296875,375.5799865722656,376.54998779296875
2024-03-08,375.0,376.6199951171875,372.1000061035156,373.3500061035156
2024-03-11,371.55999755859375,372.9800109863281,368.8699951171875,371.5199890136719
2024-03-12,372.510009765625,375.8999938964844,372.4100036621094,374.5400085449219
2024-03-13,376.0299987792969,382.7099914550781,375.7799987792969,378.989990234375
2024-03-14,378.0,380.20001220703125,372.1700134277344,375.2699890136719
2024-03-15,374.1199951171875,378.4200134277344,372.5400085449219,373.2300109863281
2024-03-18,376.489990234375,377.6000061035156,371.1400146484375,371.9100036621094
2024-03-19,374.8900146484375,379.4599914550781,373.1300048828125,379.4100036621094
2024-03-20,379.4200134277344,384.8800048828125,376.2300109863281,384.4100036621094
2024-03-21,388.4100036621094,396.8699951171875,388.2900085449219,395.20001220703125
2024-03-22,394.69000244140625,396.4200134277344,390.0899963378906,390.2799987792969
2024-03-25,389.1000061035156,389.8599853515625,382.8900146484375,383.510009765625
2024-03-26,382.4100036621094,384.260009765625,379.3999938964844,379.92999267578125
2024-03-27,380.8500061035156,386.32000732421875,380.739990234375,385.8900146484375
2024-03-28,387.1300048828125,387.6099853515625,379.7200012207031,383.6000061035156
2024-04-01,381.4700012207031,383.1400146484375,367.8399963378906,368.0299987792969
2024-04-02,364.5,366.8599853515625,362.9599914550781,363.0
2024-04-03,362.0,362.3999938964844,359.0,359.8999938964844
2024-04-04,362.6099853515625,365.0,356.9100036621094,357.67999267578125
2024-04-05,357.67999267578125,359.3299865722656,356.0199890136719,357.8699951171875
2024-04-08,358.07000732421875,362.57000732421875,357.260009765625,362.04998779296875
2024-04-09,363.6300048828125,364.45001220703125,358.7300109863281,361.4200134277344
2024-04-10,351.8699951171875,353.989990234375,348.75,350.55999755859375
2024-04-11,351.0400085449219,351.9100036621094,345.7900085449219,347.3699951171875
2024-04-12,346.1199951171875,346.1199951171875,341.510009765625,342.8699951171875
2024-04-15,345.9200134277344,346.0799865722656,337.19000244140625,337.92999267578125
2024-04-16,336.82000732421875,338.1099853515625,332.9599914550781,334.8299865722656
2024-04-17,336.7799987792969,337.25,331.94000244140625,332.8299865722656
2024-04-18,335.6499938964844,336.95001220703125,331.3299865722656,332.8900146484375
2024-04-19,334.7099914550781,335.8699951171875,332.5799865722656,335.3599853515625
2024-04-22,338.2200012207031,339.45001220703125,333.7099914550781,336.1099853515625
2024-04-23,338.0,340.19000244140625,336.2900085449219,339.0
2024-04-24,337.07000732421875,337.54998779296875,331.82000732421875,333.010009765625
2024-04-25,329.7200012207031,332.9100036621094,326.8999938964844,331.9800109863281
2024-04-26,331.0,335.8299865722656,330.989990234375,335.0899963378906
2024-04-29,335.0,337.3399963378906,334.1499938964844,336.79998779296875
2024-04-30,335.7200012207031,337.44000244140625,332.8599853515625,334.2200012207031
2024-05-01,333.010009765625,335.3900146484375,329.42999267578125,331.9700012207031
2024-05-02,335.5,336.0,330.9800109863281,335.5299987792969
2024-05-03,341.2799987792969,346.8800048828125,340.3699951171875,342.8500061035156
2024-05-06,346.0,346.3800048828125,340.44000244140625,342.2900085449219
2024-05-07,343.6000061035156,345.5400085449219,340.3800048828125,340.69000244140625
2024-05-08,338.7799987792969,340.44000244140625,337.6300048828125,338.8299865722656
2024-05-09,339.25,348.010009765625,338.8800048828125,347.44000244140625
2024-05-10,347.4599914550781,349.80999755859375,344.70001220703125,346.42999267578125
2024-05-13,348.05999755859375,348.7900085449219,340.3999938964844,340.9599914550781
2024-05-14,335.04998779296875,344.25,333.0,340.5
2024-05-15,345.17999267578125,350.44000244140625,344.69000244140625,348.6700134277344
2024-05-16,348.0,348.25,342.6700134277344,342.7300109863281
2024-05-17,344.760009765625,344.92999267578125,340.5899963378906,344.2099914550781
2024-05-20,341.1300048828125,342.54998779296875,337.5400085449219,337.82000732421875
2024-05-21,339.0,339.0,332.3299865722656,336.1499938964844
2024-05-22,334.6600036621094,335.25,328.92999267578125,330.5899963378906
2024-05-23,330.9800109863281,331.0,326.0,326.8900146484375
2024-05-24,326.3900146484375,327.5400085449219,324.4200134277344,325.1000061035156
2024-05-28,325.3900146484375,330.989990234375,324.4800109863281,328.70001220703125
2024-05-29,326.5299987792969,326.7900085449219,323.7699890136719,325.9100036621094
2024-05-30,326.260009765625,330.2200012207031,325.7099914550781,329.17999267578125
2024-05-31,330.04998779296875,335.1700134277344,328.010009765625,334.8699951171875
2024-06-03,333.6499938964844,333.6499938964844,326.8399963378906,328.010009765625
2024-06-04,326.8699951171875,329.7900085449219,325.1000061035156,328.260009765625
2024-06-05,328.5,330.4599914550781,325.9200134277344,330.260009765625
2024-06-06,329.79998779296875,331.8399963378906,328.05999755859375,331.1000061035156
2024-06-07,325.7300109863281,328.82000732421875,323.92999267578125,327.0299987792969
2024-06-10,327.0,332.79998779296875,326.5,332.55999755859375
2024-06-11,333.0,336.30999755859375,330.32000732421875,335.7200012207031
2024-06-12,347.0299987792969,350.489990234375,343.05999755859375,344.1400146484375
2024-06-13,345.8999938964844,348.69000244140625,343.07000732421875,347.8800048828125
2024-06-14,344.80999755859375,347.5,341.69000244140625,346.8399963378906
2024-06-17,344.8900146484375,350.69000244140625,344.3999938964844,349.5
2024-06-18,352.95001220703125,356.4100036621094,352.1099853515625,353.8699951171875
2024-06-20,352.0,354.9200134277344,349.5899963378906,353.44000244140625
2024-06-21,354.8399963378906,356.25,352.04998779296875,355.79998779296875
2024-06-24,356.8999938964844,357.69000244140625,350.7200012207031,350.8800048828125
2024-06-25,346.30999755859375,346.989990234375,334.5299987792969,338.32000732421875
2024-06-26,339.4599914550781,342.5899963378906,337.5299987792969,341.82000732421875
2024-06-27,342.8299865722656,344.760009765625,338.45001220703125,341.489990234375
2024-06-28,341.3500061035156,345.2799987792969,340.7099914550781,344.239990234375
2024-07-01,343.9200134277344,344.6499938964844,335.3900146484375,336.19000244140625
2024-07-02,335.0,336.8299865722656,332.5299987792969,334.9700012207031
2024-07-03,337.0,339.6400146484375,333.5400085449219,333.6400146484375
2024-07-05,332.7099914550781,335.9200134277344,331.6400146484375,334.5799865722656
2024-07-08,335.8800048828125,340.760009765625,335.0,339.6000061035156
2024-07-09,338.95001220703125,339.260009765625,335.57000732421875,337.0899963378906
2024-07-10,338.6400146484375,344.2900085449219,337.6199951171875,344.17999267578125
2024-07-11,350.7799987792969,354.1300048828125,345.0,353.7900085449219
2024-07-12,355.0,363.95001220703125,354.0899963378906,359.7699890136719
2024-07-15,359.1400146484375,361.17999267578125,355.0299987792969,358.4599914550781
2024-07-16,360.05999755859375,369.4200134277344,359.5,369.1199951171875
2024-07-17,366.6400146484375,375.19000244140625,365.4200134277344,371.8900146484375
2024-07-18,369.8999938964844,375.739990234375,365.7799987792969,366.0799865722656
2024-07-19,366.42999267578125,367.6000061035156,361.95001220703125,363.3599853515625
2024-07-22,364.5,367.2799987792969,361.0799865722656,363.25
2024-07-23,365.42999267578125,365.42999267578125,359.3800048828125,359.6199951171875
2024-07-24,358.92999267578125,361.45001220703125,350.0,350.30999755859375
2024-07-25,350.20001220703125,358.8299865722656,349.3299865722656,353.2900085449219
2024-07-26,355.010009765625,361.6700134277344,355.010009765625,359.510009765625
2024-07-29,359.2099914550781,362.8900146484375,358.95001220703125,361.6700134277344
2024-07-30,362.82000732421875,364.69000244140625,359.260009765625,363.69000244140625
2024-07-31,365.0,372.489990234375,363.0400085449219,368.1600036621094
2024-08-01,369.989990234375,371.4800109863281,353.75,358.5799865722656
2024-08-02,354.92999267578125,355.57000732421875,346.739990234375,355.42999267578125
2024-08-05,350.8800048828125,353.94000244140625,345.239990234375,350.010009765625
2024-08-06,348.75,358.6600036621094,347.2799987792969,353.9100036621094
2024-08-07,355.17999267578125,356.2699890136719,342.2799987792969,342.3999938964844
2024-08-08,342.239990234375,348.739990234375,341.3399963378906,348.3399963378906
2024-08-09,347.8900146484375,351.5299987792969,345.3999938964844,348.6400146484375
2024-08-12,350.7699890136719,351.5,342.1300048828125,345.80999755859375
2024-08-13,341.8699951171875,353.3900146484375,339.3699951171875,350.07000732421875
2024-08-14,349.54998779296875,359.69000244140625,349.3999938964844,355.6600036621094
2024-08-15,362.4599914550781,365.4100036621094,358.1400146484375,360.07000732421875
2024-08-16,359.9700012207031,363.70001220703125,359.9700012207031,362.05999755859375
2024-08-19,362.5,364.69000244140625,362.1000061035156,363.07000732421875
2024-08-20,360.6499938964844,367.6400146484375,360.5,367.2699890136719
2024-08-21,369.45001220703125,372.8699951171875,368.5199890136719,370.4599914550781
2024-08-22,371.5,372.4599914550781,364.6099853515625,365.3599853515625
2024-08-23,366.6600036621094,376.32000732421875,365.19000244140625,375.5899963378906
2024-08-26,377.0799865722656,378.5799865722656,373.3699951171875,374.1099853515625
2024-08-27,373.489990234375,374.2799987792969,371.0,373.17999267578125
2024-08-28,373.0,375.4100036621094,370.20001220703125,372.69000244140625
2024-08-29,372.6099853515625,373.32000732421875,366.92999267578125,367.05999755859375
2024-08-30,369.239990234375,370.4100036621094,364.8800048828125,368.5
2024-09-03,367.8999938964844,369.3800048828125,362.8999938964844,364.739990234375
2024-09-04,364.1700134277344,365.92999267578125,360.010009765625,364.6700134277344
2024-09-05,364.8999938964844,365.1499938964844,357.5799865722656,361.8500061035156
2024-09-06,362.9200134277344,365.44000244140625,359.4200134277344,360.04998779296875
2024-09-09,362.760009765625,366.1600036621094,360.0299987792969,365.5199890136719
2024-09-10,365.70001220703125,371.55999755859375,362.4800109863281,370.8699951171875
2024-09-11,369.54998779296875,371.2099914550781,362.1400146484375,370.489990234375
2024-09-12,371.94000244140625,374.989990234375,370.55999755859375,374.42999267578125
2024-09-13,375.55999755859375,382.0,375.510009765625,379.989990234375
2024-09-16,382.0,384.0,379.5299987792969,382.010009765625
2024-09-17,383.42999267578125,387.94000244140625,381.67999267578125,383.239990234375
2024-09-18,384.0899963378906,392.6700134277344,381.07000732421875,384.010009765625
2024-09-19,390.8399963378906,391.8699951171875,387.010009765625,390.3399963378906
2024-09-20,388.3299865722656,391.8299865722656,387.0,389.8599853515625
2024-09-23,390.8299865722656,392.6499938964844,387.260009765625,391.9599914550781
2024-09-24,394.70001220703125,401.1099853515625,393.6300048828125,400.6600036621094
2024-09-25,400.6600036621094,400.6600036621094,395.6199951171875,396.92999267578125
2024-09-26,399.5,400.0,395.489990234375,396.70001220703125
2024-09-27,399.6499938964844,403.5400085449219,398.30999755859375,399.5299987792969
2024-09-30,400.20001220703125,405.30999755859375,399.0199890136719,405.20001220703125
2024-10-01,404.0199890136719,410.55999755859375,401.4100036621094,409.04998779296875
2024-10-02,407.70001220703125,411.4599914550781,404.9599914550781,411.260009765625
2024-10-03,409.0,412.9700012207031,406.79998779296875,411.5799865722656
2024-10-04,410.07000732421875,411.82000732421875,399.45001220703125,408.3599853515625
2024-10-07,404.8900146484375,409.80999755859375,401.239990234375,408.05999755859375
2024-10-08,409.79998779296875,415.2900085449219,408.44000244140625,414.17999267578125
2024-10-09,420.0,420.0299987792969,410.75,416.07000732421875
2024-10-10,409.7200012207031,414.4800109863281,407.6300048828125,409.9599914550781
2024-10-11,410.55999755859375,413.1400146484375,408.8399963378906,411.8999938964844
2024-10-14,411.4800109863281,416.4200134277344,411.29998779296875,415.4200134277344
2024-10-15,417.95001220703125,421.55999755859375,415.0199890136719,415.5799865722656
2024-10-16,413.8699951171875,418.739990234375,413.8699951171875,418.6099853515625
2024-10-17,418.6099853515625,419.0,414.55999755859375,415.6000061035156
2024-10-18,416.6499938964844,416.6600036621094,413.239990234375,415.0
2024-10-21,416.07000732421875,416.55999755859375,404.3699951171875,406.3999938964844
2024-10-22,398.5,402.95001220703125,396.2099914550781,401.8500061035156
2024-10-23,400.55999755859375,404.2799987792969,396.69000244140625,399.6400146484375
2024-10-24,402.2900085449219,404.20001220703125,398.0899963378906,402.67999267578125
2024-10-25,403.5199890136719,403.5199890136719,397.8299865722656,398.9100036621094
2024-10-28,403.45001220703125,405.8399963378906,401.95001220703125,402.8900146484375
2024-10-29,393.94000244140625,399.1099853515625,389.04998779296875,395.07000732421875
2024-10-30,395.0,397.69000244140625,391.94000244140625,392.5199890136719
2024-10-31,390.5,395.6700134277344,390.5,393.75
2024-11-01,394.79998779296875,398.7099914550781,392.010009765625,392.5899963378906
2024-11-04,391.95001220703125,400.4800109863281,391.07000732421875,395.57000732421875
2024-11-05,394.9700012207031,400.2300109863281,393.8599853515625,400.0899963378906
2024-11-06,394.0400085449219,394.0400085449219,381.7200012207031,388.3699951171875
2024-11-07,391.0,399.760009765625,390.79998779296875,399.44000244140625
2024-11-08,404.0,406.3999938964844,402.29998779296875,405.8999938964844
2024-11-11,407.7699890136719,411.6000061035156,405.8299865722656,408.2900085449219
2024-11-12,414.25,416.0199890136719,402.19000244140625,403.0799865722656
2024-11-13,409.1300048828125,412.739990234375,406.7200012207031,410.19000244140625
2024-11-14,408.0,411.5,404.3900146484375,405.7200012207031
2024-11-15,402.8999938964844,408.9100036621094,402.8999938964844,408.17999267578125
2024-11-18,405.5,412.5400085449219,403.95001220703125,410.44000244140625
2024-11-19,408.3800048828125,409.1600036621094,399.3599853515625,406.79998779296875
2024-11-20,406.0,406.70001220703125,399.9200134277344,400.0
2024-11-21,401.3299865722656,411.3900146484375,400.3800048828125,410.45001220703125
2024-11-22,412.0899963378906,420.1400146484375,410.95001220703125,420.0
2024-11-25,425.0,430.25,424.4599914550781,428.6700134277344
2024-11-26,428.6000061035156,439.3699951171875,424.70001220703125,429.5199890136719
2024-11-27,428.6000061035156,430.1000061035156,425.9599914550781,427.19000244140625
2024-11-29,428.55999755859375,431.0,427.5400085449219,429.1300048828125
2024-12-02,429.0,430.3999938964844,423.1600036621094,426.9599914550781
2024-12-03,429.7300109863281,430.67999267578125,423.32000732421875,429.3500061035156
2024-12-04,426.4100036621094,428.8299865722656,425.5,427.9200134277344
2024-12-05,426.6000061035156,429.760009765625,425.8800048828125,426.5400085449219
2024-12-06,428.70001220703125,435.75,427.010009765625,431.3699951171875
2024-12-09,432.3500061035156,436.3599853515625,428.0299987792969,429.17999267578125
2024-12-10,426.8999938964844,427.30999755859375,421.4100036621094,422.5899963378906
2024-12-11,425.2300109863281,428.0,421.260009765625,421.3800048828125
2024-12-12,421.42999267578125,422.75,413.17999267578125,414.4200134277344
2024-12-13,415.7699890136719,418.1400146484375,414.17999267578125,416.9800109863281
2024-12-16,417.8500061035156,418.4800109863281,410.69000244140625,410.7099914550781
2024-12-17,410.0,410.3999938964844,406.2300109863281,408.4700012207031
2024-12-18,407.0,410.7099914550781,393.3800048828125,393.82000732421875
2024-12-19,394.739990234375,395.1400146484375,384.8900146484375,385.0199890136719
2024-12-20,383.3699951171875,393.2900085449219,383.04998779296875,392.6000061035156
2024-12-23,391.1000061035156,393.239990234375,387.0299987792969,392.45001220703125
2024-12-24,392.1300048828125,396.1400146484375,390.5,396.1400146484375
2024-12-26,392.5199890136719,395.7799987792969,391.6199951171875,395.1400146484375
2024-12-27,392.1400146484375,395.4700012207031,391.3699951171875,392.8599853515625
2024-12-30,390.5299987792969,391.2099914550781,385.67999267578125,389.42999267578125
2024-12-31,390.010009765625,391.4599914550781,387.29998779296875,388.989990234375
2025-01-02,392.1300048828125,392.6700134277344,386.3800048828125,388.4599914550781
2025-01-03,389.82000732421875,391.010009765625,385.80999755859375,389.17999267578125
2025-01-06,390.5,393.989990234375,388.0299987792969,389.3699951171875
2025-01-07,390.8999938964844,391.8999938964844,383.1000061035156,384.2300109863281
2025-01-08,383.0,387.69000244140625,380.1000061035156,387.20001220703125
2025-01-10,388.9100036621094,392.9100036621094,384.6199951171875,389.8900146484375
2025-01-13,389.989990234375,395.8599853515625,387.70001220703125,389.17999267578125
2025-01-14,390.5899963378906,394.20001220703125,389.6300048828125,392.7799987792969
2025-01-15,406.6499938964844,408.0,401.760009765625,406.0899963378906
2025-01-16,406.2699890136719,410.1099853515625,403.9200134277344,409.3299865722656
2025-01-17,413.489990234375,414.45001220703125,408.5299987792969,409.3800048828125
2025-01-21,413.0,420.2200012207031,413.0,418.42999267578125
2025-01-22,417.54998779296875,417.54998779296875,409.3299865722656,410.1000061035156
2025-01-23,411.57000732421875,414.69000244140625,408.75,414.3900146484375
2025-01-24,414.0899963378906,415.010009765625,410.760009765625,414.5
2025-01-27,414.8999938964844,426.19000244140625,414.0,424.8699951171875
2025-01-28,423.239990234375,423.239990234375,416.70001220703125,418.8299865722656
2025-01-29,420.2200012207031,421.3699951171875,411.7900085449219,413.4200134277344
2025-01-30,416.4100036621094,417.32000732421875,411.5199890136719,414.5
2025-01-31,413.1700134277344,416.3800048828125,410.32000732421875,411.9800109863281
2025-02-03,406.1199951171875,411.8999938964844,401.010009765625,408.760009765625
2025-02-04,409.510009765625,412.5799865722656,406.0899963378906,411.489990234375
2025-02-05,415.1499938964844,415.1499938964844,408.1400146484375,413.82000732421875
2025-02-06,414.9100036621094,417.7900085449219,413.0,414.1600036621094
2025-02-07,413.20001220703125,414.2900085449219,406.5,407.3699951171875
2025-02-10,410.6400146484375,414.95001220703125,408.7900085449219,413.989990234375
2025-02-11,414.0,416.57000732421875,412.739990234375,416.3599853515625
2025-02-12,408.5799865722656,409.6499938964844,402.1199951171875,407.1400146484375
2025-02-13,408.7099914550781,412.9800109863281,407.489990234375,412.42999267578125
2025-02-14,415.0,418.0,408.55999755859375,409.5
2025-02-18,408.30999755859375,408.8699951171875,400.2200012207031,403.30999755859375
2025-02-19,397.2200012207031,398.6400146484375,392.94000244140625,395.42999267578125
2025-02-20,393.0,394.760009765625,391.1000061035156,394.6400146484375
2025-02-21,396.3999938964844,397.82000732421875,383.8999938964844,385.29998779296875
2025-02-24,386.0899963378906,386.54998779296875,378.20001220703125,382.4200134277344
2025-02-25,385.0,401.010009765625,384.19000244140625,393.2900085449219
2025-02-26,395.239990234375,398.8699951171875,388.55999755859375,390.4800109863281
2025-02-27,389.9100036621094,395.4700012207031,388.3299865722656,390.2699890136719
2025-02-28,394.4200134277344,396.8699951171875,390.2799987792969,396.6000061035156
2025-03-03,396.95001220703125,397.07000732421875,386.4700012207031,389.69000244140625
2025-03-04,386.1499938964844,387.9599914550781,378.8999938964844,381.67999267578125
2025-03-05,379.0,387.1199951171875,378.010009765625,386.3500061035156
2025-03-06,383.5,387.760009765625,380.7300109863281,381.7300109863281
2025-03-07,379.5,380.6499938964844,368.8999938964844,376.79998779296875
2025-03-10,377.44000244140625,383.1199951171875,372.6099853515625,374.6499938964844
2025-03-11,374.2200012207031,374.92999267578125,365.7300109863281,368.1600036621094
2025-03-12,371.9700012207031,372.0,361.75,364.7300109863281
2025-03-13,361.9100036621094,362.0,345.260009765625,347.25
2025-03-14,350.6499938964844,351.3900146484375,345.4200134277344,351.30999755859375
2025-03-17,351.760009765625,355.54998779296875,350.9599914550781,354.1300048828125
2025-03-18,353.5299987792969,353.8900146484375,347.5899963378906,349.57000732421875
2025-03-19,352.0,354.42999267578125,348.989990234375,353.4200134277344
2025-03-20,354.69000244140625,361.7699890136719,352.20001220703125,355.5199890136719
2025-03-21,352.0899963378906,353.3900146484375,346.2799987792969,351.1499938964844
2025-03-24,354.6199951171875,364.42999267578125,354.2799987792969,363.7699890136719
2025-03-25,361.5299987792969,363.6499938964844,358.5400085449219,360.989990234375
2025-03-26,360.3900146484375,364.7300109863281,360.1199951171875,362.1300048828125
2025-03-27,361.8999938964844,365.2099914550781,361.1499938964844,362.7300109863281
2025-03-28,363.1600036621094,363.20001220703125,356.1700134277344,358.1499938964844
2025-03-31,353.5,368.739990234375,352.6499938964844,366.489990234375
2025-04-01,364.1400146484375,367.2900085449219,361.9200134277344,365.5199890136719
2025-04-02,362.55999755859375,372.30999755859375,362.260009765625,370.8900146484375
2025-04-03,355.7799987792969,360.0400085449219,351.7099914550781,355.9100036621094
2025-04-04,350.7099914550781,365.44000244140625,349.0400085449219,353.8999938964844
2025-04-07,344.29998779296875,354.2200012207031,333.5,341.510009765625
2025-04-08,350.3800048828125,354.0,329.739990234375,335.239990234375
2025-04-09,328.6000061035156,356.0400085449219,326.30999755859375,355.3900146484375
2025-04-10,352.8500061035156,355.2900085449219,339.6600036621094,353.6199951171875
2025-04-11,350.30999755859375,354.4700012207031,344.20001220703125,353.8599853515625
2025-04-14,357.79998779296875,359.0199890136719,353.6000061035156,357.20001220703125
2025-04-15,356.55999755859375,361.44000244140625,353.32000732421875,354.1099853515625
2025-04-16,351.8399963378906,353.79998779296875,344.32000732421875,345.989990234375
2025-04-17,348.54998779296875,357.5,348.3699951171875,355.05999755859375
2025-04-21,354.2900085449219,354.3599853515625,341.79998779296875,346.8999938964844
2025-04-22,351.1600036621094,356.2200012207031,350.4200134277344,354.42999267578125
2025-04-23,361.9200134277344,364.8399963378906,354.8500061035156,356.4200134277344
2025-04-24,356.5,360.3999938964844,354.6099853515625,359.6400146484375
2025-04-25,357.70001220703125,359.0,354.739990234375,357.5799865722656
2025-04-28,357.989990234375,360.1000061035156,354.510009765625,356.9200134277344
2025-04-29,355.8900146484375,360.5799865722656,354.7300109863281,359.0
2025-04-30,356.5,361.2699890136719,352.3800048828125,360.489990234375
2025-05-01,360.30999755859375,362.8800048828125,357.7200012207031,358.29998779296875
2025-05-02,362.0799865722656,366.2300109863281,361.1600036621094,364.5199890136719
2025-05-05,362.1300048828125,364.260009765625,359.7300109863281,361.7300109863281
2025-05-06,358.67999267578125,362.2699890136719,357.1300048828125,359.3800048828125
2025-05-07,360.4800109863281,363.7799987792969,359.760009765625,362.75
2025-05-08,364.010009765625,369.30999755859375,362.260009765625,364.8599853515625
2025-05-09,362.1300048828125,365.57000732421875,361.5,362.7099914550781
2025-05-12,375.0,378.7200012207031,373.4800109863281,376.5899963378906
2025-05-13,381.0,381.0,372.95001220703125,373.6000061035156
2025-05-14,371.8999938964844,375.7900085449219,370.8299865722656,372.80999755859375
2025-05-15,372.1000061035156,379.3299865722656,371.5199890136719,378.6300048828125
2025-05-16,380.2300109863281,381.1700134277344,378.1499938964844,380.7799987792969
2025-05-19,374.19000244140625,381.1600036621094,374.1600036621094,379.3800048828125
2025-05-20,386.3699951171875,389.75,374.04998779296875,377.04998779296875
2025-05-21,377.9800109863281,378.3299865722656,368.6000061035156,370.8399963378906
2025-05-22,368.0,369.2300109863281,364.57000732421875,366.1300048828125
2025-05-23,362.3800048828125,364.7200012207031,361.1499938964844,362.7099914550781
2025-05-27,365.8900146484375,370.54998779296875,365.1600036621094,370.3999938964844
2025-05-28,368.82000732421875,371.1499938964844,367.42999267578125,368.05999755859375
2025-05-29,370.0,370.3500061035156,364.05999755859375,368.2900085449219
2025-05-30,367.04998779296875,369.6400146484375,365.1199951171875,368.2900085449219
2025-06-02,365.1499938964844,368.0400085449219,361.8399963378906,367.9599914550781
2025-06-03,367.9599914550781,373.5400085449219,367.0,373.0799865722656
2025-06-04,373.0799865722656,375.3699951171875,371.6600036621094,372.3999938964844
2025-06-05,370.989990234375,371.55999755859375,367.510009765625,369.2799987792969
2025-06-06,371.510009765625,372.6499938964844,365.9700012207031,367.3299865722656
2025-06-09,367.32000732421875,367.3500061035156,364.3599853515625,365.20001220703125
2025-06-10,365.94000244140625,368.54998779296875,362.54998779296875,367.9100036621094
2025-06-11,369.1400146484375,369.1400146484375,359.30999755859375,360.4599914550781
2025-06-12,360.80999755859375,365.07000732421875,358.510009765625,363.1600036621094
2025-06-13,360.0,362.7900085449219,352.79998779296875,354.6600036621094
2025-06-16,355.8800048828125,357.1099853515625,351.8999938964844,353.55999755859375
2025-06-17,351.94000244140625,354.2900085449219,347.4100036621094,348.7799987792969
2025-06-18,350.0799865722656,350.8999938964844,345.79998779296875,347.0299987792969
2025-06-20,347.489990234375,351.2099914550781,346.82000732421875,349.6199951171875
2025-06-23,349.9700012207031,357.07000732421875,348.5199890136719,356.9599914550781
2025-06-24,356.6700134277344,361.7099914550781,355.7799987792969,360.4200134277344
2025-06-25,359.1199951171875,363.6000061035156,358.3399963378906,361.8599853515625
2025-06-26,363.2200012207031,365.2300109863281,360.6000061035156,363.5
2025-06-27,363.6099853515625,370.1499938964844,363.0,368.739990234375
2025-06-30,369.2799987792969,370.95001220703125,364.7200012207031,366.6400146484375
2025-07-01,364.3399963378906,379.69000244140625,362.95001220703125,373.1600036621094
2025-07-02,373.6499938964844,373.9700012207031,369.3699951171875,371.8500061035156
2025-07-03,371.80999755859375,373.17999267578125,368.3299865722656,371.67999267578125
2025-07-07,371.0,372.7900085449219,364.7300109863281,367.6400146484375
2025-07-08,366.0199890136719,370.3999938964844,365.1099853515625,367.5
2025-07-09,367.510009765625,371.07000732421875,364.7900085449219,371.0400085449219
2025-07-10,369.0,377.94000244140625,368.510009765625,373.29998779296875
2025-07-11,370.3599853515625,371.79998779296875,367.1099853515625,370.07000732421875
2025-07-14,370.4800109863281,371.2900085449219,366.45001220703125,370.1099853515625
2025-07-15,369.9800109863281,370.75,358.5199890136719,358.6400146484375
2025-07-16,359.8599853515625,360.95001220703125,352.4599914550781,357.3999938964844
2025-07-17,356.5400085449219,360.32000732421875,354.6600036621094,359.0400085449219
2025-07-18,359.9800109863281,360.6000061035156,356.9700012207031,359.3999938964844
2025-07-21,360.7200012207031,365.7799987792969,359.8399963378906,364.0400085449219
2025-07-22,364.4800109863281,372.20001220703125,363.7200012207031,371.010009765625
2025-07-23,371.70001220703125,377.8800048828125,371.54998779296875,376.3500061035156
2025-07-24,375.4800109863281,377.8800048828125,372.260009765625,373.0899963378906
2025-07-25,374.6600036621094,375.989990234375,373.04998779296875,375.3399963378906
2025-07-28,373.739990234375,381.0799865722656,372.9800109863281,377.2300109863281
2025-07-29,377.0,379.7300109863281,374.7699890136719,377.3399963378906
2025-07-30,377.67999267578125,378.5299987792969,369.6300048828125,372.0799865722656
2025-07-31,369.1700134277344,372.80999755859375,366.8399963378906,367.510009765625
2025-08-01,367.82000732421875,374.79998779296875,365.75,373.6600036621094
2025-08-04,374.8399963378906,381.8999938964844,373.69000244140625,380.82000732421875
2025-08-05,381.8599853515625,386.94000244140625,380.9599914550781,385.4100036621094
2025-08-06,386.0799865722656,388.92999267578125,384.5199890136719,386.79998779296875
2025-08-07,388.6199951171875,391.45001220703125,383.3599853515625,386.1700134277344
2025-08-08,387.0799865722656,389.2900085449219,386.20001220703125,387.8500061035156
2025-08-11,389.9800109863281,391.5199890136719,383.29998779296875,387.5299987792969
2025-08-12,391.4200134277344,396.3800048828125,389.0,396.0
2025-08-13,399.489990234375,407.82000732421875,398.75,407.17999267578125
2025-08-14,401.20001220703125,403.6099853515625,399.3599853515625,400.32000732421875
2025-08-15,402.2099914550781,402.7900085449219,395.42999267578125,399.3800048828125
2025-08-18,396.57000732421875,398.1400146484375,392.510009765625,394.70001220703125
2025-08-19,401.0199890136719,414.3599853515625,401.0199890136719,407.20001220703125
2025-08-20,409.67999267578125,411.1700134277344,401.6700134277344,401.739990234375
2025-08-21,399.9100036621094,404.42999267578125,396.1700134277344,397.70001220703125
2025-08-22,400.8699951171875,414.5,398.30999755859375,412.7900085449219
2025-08-25,410.3599853515625,411.07000732421875,407.54998779296875,408.8999938964844
2025-08-26,408.0,409.0400085449219,404.7099914550781,407.5400085449219
2025-08-27,408.7900085449219,411.69000244140625,407.20001220703125,408.239990234375
2025-08-28,407.0,408.95001220703125,404.80999755859375,407.45001220703125
2025-08-29,407.7300109863281,408.8999938964844,405.3999938964844,406.7699890136719
2025-09-02,403.67999267578125,408.5899963378906,402.75,406.30999755859375
2025-09-03,404.94000244140625,409.0199890136719,403.57000732421875,407.7099914550781
2025-09-04,408.510009765625,413.2200012207031,407.20001220703125,411.69000244140625
2025-09-05,416.5899963378906,420.3999938964844,414.0199890136719,418.95001220703125
2025-09-08,418.5,420.5799865722656,415.75,419.94000244140625
2025-09-09,418.1199951171875,418.7200012207031,412.75,415.3399963378906
2025-09-10,415.5199890136719,417.42999267578125,411.739990234375,413.2300109863281
2025-09-11,415.70001220703125,425.2200012207031,414.25,423.4200134277344
2025-09-12,420.2699890136719,423.510009765625,418.8800048828125,422.69000244140625
2025-09-15,422.4700012207031,423.29998779296875,417.75,422.7099914550781
2025-09-16,423.75,424.5299987792969,420.0899963378906,421.45001220703125
2025-09-17,424.44000244140625,426.75,415.80999755859375,417.0
2025-09-18,417.54998779296875,421.3900146484375,415.8599853515625,417.4800109863281
2025-09-19,417.3699951171875,418.5799865722656,415.1000061035156,415.69000244140625
2025-09-22,414.1099853515625,414.8800048828125,411.1300048828125,412.0
2025-09-23,412.0,413.7300109863281,407.4599914550781,410.9100036621094
2025-09-24,406.7900085449219,410.6499938964844,405.010009765625,409.7699890136719
2025-09-25,406.6499938964844,410.8599853515625,405.6099853515625,407.45001220703125
2025-09-26,408.1600036621094,411.4100036621094,405.8399963378906,410.0899963378906
2025-09-29,410.04998779296875,410.95001220703125,403.8500061035156,406.79998779296875
2025-09-30,406.6300048828125,407.0,403.4800109863281,405.19000244140625
2025-10-01,404.3900146484375,405.1300048828125,395.30999755859375,397.0199890136719
2025-10-02,395.5,397.3800048828125,393.7900085449219,395.010009765625
2025-10-03,394.1300048828125,397.32000732421875,392.6300048828125,395.05999755859375
2025-10-06,394.5,394.5,385.7200012207031,389.3299865722656
2025-10-07,389.45001220703125,389.75,385.510009765625,386.80999755859375
2025-10-08,386.4599914550781,386.4599914550781,382.9800109863281,383.7900085449219
2025-10-09,382.8999938964844,384.3599853515625,377.4599914550781,377.69000244140625
2025-10-10,380.260009765625,380.260009765625,374.7799987792969,375.75
2025-10-13,379.07000732421875,382.30999755859375,377.19000244140625,379.3699951171875
2025-10-14,378.8699951171875,388.8900146484375,378.010009765625,387.7200012207031
2025-10-15,389.2300109863281,394.3699951171875,386.7300109863281,388.29998779296875
2025-10-16,389.6600036621094,390.0,383.9700012207031,387.3900146484375
2025-10-17,388.5,393.1099853515625,387.20001220703125,391.8999938964844
2025-10-20,391.4100036621094,393.17999267578125,388.0899963378906,388.8900146484375
2025-10-21,387.55999755859375,393.6300048828125,385.8599853515625,390.8999938964844
2025-10-22,391.25,393.04998779296875,388.1700134277344,388.9700012207031
2025-10-23,387.1300048828125,388.7200012207031,381.29998779296875,385.0299987792969
2025-10-24,389.70001220703125,389.70001220703125,385.6700134277344,386.67999267578125
2025-10-27,387.70001220703125,389.2900085449219,382.8999938964844,385.2699890136719
2025-10-28,384.4200134277344,390.010009765625,382.8299865722656,385.75
2025-10-29,383.0,385.0,375.20001220703125,378.0400085449219
2025-10-30,377.7099914550781,384.70001220703125,376.1099853515625,379.54998779296875
2025-10-31,376.9599914550781,380.94000244140625,375.010009765625,379.5899963378906
2025-11-03,377.010009765625,378.4800109863281,373.67999267578125,378.3500061035156
2025-11-04,377.3500061035156,383.67999267578125,376.75,383.0799865722656
2025-11-05,382.7900085449219,383.4200134277344,370.5299987792969,373.8399963378906
2025-11-06,371.82000732421875,372.6600036621094,367.54998779296875,369.07000732421875
2025-11-07,368.989990234375,373.6499938964844,367.57000732421875,371.1099853515625
2025-11-10,369.7900085449219,370.6600036621094,363.45001220703125,370.42999267578125
2025-11-11,371.989990234375,376.0,370.9100036621094,374.239990234375
2025-11-12,372.05999755859375,373.55999755859375,369.010009765625,371.1300048828125
2025-11-13,371.6600036621094,373.5199890136719,366.6199951171875,368.07000732421875
2025-11-14,365.9100036621094,367.3299865722656,359.79998779296875,362.3599853515625
2025-11-17,361.1300048828125,363.7799987792969,356.1000061035156,358.0299987792969
2025-11-18,339.9800109863281,348.79998779296875,336.010009765625,336.4800109863281
2025-11-19,340.9700012207031,341.75,331.3699951171875,334.5
2025-11-20,336.3599853515625,338.8999938964844,332.1300048828125,332.3800048828125
2025-11-21,334.57000732421875,346.9200134277344,333.0,343.32000732421875
2025-11-24,342.20001220703125,343.7099914550781,336.54998779296875,336.5799865722656
2025-11-25,339.0,353.0,338.8500061035156,351.07000732421875
2025-11-26,350.260009765625,357.3299865722656,349.0,355.4700012207031
2025-11-28,354.92999267578125,357.8299865722656,353.5,356.9200134277344
2025-12-01,354.04998779296875,362.2900085449219,352.8800048828125,357.3299865722656
2025-12-02,356.8299865722656,357.5,351.29998779296875,354.0299987792969
2025-12-03,354.5,360.4700012207031,353.75,357.9100036621094
2025-12-04,356.2900085449219,357.510009765625,350.0,351.1700134277344
2025-12-05,350.6499938964844,355.6199951171875,349.5299987792969,354.6099853515625
2025-12-08,351.95001220703125,352.0899963378906,345.70001220703125,349.9100036621094
2025-12-09,347.760009765625,356.6700134277344,344.9599914550781,345.2699890136719
2025-12-10,344.1000061035156,352.0199890136719,344.0,351.1300048828125
2025-12-11,356.0,362.7200012207031,353.94000244140625,357.4599914550781
2025-12-12,359.260009765625,360.760009765625,356.04998779296875,359.6499938964844
2025-12-15,359.3900146484375,362.6700134277344,355.6199951171875,356.989990234375
2025-12-16,356.8999938964844,358.739990234375,351.80999755859375,352.67999267578125
2025-12-17,351.9700012207031,357.5,350.9800109863281,356.75
2025-12-18,363.5400085449219,366.29998779296875,354.55999755859375,354.989990234375
2025-12-19,354.1099853515625,354.1099853515625,344.9200134277344,345.0
2025-12-22,345.30999755859375,347.8999938964844,343.70001220703125,346.3900146484375
2025-12-23,344.0,347.5,341.94000244140625,344.9700012207031
2025-12-24,344.3399963378906,348.260009765625,343.8999938964844,347.3399963378906
2025-12-26,346.989990234375,350.04998779296875,346.57000732421875,349.7799987792969
2025-12-29,350.0,350.32000732421875,344.75,347.45001220703125
2025-12-30,346.0299987792969,346.9800109863281,343.7200012207031,346.3500061035156
2025-12-31,345.5,346.7099914550781,343.9700012207031,344.1000061035156
2026-01-02,343.42999267578125,348.489990234375,340.9200134277344,345.82000732421875
2026-01-05,342.70001220703125,347.3500061035156,341.25,344.0899963378906
2026-01-06,341.5,350.67999267578125,337.7099914550781,349.2900085449219
2026-01-07,353.3399963378906,358.5,349.0299987792969,349.05999755859375
2026-01-08,345.30999755859375,363.239990234375,344.1000061035156,359.55999755859375
2026-01-09,363.5,375.489990234375,361.30999755859375,374.6400146484375
2026-01-12,374.6400146484375,376.4200134277344,369.25,374.94000244140625
2026-01-13,375.8699951171875,380.17999267578125,370.82000732421875,379.739990234375
2026-01-14,376.69000244140625,380.0899963378906,373.9700012207031,375.95001220703125
2026-01-15,376.0199890136719,380.17999267578125,374.4599914550781,379.1600036621094
2026-01-16,379.25,382.7699890136719,377.510009765625,380.1700134277344
2026-01-20,372.239990234375,377.3399963378906,371.29998779296875,375.1099853515625
2026-01-21,375.79998779296875,385.9200134277344,374.67999267578125,384.6400146484375
2026-01-22,386.45001220703125,390.6000061035156,380.5299987792969,381.0299987792969
2026-01-23,381.5,384.3699951171875,379.2099914550781,383.7699890136719
2026-01-26,385.0,387.4200134277344,381.95001220703125,386.5299987792969
2026-01-27,384.95001220703125,386.5,378.2699890136719,380.3599853515625
2026-01-28,380.2099914550781,381.0,373.6499938964844,375.29998779296875
2026-01-29,374.8999938964844,377.0899963378906,370.1499938964844,371.80999755859375
2026-01-30,372.4100036621094,375.1199951171875,368.54998779296875,374.5899963378906
2026-02-02,374.239990234375,379.6499938964844,368.239990234375,378.1199951171875
2026-02-03,377.2900085449219,391.7799987792969,377.0,381.1000061035156
2026-02-04,384.5899963378906,390.5299987792969,384.3599853515625,387.20001220703125
2026-02-05,386.67999267578125,387.0,380.8299865722656,382.3699951171875
2026-02-06,381.3399963378906,386.3699951171875,379.1000061035156,385.1499938964844
2026-02-09,384.3599853515625,385.7799987792969,378.20001220703125,381.0
2026-02-10,383.80999755859375,391.739990234375,381.94000244140625,389.67999267578125
2026-02-11,385.0,391.4200134277344,382.0799865722656,390.67999267578125
2026-02-12,393.54998779296875,397.6300048828125,389.0,390.2200012207031
2026-02-13,390.20001220703125,394.0,387.1000061035156,391.04998779296875
2026-02-17,392.2300109863281,394.0,380.5,383.0400085449219
2026-02-18,382.75,385.1199951171875,379.5400085449219,383.5199890136719
2026-02-19,383.739990234375,383.739990234375,377.3900146484375,378.5799865722656
2026-02-20,377.45001220703125,384.82000732421875,375.95001220703125,382.25
2026-02-23,380.989990234375,384.1400146484375,369.5799865722656,376.989990234375
2026-02-24,389.1099853515625,394.3500061035156,382.2099914550781,384.4800109863281
2026-02-25,381.07000732421875,381.44000244140625,371.3699951171875,375.57000732421875
2026-02-26,378.3999938964844,381.4800109863281,374.94000244140625,375.0899963378906
2026-02-27,373.8599853515625,382.19000244140625,372.3399963378906,380.7200012207031
2026-03-02,375.0,375.1099853515625,369.0,370.80999755859375
2026-03-03,363.7300109863281,368.7799987792969,360.1199951171875,366.9200134277344
2026-03-04,366.20001220703125,369.57000732421875,361.510009765625,369.1099853515625
2026-03-05,366.1199951171875,366.9800109863281,359.20001220703125,361.67999267578125
2026-03-06,357.5400085449219,359.45001220703125,353.2200012207031,357.9200134277344
2026-03-09,355.6000061035156,356.489990234375,345.6400146484375,353.55999755859375
2026-03-10,353.0400085449219,361.6400146484375,351.0199890136719,357.1499938964844
2026-03-11,355.4599914550781,356.32000732421875,349.1099853515625,350.8399963378906
2026-03-12,346.0400085449219,348.6700134277344,338.70001220703125,338.92999267578125
2026-03-13,341.69000244140625,343.4200134277344,338.0299987792969,339.0299987792969
2026-03-16,342.44000244140625,345.239990234375,340.6499938964844,342.5799865722656
2026-03-17,344.8900146484375,346.7799987792969,340.94000244140625,341.42999267578125
2026-03-18,338.6000061035156,339.79998779296875,330.1400146484375,330.92999267578125
2026-03-19,328.9599914550781,330.2300109863281,324.6300048828125,328.2099914550781
2026-03-20,327.75,330.2300109863281,320.260009765625,320.75
2026-03-23,331.989990234375,334.7200012207031,328.2099914550781,330.8999938964844
2026-03-24,325.8999938964844,332.5199890136719,323.0199890136719,330.9100036621094
2026-03-25,335.0,337.19000244140625,326.989990234375,332.510009765625
2026-03-26,331.44000244140625,334.1199951171875,326.5899963378906,328.42999267578125
2026-03-27,327.5,327.5400085449219,320.739990234375,321.6499938964844
2026-03-30,325.7200012207031,327.989990234375,322.5799865722656,323.5
2026-03-31,328.489990234375,331.44000244140625,323.4100036621094,328.8900146484375
2026-04-01,329.3699951171875,333.0899963378906,327.80999755859375,329.55999755859375
2026-04-02,323.6000061035156,326.29998779296875,318.6600036621094,321.6300048828125
2026-04-06,319.70001220703125,326.67999267578125,318.9200134277344,326.6499938964844
2026-04-07,323.0,324.3800048828125,315.30999755859375,318.7699890136719
2026-04-08,333.260009765625,338.7799987792969,332.25,336.1600036621094
2026-04-09,331.260009765625,340.57000732421875,328.45001220703125,339.5799865722656
2026-04-10,341.0400085449219,341.2300109863281,335.80999755859375,337.3399963378906
2026-04-13,335.5400085449219,341.44000244140625,331.92999267578125,341.1600036621094
2026-04-14,341.0,342.760009765625,338.3399963378906,342.7099914550781
2026-04-15,341.8500061035156,342.2699890136719,336.6199951171875,338.9100036621094
2026-04-16,339.989990234375,341.9800109863281,336.69000244140625,337.1499938964844
2026-04-17,342.8399963378906,352.0199890136719,342.8399963378906,349.3999938964844
2026-04-20,348.3399963378906,351.1700134277344,343.6199951171875,350.989990234375
2026-04-21,352.92999267578125,353.54998779296875,342.9700012207031,343.9200134277344
2026-04-22,343.95001220703125,345.239990234375,337.9200134277344,339.5
2026-04-23,339.5,340.8299865722656,336.8800048828125,340.1600036621094
2026-04-24,337.8800048828125,340.2699890136719,334.67999267578125,335.8900146484375
2026-04-27,334.4800109863281,337.3800048828125,332.1400146484375,332.29998779296875
2026-04-28,334.45001220703125,335.92999267578125,327.3599853515625,329.05999755859375
2026-04-29,325.6600036621094,325.8399963378906,319.04998779296875,322.80999755859375
2026-04-30,322.239990234375,330.1199951171875,322.239990234375,328.79998779296875
2026-05-01,330.1000061035156,330.5199890136719,323.3599853515625,323.8800048828125
2026-05-04,322.0799865722656,322.0799865722656,312.260009765625,312.4200134277344
2026-05-05,313.4100036621094,317.6300048828125,310.3999938964844,315.4200134277344
2026-05-06,321.9599914550781,325.239990234375,319.3500061035156,323.04998779296875
2026-05-07,325.010009765625,327.489990234375,322.42999267578125,322.6400146484375
2026-05-08,322.67999267578125,324.0,316.79998779296875,317.45001220703125
2026-05-11,316.5,317.1199951171875,309.7099914550781,311.3999938964844
2026-05-12,313.2300109863281,314.7799987792969,309.1099853515625,310.4599914550781
2026-05-13,307.6099853515625,307.69000244140625,299.2699890136719,302.54998779296875
2026-05-14,305.05999755859375,305.9800109863281,301.4200134277344,304.3500061035156
2026-05-15,300.30999755859375,302.92999267578125,296.8800048828125,297.510009765625
2026-05-18,299.25,303.7799987792969,297.29998779296875,299.80999755859375
2026-05-19,291.8699951171875,303.19000244140625,289.1000061035156,302.44000244140625
2026-05-20,301.05999755859375,311.010009765625,296.6700134277344,310.5799865722656
2026-05-21,306.3599853515625,313.989990234375,304.3800048828125,313.7799987792969
2026-05-22,314.5,314.9599914550781,311.4599914550781,313.07000732421875
2026-05-26,315.05999755859375,316.7900085449219,308.9599914550781,310.5400085449219
2026-05-27,314.75,321.0,314.510009765625,317.8500061035156
2026-05-28,317.45001220703125,321.8800048828125,315.1600036621094,321.2099914550781
2026-05-29,320.4800109863281,322.1000061035156,317.0,317.1400146484375
2026-06-01,315.1300048828125,315.8900146484375,307.69000244140625,310.69000244140625
2026-06-02,309.9800109863281,312.20001220703125,308.57000732421875,311.5199890136719
2026-06-03,307.94000244140625,313.5199890136719,307.1199951171875,312.9700012207031
2026-06-04,317.8299865722656,320.75,308.1099853515625,309.95001220703125
2026-06-05,310.8299865722656,314.04998779296875,308.6300048828125,310.7799987792969
2026-06-08,308.8800048828125,313.7699890136719,307.07000732421875,309.7099914550781
2026-06-09,311.3500061035156,322.8900146484375,310.2699890136719,321.3299865722656
2026-06-10,323.2699890136719,324.0,318.79998779296875,318.9200134277344
2026-06-11,322.2900085449219,327.0299987792969,318.54998779296875,326.010009765625
2026-06-12,328.5,331.0199890136719,325.2900085449219,328.3900146484375
2026-06-15,333.760009765625,338.0,329.5400085449219,329.82000732421875
2026-06-16,331.9100036621094,338.2699890136719,329.75,337.0899963378906
2026-06-17,336.010009765625,341.1499938964844,326.1700134277344,327.4800109863281
2026-06-18,331.70001220703125,338.0199890136719,330.8999938964844,334.2799987792969
2026-06-22,330.0,331.7300109863281,326.3399963378906,326.6199951171875
2026-06-23,323.8699951171875,329.0199890136719,321.70001220703125,324.45001220703125
2026-06-24,329.1199951171875,342.9599914550781,327.7099914550781,342.8599853515625
2026-06-25,342.25,348.6400146484375,341.82000732421875,345.0
2026-06-26,347.8999938964844,350.5,345.8500061035156,348.8599853515625
2026-06-29,348.8599853515625,351.3500061035156,345.5400085449219,350.80999755859375
2026-06-30,350.69000244140625,353.5,347.29998779296875,352.67999267578125
2026-07-01,353.9800109863281,357.1199951171875,350.8399963378906,350.8399963378906
2026-07-02,352.8399963378906,358.19000244140625,347.6499938964844,357.8999938964844
2026-07-06,357.82000732421875,358.8500061035156,345.79998779296875,350.6499938964844
2026-07-07,355.05999755859375,355.4200134277344,344.4800109863281,345.2099914550781
2026-07-08,337.989990234375,337.989990234375,330.6600036621094,336.2099914550781
2026-07-09,337.760009765625,340.7300109863281,335.6099853515625,338.7300109863281
2026-07-10,339.54998779296875,344.3999938964844,337.8999938964844,343.29998779296875
2026-07-13,344.0,345.1099853515625,335.42999267578125,337.1099853515625
2026-07-14,339.5199890136719,341.7449951171875,336.56500244140625,337.1499938964844
