Date,Open,High,Low,Close
2018-01-02,26.200000762939453,26.469999313354492,26.027999877929688,26.34600067138672
2018-01-03,26.399999618530273,26.649999618530273,26.347999572753906,26.582000732421875
2018-01-04,26.775999069213867,27.01799964904785,26.756000518798828,26.770000457763672
2018-01-05,26.989999771118164,27.025999069213867,26.780000686645508,27.00200080871582
2018-01-08,27.010000228881836,27.218000411987305,26.974000930786133,27.059999465942383
2018-01-09,27.1299991607666,27.280000686645508,26.923999786376953,27.09000015258789
2018-01-10,26.992000579833984,27.281999588012695,26.871999740600586,27.246000289916992
2018-01-11,27.31800079345703,27.555999755859375,27.24799919128418,27.516000747680664
2018-01-12,27.527999877929688,27.812000274658203,27.416000366210938,27.63800048828125
2018-01-16,28.263999938964844,28.332000732421875,27.841999053955078,27.95800018310547
2018-01-17,28.166000366210938,28.18600082397461,27.799999237060547,28.158000946044922
2018-01-18,28.149999618530273,28.29599952697754,28.0,28.22599983215332
2018-01-19,28.246000289916992,28.503999710083008,28.20400047302246,28.45400047302246
2018-01-22,28.465999603271484,28.81599998474121,28.351999282836914,28.780000686645508
2018-01-23,28.917999267578125,28.99799919128418,28.711999893188477,28.88599967956543
2018-01-24,28.884000778198242,29.333999633789062,28.874000549316406,29.08799934387207
2018-01-25,29.378000259399414,29.3799991607666,29.083999633789062,29.107999801635742
2018-01-26,29.43199920654297,29.964000701904297,29.275999069213867,29.947999954223633
2018-01-29,29.917999267578125,30.170000076293945,29.365999221801758,29.417999267578125
2018-01-30,29.214000701904297,29.488000869750977,29.125999450683594,29.31800079345703
2018-01-31,29.736000061035156,30.020000457763672,29.552000045776367,29.77400016784668
2018-02-01,30.351999282836914,31.308000564575195,30.266000747680664,30.562000274658203
2018-02-02,30.101999282836914,30.38800048828125,29.465999603271484,29.95199966430664
2018-02-05,29.45800018310547,31.399999618530273,29.086000442504883,29.47800064086914
2018-02-06,28.98200035095215,29.875999450683594,28.697999954223633,29.804000854492188
2018-02-07,29.724000930786133,30.805999755859375,29.61400032043457,30.634000778198242
2018-02-08,30.600000381469727,30.700000762939453,28.020000457763672,28.020000457763672
2018-02-09,28.42799949645996,29.351999282836914,27.520000457763672,29.031999588012695
2018-02-12,29.393999099731445,29.72599983215332,29.04800033569336,29.447999954223633
2018-02-13,29.20800018310547,29.663999557495117,29.11400032043457,29.510000228881836
2018-02-14,29.45400047302246,29.799999237060547,29.260000228881836,29.54800033569336
2018-02-15,29.790000915527344,30.558000564575195,29.559999465942383,30.507999420166016
2018-02-16,30.38599967956543,31.238000869750977,30.236000061035156,30.805999755859375
2018-02-20,30.579999923706055,31.625999450683594,30.4060001373291,31.351999282836914
2018-02-21,31.27199935913086,32.145999908447266,31.261999130249023,31.516000747680664
2018-02-22,31.555999755859375,31.86199951171875,31.13800048828125,31.209999084472656
2018-02-23,31.371999740600586,32.125999450683594,31.371999740600586,32.08000183105469
2018-02-26,32.15999984741211,32.52799987792969,31.93199920654297,32.11399841308594
2018-02-27,32.25400161743164,32.847999572753906,32.150001525878906,32.667999267578125
2018-02-28,32.65399932861328,33.13600158691406,32.17399978637695,32.20199966430664
2018-03-01,32.52399826049805,32.85200119018555,31.576000213623047,31.913999557495117
2018-03-02,31.729999542236328,33.41999816894531,31.506000518798828,33.33399963378906
2018-03-05,32.95199966430664,33.8380012512207,32.762001037597656,33.65999984741211
2018-03-06,33.880001068115234,34.38199996948242,33.68199920654297,34.2140007019043
2018-03-07,33.88999938964844,34.8380012512207,33.875999450683594,34.61199951171875
2018-03-08,34.93600082397461,35.130001068115234,34.47999954223633,34.597999572753906
2018-03-09,34.86800003051758,34.99800109863281,34.492000579833984,34.551998138427734
2018-03-12,34.551998138427734,35.18000030517578,34.3120002746582,34.88600158691406
2018-03-13,35.198001861572266,35.198001861572266,34.433998107910156,34.79199981689453
2018-03-14,35.07400131225586,35.3120002746582,34.698001861572266,35.06800079345703
2018-03-15,35.19200134277344,35.20000076293945,34.18199920654297,34.76599884033203
2018-03-16,34.9640007019043,35.0,33.81399917602539,33.99599838256836
2018-03-19,33.959999084472656,34.555999755859375,33.48400115966797,33.96200180053711
2018-03-20,33.9739990234375,34.67399978637695,33.84600067138672,34.422000885009766
2018-03-21,34.39799880981445,35.2400016784668,34.29999923706055,34.63800048828125
2018-03-22,34.268001556396484,34.566001892089844,33.599998474121094,33.75199890136719
2018-03-23,33.79600143432617,33.86000061035156,32.90399932861328,32.95399856567383
2018-03-26,33.709999084472656,34.40800094604492,33.56399917602539,34.290000915527344
2018-03-27,34.641998291015625,34.67599868774414,32.27199935913086,32.56399917602539
2018-03-28,32.599998474121094,32.80400085449219,31.43199920654297,31.93600082397461
2018-03-29,32.31999969482422,33.492000579833984,32.05400085449219,33.09000015258789
2018-04-02,32.88800048828125,33.16999816894531,31.847999572753906,32.32400131225586
2018-04-03,33.31999969482422,33.59400177001953,32.013999938964844,32.354000091552734
2018-04-04,31.299999237060547,32.99800109863281,31.200000762939453,32.9379997253418
2018-04-05,33.35599899291992,33.63199996948242,32.92399978637695,33.15399932861328
2018-04-06,32.79199981689453,33.375999450683594,32.24800109863281,32.5880012512207
2018-04-09,32.9119987487793,33.27000045776367,32.529998779296875,32.577999114990234
2018-04-10,33.25,33.486000061035156,32.42599868774414,33.316001892089844
2018-04-11,33.01599884033203,33.64799880981445,32.89400100708008,33.29999923706055
2018-04-12,33.34600067138672,34.034000396728516,33.30799865722656,33.7140007019043
2018-04-13,34.01599884033203,34.2599983215332,32.95800018310547,33.380001068115234
2018-04-16,33.70199966430664,34.14400100708008,33.45399856567383,33.88999938964844
2018-04-17,34.20000076293945,35.00600051879883,34.20000076293945,34.90800094604492
2018-04-18,35.077999114990234,35.108001708984375,34.242000579833984,34.86000061035156
2018-04-19,34.65800094604492,34.87200164794922,34.178001403808594,34.597999572753906
2018-04-20,34.3380012512207,34.5099983215332,33.58599853515625,33.779998779296875
2018-04-23,33.98400115966797,34.04600143432617,33.32400131225586,33.50199890136719
2018-04-24,33.8380012512207,33.922000885009766,31.634000778198242,32.13199996948242
2018-04-25,32.4900016784668,32.55799865722656,31.450000762939453,31.600000381469727
2018-04-26,32.0,33.52199935913086,31.236000061035156,33.03200149536133
2018-04-27,33.35599899291992,33.41999816894531,32.07400131225586,32.63600158691406
2018-04-30,32.63600158691406,33.38199996948242,32.63600158691406,33.22800064086914
2018-05-01,33.071998596191406,33.347999572753906,32.65399932861328,33.08399963378906
2018-05-02,32.9119987487793,33.582000732421875,32.8380012512207,33.099998474121094
2018-05-03,33.15800094604492,33.90800094604492,32.98400115966797,33.74599838256836
2018-05-04,33.7400016784668,34.61800003051758,33.492000579833984,34.24399948120117
2018-05-07,34.417999267578125,35.37799835205078,34.36800003051758,35.20399856567383
2018-05-08,34.52199935913086,35.22600173950195,34.145999908447266,35.20600128173828
2018-05-09,35.45399856567383,36.19599914550781,35.16600036621094,36.007999420166016
2018-05-10,36.22600173950195,36.518001556396484,35.70800018310547,35.79600143432617
2018-05-11,35.84400177001953,36.007999420166016,35.46200180053711,35.77399826049805
2018-05-14,35.77199935913086,35.900001525878906,34.698001861572266,34.74599838256836
2018-05-15,34.395999908447266,34.90999984741211,33.757999420166016,34.683998107910156
2018-05-16,34.60200119018555,34.79999923706055,34.00400161743164,34.22999954223633
2018-05-17,34.22600173950195,34.38800048828125,33.849998474121094,34.34199905395508
2018-05-18,34.35200119018555,34.9119987487793,34.29999923706055,34.78799819946289
2018-05-21,35.05400085449219,35.4739990234375,34.11600112915039,34.290000915527344
2018-05-22,34.44200134277344,34.56800079345703,33.61600112915039,34.051998138427734
2018-05-23,33.7400016784668,34.81399917602539,33.7400016784668,34.79199981689453
2018-05-24,34.81399917602539,35.34400177001953,34.58399963378906,35.104000091552734
2018-05-25,35.03799819946289,35.49800109863281,34.94200134277344,35.34400177001953
2018-05-29,35.20000076293945,35.47600173950195,34.922000885009766,35.2599983215332
2018-05-30,35.4640007019043,35.970001220703125,35.20199966430664,35.694000244140625
2018-05-31,35.62200164794922,36.28200149536133,35.439998626708984,35.52199935913086
2018-06-01,35.8120002746582,36.31399917602539,35.459999084472656,36.301998138427734
2018-06-04,36.513999938964844,36.89400100708008,36.242000579833984,36.70000076293945
2018-06-05,36.8380012512207,37.38999938964844,36.805999755859375,37.21799850463867
2018-06-06,37.3120002746582,37.47800064086914,37.071998596191406,37.284000396728516
2018-06-07,37.400001525878906,37.400001525878906,34.86399841308594,35.4900016784668
2018-06-08,35.540000915527344,36.00400161743164,35.24399948120117,35.63800048828125
2018-06-11,35.69200134277344,36.099998474121094,35.40999984741211,36.01599884033203
2018-06-12,36.11199951171875,36.5099983215332,35.96200180053711,36.36800003051758
2018-06-13,36.645999908447266,36.790000915527344,35.88999938964844,36.24599838256836
2018-06-14,36.518001556396484,37.44599914550781,36.50199890136719,37.06800079345703
2018-06-15,36.99399948120117,37.31800079345703,36.25,37.27000045776367
2018-06-18,37.071998596191406,37.34199905395508,36.599998474121094,37.28200149536133
2018-06-19,36.715999603271484,36.849998474121094,35.86199951171875,36.72200012207031
2018-06-20,37.0,37.71799850463867,36.89400100708008,36.95199966430664
2018-06-21,37.0,37.31399917602539,35.987998962402344,36.05400085449219
2018-06-22,35.715999603271484,35.715999603271484,34.50199890136719,35.34000015258789
2018-06-25,34.88600158691406,35.0,33.891998291015625,34.27799987792969
2018-06-26,34.417999267578125,34.827999114990234,34.013999938964844,34.16999816894531
2018-06-27,34.44200134277344,35.14799880981445,33.47200012207031,33.59400177001953
2018-06-28,33.56800079345703,34.7599983215332,33.5,34.481998443603516
2018-06-29,34.79999923706055,35.04999923706055,34.3120002746582,34.49399948120117
2018-07-02,34.321998596191406,35.53799819946289,34.077999114990234,35.52000045776367
2018-07-03,35.60599899291992,35.869998931884766,35.31399917602539,35.4379997253418
2018-07-05,35.63800048828125,36.09000015258789,35.566001892089844,35.88600158691406
2018-07-06,35.880001068115234,36.65599822998047,35.72800064086914,36.43199920654297
2018-07-09,36.645999908447266,37.051998138427734,36.220001220703125,36.970001220703125
2018-07-10,37.04600143432617,37.29600143432617,36.678001403808594,37.119998931884766
2018-07-11,36.67399978637695,37.63600158691406,36.67399978637695,37.43600082397461
2018-07-12,37.76599884033203,38.96200180053711,37.74800109863281,38.93199920654297
2018-07-13,38.65800094604492,38.79600143432617,37.847999572753906,38.21200180053711
2018-07-16,38.391998291015625,38.400001525878906,37.65999984741211,37.816001892089844
2018-07-17,37.38999938964844,38.33399963378906,36.84600067138672,38.2400016784668
2018-07-18,38.400001525878906,38.80400085449219,38.02199935913086,38.402000427246094
2018-07-19,38.305999755859375,38.54600143432617,37.895999908447266,38.007999420166016
2018-07-20,38.20199966430664,38.71200180053711,38.099998474121094,38.215999603271484
2018-07-23,38.0359992980957,38.27000045776367,37.316001892089844,38.099998474121094
2018-07-24,38.38600158691406,38.43600082397461,36.6879997253418,36.981998443603516
2018-07-25,36.91400146484375,37.465999603271484,36.672000885009766,36.77199935913086
2018-07-26,36.29999923706055,38.933998107910156,36.29999923706055,38.4640007019043
2018-07-27,38.40599822998047,38.49599838256836,35.66999816894531,36.790000915527344
2018-07-30,36.79999923706055,36.9900016784668,35.71200180053711,35.762001037597656
2018-07-31,35.849998474121094,35.99800109863281,34.869998931884766,35.19200134277344
2018-08-01,35.31800079345703,36.124000549316406,35.20000076293945,35.5880012512207
2018-08-02,35.400001525878906,36.61199951171875,35.358001708984375,36.56800079345703
2018-08-03,36.71799850463867,36.72999954223633,35.75,36.17599868774414
2018-08-06,36.2239990234375,36.987998962402344,36.2239990234375,36.93199920654297
2018-08-07,37.0,37.40599822998047,36.84000015258789,37.14799880981445
2018-08-08,37.060001373291016,37.444000244140625,36.47200012207031,37.22600173950195
2018-08-09,37.36199951171875,38.125999450683594,37.2400016784668,37.667999267578125
2018-08-10,37.27199935913086,38.0,37.09000015258789,37.49399948120117
2018-08-13,37.402000427246094,37.83399963378906,36.96799850463867,37.00400161743164
2018-08-14,37.220001220703125,37.374000549316406,36.35200119018555,36.89799880981445
2018-08-15,36.83399963378906,37.487998962402344,36.12200164794922,36.54600143432617
2018-08-16,36.869998931884766,36.90399932861328,36.35200119018555,36.40599822998047
2018-08-17,36.400001525878906,36.63199996948242,35.7599983215332,36.16600036621094
2018-08-20,36.034000396728516,36.38399887084961,35.83000183105469,36.27199935913086
2018-08-21,36.47999954223633,36.965999603271484,36.36399841308594,36.41999816894531
2018-08-22,36.29600143432617,36.72800064086914,36.2239990234375,36.481998443603516
2018-08-23,36.433998107910156,37.24599838256836,36.36000061035156,36.970001220703125
2018-08-24,37.22200012207031,38.95000076293945,37.055999755859375,38.71200180053711
2018-08-27,38.79999923706055,39.32600021362305,38.444000244140625,38.650001525878906
2018-08-28,38.75600051879883,38.95399856567383,38.30400085449219,38.85200119018555
2018-08-29,38.854000091552734,40.20000076293945,38.854000091552734,40.04600143432617
2018-08-30,39.900001525878906,40.007999420166016,39.29199981689453,39.689998626708984
2018-08-31,39.599998474121094,39.88800048828125,39.07400131225586,39.27199935913086
2018-09-04,39.189998626708984,40.13199996948242,39.060001373291016,40.051998138427734
2018-09-05,40.0,40.0,37.65999984741211,38.152000427246094
2018-09-06,38.38399887084961,38.86600112915039,37.847999572753906,38.63600158691406
2018-09-07,38.5880012512207,39.70000076293945,38.26599884033203,39.395999908447266
2018-09-10,39.97600173950195,39.97600173950195,39.099998474121094,39.801998138427734
2018-09-11,39.599998474121094,40.54399871826172,39.45000076293945,39.900001525878906
2018-09-12,39.96799850463867,40.667999267578125,39.05799865722656,40.55400085449219
2018-09-13,40.79999923706055,41.2599983215332,40.61199951171875,40.91600036621094
2018-09-14,40.82400131225586,41.06800079345703,40.43000030517578,40.59400177001953
2018-09-17,40.375999450683594,40.38999938964844,38.529998779296875,38.56399917602539
2018-09-18,38.604000091552734,39.15599822998047,38.310001373291016,38.375999450683594
2018-09-19,38.29999923706055,38.52199935913086,36.54600143432617,37.20000076293945
2018-09-20,37.400001525878906,37.78799819946289,36.849998474121094,37.470001220703125
2018-09-21,37.67399978637695,38.11399841308594,37.560001373291016,37.9379997253418
2018-09-24,37.5260009765625,38.81399917602539,37.13399887084961,38.624000549316406
2018-09-25,38.85599899291992,39.694000244140625,38.78799819946289,39.52199935913086
2018-09-26,39.52199935913086,39.77799987792969,38.9379997253418,39.141998291015625
2018-09-27,39.209999084472656,39.5,38.762001037597656,39.01599884033203
2018-09-28,38.91600036621094,39.560001373291016,38.90999984741211,39.125999450683594
2018-10-01,39.45000076293945,39.84600067138672,38.72600173950195,38.922000885009766
2018-10-02,39.14400100708008,39.194000244140625,38.465999603271484,38.58000183105469
2018-10-03,38.85599899291992,39.6619987487793,38.45199966430664,39.2400016784668
2018-10-04,39.097999572753906,39.099998474121094,36.92399978637695,37.487998962402344
2018-10-05,37.422000885009766,38.02399826049805,36.33000183105469,37.31999969482422
2018-10-08,36.87799835205078,37.1619987487793,35.45399856567383,36.051998138427734
2018-10-09,35.97999954223633,37.45800018310547,35.821998596191406,36.28200149536133
2018-10-10,36.09000015258789,36.16600036621094,34.36199951171875,34.428001403808594
2018-10-11,34.56999969482422,35.641998291015625,34.428001403808594,34.99399948120117
2018-10-12,36.4640007019043,37.61399841308594,36.05799865722656,36.88999938964844
2018-10-15,36.832000732421875,36.849998474121094,35.92399978637695,36.18199920654297
2018-10-16,37.04199981689453,38.66999816894531,36.93199920654297,38.54399871826172
2018-10-17,38.62200164794922,38.63999938964844,37.68600082397461,38.051998138427734
2018-10-18,37.827999114990234,38.30799865722656,36.40399932861328,37.0359992980957
2018-10-19,37.29199981689453,37.529998779296875,35.332000732421875,35.43000030517578
2018-10-22,35.78200149536133,36.189998626708984,34.875999450683594,35.768001556396484
2018-10-23,34.84000015258789,36.93199920654297,34.56999969482422,36.35599899291992
2018-10-24,36.35599899291992,36.75600051879883,33.93000030517578,34.04199981689453
2018-10-25,34.68000030517578,35.0,32.43600082397461,34.5260009765625
2018-10-26,32.847999572753906,34.43199920654297,32.486000061035156,33.35200119018555
2018-10-29,34.417999267578125,34.70000076293945,32.13199996948242,32.84600067138672
2018-10-30,32.0,33.79999923706055,31.520000457763672,33.70000076293945
2018-10-31,34.86199951171875,37.02399826049805,34.86199951171875,36.20800018310547
2018-11-01,36.20600128173828,36.86399841308594,35.4119987487793,36.74599838256836
2018-11-02,36.9739990234375,37.27000045776367,35.672000885009766,35.75600051879883
2018-11-05,35.79600143432617,36.145999908447266,35.34199905395508,36.082000732421875
2018-11-06,35.900001525878906,36.49599838256836,35.25199890136719,35.4739990234375
2018-11-07,36.470001220703125,38.80799865722656,36.15599822998047,38.16600036621094
2018-11-08,38.0,38.316001892089844,37.0359992980957,37.231998443603516
2018-11-09,36.84600067138672,36.84600067138672,34.78200149536133,35.518001556396484
2018-11-12,35.040000915527344,35.39799880981445,33.30400085449219,34.4739990234375
2018-11-13,34.869998931884766,34.9739990234375,33.41600036621094,33.73400115966797
2018-11-14,34.25199890136719,34.534000396728516,33.369998931884766,33.47600173950195
2018-11-15,33.33399963378906,34.709999084472656,33.32600021362305,34.59400177001953
2018-11-16,34.145999908447266,34.7760009765625,33.849998474121094,34.21799850463867
2018-11-19,33.9119987487793,33.97200012207031,31.218000411987305,31.360000610351562
2018-11-20,29.79800033569336,32.257999420166016,29.525999069213867,31.447999954223633
2018-11-21,32.04399871826172,32.599998474121094,31.527999877929688,31.827999114990234
2018-11-23,31.31399917602539,32.347999572753906,31.299999237060547,32.125999450683594
2018-11-26,32.81800079345703,33.65399932861328,32.141998291015625,33.45199966430664
2018-11-27,32.91999816894531,33.35200119018555,32.422000885009766,33.14799880981445
2018-11-28,34.25,35.672000885009766,34.082000732421875,35.57400131225586
2018-11-29,35.24800109863281,36.36199951171875,35.06999969482422,35.81999969482422
2018-11-30,35.928001403808594,37.25400161743164,35.70399856567383,37.05400085449219
2018-12-03,38.40999984741211,38.43199920654297,36.91999816894531,37.61800003051758
2018-12-04,37.11800003051758,37.736000061035156,35.64400100708008,36.16999816894531
2018-12-06,35.16400146484375,37.560001373291016,34.79999923706055,37.52000045776367
2018-12-07,37.38800048828125,37.933998107910156,35.85200119018555,36.47600173950195
2018-12-10,36.20000076293945,37.55400085449219,36.20000076293945,36.97999954223633
2018-12-11,37.832000732421875,37.8380012512207,36.34400177001953,36.683998107910156
2018-12-12,37.400001525878906,38.27199935913086,37.19200134277344,37.52799987792969
2018-12-13,37.880001068115234,38.152000427246094,37.06999969482422,37.630001068115234
2018-12-14,36.90800094604492,37.5260009765625,36.29199981689453,36.395999908447266
2018-12-17,36.00199890136719,36.00199890136719,34.104000091552734,34.29399871826172
2018-12-18,34.683998107910156,35.124000549316406,34.14400100708008,34.7140007019043
2018-12-19,34.928001403808594,36.22800064086914,34.22600173950195,34.80799865722656
2018-12-20,34.36800003051758,34.96200180053711,32.0,33.98400115966797
2018-12-21,34.00400161743164,34.097999572753906,32.0880012512207,32.400001525878906
2018-12-24,31.804000854492188,32.762001037597656,31.600000381469727,31.784000396728516
2018-12-26,31.93600082397461,33.933998107910156,31.93600082397461,33.902000427246094
2018-12-27,33.374000549316406,35.64799880981445,33.29999923706055,35.63999938964844
2018-12-28,35.922000885009766,36.81800079345703,35.13600158691406,36.066001892089844
2018-12-31,36.58399963378906,36.65399932861328,35.36000061035156,35.61000061035156
2019-01-02,34.82400131225586,36.09000015258789,34.492000579833984,35.66400146484375
2019-01-03,35.02399826049805,35.597999572753906,33.694000244140625,33.82400131225586
2019-01-04,34.60200119018555,36.29800033569336,34.332000732421875,35.84600067138672
2019-01-07,36.150001525878906,37.599998474121094,35.880001068115234,37.33399963378906
2019-01-08,37.95000076293945,38.33000183105469,36.9119987487793,37.62200164794922
2019-01-09,37.051998138427734,38.257999420166016,37.051998138427734,38.09400177001953
2019-01-10,37.779998779296875,38.1879997253418,37.5099983215332,38.0
2019-01-11,37.619998931884766,38.38999938964844,37.21200180053711,38.3380012512207
2019-01-14,37.57400131225586,38.215999603271484,37.38600158691406,37.68000030517578
2019-01-15,37.88999938964844,38.06399917602539,37.51599884033203,37.66999816894531
2019-01-16,37.90399932861328,38.55799865722656,37.4900016784668,37.917999267578125
2019-01-17,37.36600112915039,37.88800048828125,37.04399871826172,37.305999755859375
2019-01-18,37.94599914550781,38.290000915527344,37.32600021362305,38.018001556396484
2019-01-22,37.555999755859375,37.93600082397461,36.95600128173828,37.13999938964844
2019-01-23,37.50400161743164,37.9640007019043,36.582000732421875,36.79199981689453
2019-01-24,36.849998474121094,37.49399948120117,36.492000579833984,37.13999938964844
2019-01-25,37.52199935913086,38.25400161743164,37.13999938964844,38.215999603271484
2019-01-28,37.61000061035156,38.03200149536133,37.29999923706055,37.5880012512207
2019-01-29,37.63600158691406,37.763999938964844,36.801998138427734,36.9640007019043
2019-01-30,37.4379997253418,38.84199905395508,37.402000427246094,38.79999923706055
2019-01-31,42.27199935913086,45.68199920654297,41.99800109863281,44.00400161743164
2019-02-01,43.715999603271484,44.36800003051758,43.36000061035156,44.301998138427734
2019-02-04,44.16600036621094,45.17599868774414,44.02000045776367,45.02799987792969
2019-02-05,45.20000076293945,45.880001068115234,45.07400131225586,45.66999816894531
2019-02-06,45.599998474121094,45.900001525878906,44.65999984741211,45.11199951171875
2019-02-07,44.8120002746582,45.608001708984375,44.42399978637695,45.391998291015625
2019-02-08,45.08000183105469,45.757999420166016,44.534000396728516,45.71200180053711
2019-02-11,45.97800064086914,46.45000076293945,45.41400146484375,45.801998138427734
2019-02-12,46.12200164794922,47.36199951171875,46.099998474121094,46.93000030517578
2019-02-13,47.0,47.49800109863281,46.33000183105469,46.39400100708008
2019-02-14,46.28799819946289,47.167999267578125,46.152000427246094,46.805999755859375
2019-02-15,47.0,47.34000015258789,46.47999954223633,46.97800064086914
2019-02-19,46.698001861572266,47.09199905395508,46.400001525878906,46.91600036621094
2019-02-20,47.0,47.097999572753906,45.56999969482422,45.900001525878906
2019-02-21,45.742000579833984,46.24800109863281,45.301998138427734,46.00199890136719
2019-02-22,46.06399917602539,47.22999954223633,46.06399917602539,47.0
2019-02-25,47.5,47.88999938964844,47.11800003051758,47.400001525878906
2019-02-26,47.167999267578125,47.38800048828125,46.689998626708984,47.242000579833984
2019-02-27,47.15999984741211,48.172000885009766,47.066001892089844,48.0620002746582
2019-02-28,48.034000396728516,48.28799819946289,47.54800033569336,47.88800048828125
2019-03-01,48.46200180053711,48.869998931884766,47.858001708984375,48.70399856567383
2019-03-04,48.91999816894531,49.066001892089844,45.73400115966797,47.39400100708008
2019-03-05,47.513999938964844,47.513999938964844,46.40599822998047,47.20000076293945
2019-03-06,47.09000015258789,47.4900016784668,46.358001708984375,46.62200164794922
2019-03-07,46.4739990234375,47.36399841308594,46.22200012207031,46.67399978637695
2019-03-08,45.86000061035156,46.805999755859375,45.34199905395508,46.790000915527344
2019-03-11,47.10200119018555,48.018001556396484,47.0260009765625,47.97200012207031
2019-03-12,48.029998779296875,48.20399856567383,47.35599899291992,47.742000579833984
2019-03-13,48.11199951171875,48.683998107910156,47.90999984741211,48.077999114990234
2019-03-14,48.810001373291016,48.92599868774414,48.2599983215332,48.31800079345703
2019-03-15,48.27399826049805,48.64799880981445,48.040000915527344,48.37799835205078
2019-03-18,48.50600051879883,49.19200134277344,48.02799987792969,48.19599914550781
2019-03-19,48.45199966430664,48.82600021362305,48.06999969482422,48.391998291015625
2019-03-20,48.599998474121094,49.45600128173828,47.959999084472656,48.917999267578125
2019-03-21,48.74399948120117,50.33000183105469,48.74399948120117,50.189998626708984
2019-03-22,49.79999923706055,50.099998474121094,48.2140007019043,48.242000579833984
2019-03-25,47.757999420166016,48.60200119018555,47.32400131225586,48.34000015258789
2019-03-26,49.007999420166016,49.448001861572266,48.63999938964844,49.0
2019-03-27,48.9640007019043,48.9640007019043,47.119998931884766,48.27399826049805
2019-03-28,48.74599838256836,49.16999816894531,48.145999908447266,48.66600036621094
2019-03-29,49.29999923706055,49.42599868774414,48.672000885009766,49.29800033569336
2019-04-01,49.99800109863281,50.06999969482422,48.7599983215332,49.145999908447266
2019-04-02,49.150001525878906,49.40399932861328,48.560001373291016,49.36399841308594
2019-04-03,49.779998779296875,49.779998779296875,48.858001708984375,49.428001403808594
2019-04-04,49.27000045776367,49.27799987792969,46.02799987792969,47.40599822998047
2019-04-05,47.72800064086914,48.018001556396484,47.051998138427734,47.395999908447266
2019-04-08,47.279998779296875,47.875999450683594,46.70199966430664,47.44200134277344
2019-04-09,47.0260009765625,48.055999755859375,47.0260009765625,47.75199890136719
2019-04-10,48.099998474121094,49.11600112915039,48.00400161743164,48.731998443603516
2019-04-11,48.72800064086914,49.237998962402344,48.422000885009766,49.15399932861328
2019-04-12,49.400001525878906,49.54800033569336,48.74800109863281,48.86000061035156
2019-04-15,48.81399917602539,49.279998779296875,48.487998962402344,48.757999420166016
2019-04-16,49.178001403808594,49.2239990234375,47.77000045776367,47.96200180053711
2019-04-17,48.34400177001953,48.400001525878906,46.86399841308594,47.24599838256836
2019-04-18,46.880001068115234,47.784000396728516,46.428001403808594,47.47999954223633
2019-04-22,47.20399856567383,48.7140007019043,47.20000076293945,48.52799987792969
2019-04-23,48.650001525878906,49.46799850463867,48.220001220703125,48.709999084472656
2019-04-24,49.0,49.07600021362305,48.21200180053711,48.540000915527344
2019-04-25,52.20399856567383,53.854000091552734,51.63600158691406,52.13800048828125
2019-04-26,52.0,53.566001892089844,51.417999267578125,53.41600036621094
2019-04-29,53.41999816894531,54.694000244140625,53.41999816894531,54.3380012512207
2019-04-30,54.20000076293945,54.763999938964844,53.74599838256836,54.301998138427734
2019-05-01,54.63199996948242,54.63199996948242,53.6619987487793,54.08000183105469
2019-05-02,52.97200012207031,53.99800109863281,52.06999969482422,52.534000396728516
2019-05-03,53.13600158691406,53.86199951171875,52.85200119018555,53.70399856567383
2019-05-06,52.099998474121094,54.194000244140625,51.5,53.95000076293945
2019-05-07,53.400001525878906,53.779998779296875,52.0099983215332,52.96200180053711
2019-05-08,52.79999923706055,53.678001403808594,52.16600036621094,53.19599914550781
2019-05-09,52.470001220703125,54.36000061035156,52.055999755859375,54.097999572753906
2019-05-10,53.70000076293945,55.040000915527344,53.29999923706055,54.97999954223633
2019-05-13,53.375999450683594,54.231998443603516,51.854000091552734,52.02399826049805
2019-05-14,52.64400100708008,54.58599853515625,52.64400100708008,54.41400146484375
2019-05-15,54.0,55.2859992980957,53.90800094604492,54.79199981689453
2019-05-16,55.0,56.347999572753906,54.84199905395508,55.59199905395508
2019-05-17,55.141998291015625,55.4640007019043,54.32400131225586,54.597999572753906
2019-05-20,53.391998291015625,54.099998474121094,52.70800018310547,53.01599884033203
2019-05-21,53.94200134277344,54.599998474121094,53.54999923706055,54.242000579833984
2019-05-22,54.013999938964844,55.29999923706055,53.965999603271484,54.678001403808594
2019-05-23,54.012001037597656,54.17399978637695,52.7760009765625,52.95800018310547
2019-05-24,53.349998474121094,53.88800048828125,53.0099983215332,53.790000915527344
2019-05-28,53.816001892089844,54.42399978637695,52.948001861572266,53.33000183105469
2019-05-29,52.779998779296875,53.66400146484375,52.301998138427734,52.8380012512207
2019-05-30,53.082000732421875,53.082000732421875,52.242000579833984,52.52000045776367
2019-05-31,51.86199951171875,53.0880012512207,51.5,52.38600158691406
2019-06-03,52.400001525878906,52.65800094604492,49.20399856567383,49.67599868774414
2019-06-04,50.22800064086914,51.61399841308594,49.50199890136719,51.5099983215332
2019-06-05,52.4739990234375,52.7760009765625,51.2599983215332,52.650001525878906
2019-06-06,52.64799880981445,53.93600082397461,52.36399841308594,53.698001861572266
2019-06-07,54.198001861572266,55.3380012512207,54.198001861572266,54.90999984741211
2019-06-10,55.87200164794922,56.11199951171875,55.12200164794922,55.17399978637695
2019-06-11,55.97200012207031,55.97200012207031,52.790000915527344,53.257999420166016
2019-06-12,53.20000076293945,54.06800079345703,52.86600112915039,53.57600021362305
2019-06-13,53.720001220703125,54.81800079345703,53.720001220703125,54.757999420166016
2019-06-14,54.74599838256836,55.12200164794922,54.0099983215332,54.45000076293945
2019-06-17,54.7400016784668,55.2760009765625,54.34400177001953,54.9119987487793
2019-06-18,55.66400146484375,57.00600051879883,55.66400146484375,56.52799987792969
2019-06-19,56.84199905395508,57.16600036621094,56.209999084472656,57.10200119018555
2019-06-20,58.04800033569336,58.59600067138672,57.2859992980957,57.7599983215332
2019-06-21,57.50400161743164,58.167999267578125,57.130001068115234,57.14799880981445
2019-06-24,57.57400131225586,57.67599868774414,56.1879997253418,56.5
2019-06-25,56.630001068115234,56.630001068115234,54.61199951171875,55.071998596191406
2019-06-26,55.75600051879883,57.040000915527344,54.77199935913086,55.06800079345703
2019-06-27,55.4739990234375,56.16600036621094,55.242000579833984,55.70199966430664
2019-06-28,55.5620002746582,56.03799819946289,54.91400146484375,54.91400146484375
2019-07-01,56.39799880981445,56.86600112915039,55.89799880981445,56.70199966430664
2019-07-02,56.6619987487793,57.86399841308594,56.630001068115234,57.6619987487793
2019-07-03,57.97999954223633,58.84600067138672,57.97999954223633,58.630001068115234
2019-07-05,58.20000076293945,58.92399978637695,57.709999084472656,58.90599822998047
2019-07-08,58.72999954223633,58.75600051879883,57.93000030517578,58.599998474121094
2019-07-09,58.28200149536133,59.82400131225586,58.125999450683594,59.604000091552734
2019-07-10,59.922000885009766,60.597999572753906,59.6619987487793,59.75
2019-07-11,60.082000732421875,60.5260009765625,59.891998291015625,60.46200180053711
2019-07-12,60.459999084472656,60.63399887084961,59.22200012207031,60.22600173950195
2019-07-15,60.400001525878906,60.481998443603516,59.57600021362305,60.220001220703125
2019-07-16,60.0,60.2599983215332,58.84000015258789,59.099998474121094
2019-07-17,59.099998474121094,60.03200149536133,58.902000427246094,59.3120002746582
2019-07-18,59.263999938964844,59.698001861572266,58.805999755859375,58.93600082397461
2019-07-19,59.61000061035156,59.84000015258789,57.69200134277344,57.948001861572266
2019-07-22,58.68000030517578,58.99399948120117,57.92399978637695,58.762001037597656
2019-07-23,59.00400161743164,59.00400161743164,57.52799987792969,58.20199966430664
2019-07-24,58.34400177001953,59.52199935913086,58.099998474121094,59.44200134277344
2019-07-25,57.70000076293945,58.150001525878906,55.9379997253418,57.145999908447266
2019-07-26,57.67399978637695,58.03799819946289,57.150001525878906,57.86600112915039
2019-07-29,57.86800003051758,58.0,55.11800003051758,57.167999267578125
2019-07-30,56.85599899291992,57.27799987792969,56.194000244140625,56.20000076293945
2019-07-31,56.34199905395508,56.5,54.52199935913086,55.47800064086914
2019-08-01,55.47600173950195,56.34400177001953,54.2239990234375,54.79999923706055
2019-08-02,54.59000015258789,54.62200164794922,52.375999450683594,53.172000885009766
2019-08-05,51.00199890136719,52.507999420166016,50.380001068115234,51.36199951171875
2019-08-06,52.332000732421875,53.0,51.470001220703125,52.34199905395508
2019-08-07,51.93199920654297,52.9900016784668,51.400001525878906,52.13800048828125
2019-08-08,52.402000427246094,53.54600143432617,52.2760009765625,53.422000885009766
2019-08-09,53.45000076293945,53.599998474121094,52.54800033569336,52.763999938964844
2019-08-12,52.2599983215332,52.624000549316406,51.54999923706055,51.7140007019043
2019-08-13,51.599998474121094,52.7140007019043,51.470001220703125,52.4379997253418
2019-08-14,51.667999267578125,51.9739990234375,50.3380012512207,50.46200180053711
2019-08-15,50.400001525878906,50.981998443603516,50.03799819946289,50.45800018310547
2019-08-16,51.18199920654297,51.97999954223633,50.9739990234375,51.38199996948242
2019-08-19,52.0,52.316001892089844,50.928001403808594,51.10200119018555
2019-08-20,51.099998474121094,51.52199935913086,50.51599884033203,51.055999755859375
2019-08-21,52.400001525878906,53.56800079345703,52.04800033569336,53.15599822998047
2019-08-22,53.29999923706055,53.59000015258789,52.45600128173828,52.928001403808594
2019-08-23,53.27399826049805,54.9119987487793,52.36399841308594,52.61399841308594
2019-08-26,53.0,53.374000549316406,52.46200180053711,53.31399917602539
2019-08-27,53.80400085449219,53.91999816894531,52.38800048828125,53.242000579833984
2019-08-28,52.354000091552734,52.6619987487793,51.64400100708008,52.06399917602539
2019-08-29,52.77199935913086,53.189998626708984,52.119998931884766,52.95800018310547
2019-08-30,53.18199920654297,53.316001892089844,51.33000183105469,52.36800003051758
2019-09-03,52.81800079345703,53.11199951171875,52.20000076293945,52.67599868774414
2019-09-04,53.14400100708008,54.02799987792969,53.04999923706055,53.70399856567383
2019-09-05,54.06399917602539,54.63199996948242,52.119998931884766,53.92399978637695
2019-09-06,53.97999954223633,54.11199951171875,52.49399948120117,52.70000076293945
2019-09-09,52.79999923706055,53.167999267578125,50.0,50.93600082397461
2019-09-10,50.09400177001953,51.13399887084961,49.29999923706055,50.63600158691406
2019-09-11,50.5260009765625,51.81399917602539,50.20399856567383,50.73400115966797
2019-09-12,51.31999969482422,51.93199920654297,51.104000091552734,51.36199951171875
2019-09-13,51.07600021362305,51.2760009765625,50.20000076293945,50.391998291015625
2019-09-16,50.20000076293945,52.24800109863281,50.0,52.22999954223633
2019-09-17,52.672000885009766,53.599998474121094,52.14799880981445,52.810001373291016
2019-09-18,53.3380012512207,53.380001068115234,51.95399856567383,53.16999816894531
2019-09-19,53.09000015258789,53.83599853515625,52.5,53.74800109863281
2019-09-20,53.89400100708008,54.27799987792969,53.31800079345703,54.23400115966797
2019-09-23,54.49399948120117,54.72600173950195,53.391998291015625,53.400001525878906
2019-09-24,53.400001525878906,53.66600036621094,51.220001220703125,51.5
2019-09-25,51.5,51.928001403808594,49.73400115966797,51.875999450683594
2019-09-26,51.87799835205078,51.93000030517578,51.04800033569336,51.597999572753906
2019-09-27,51.784000396728516,51.89799880981445,49.05400085449219,50.051998138427734
2019-09-30,50.439998626708984,50.959999084472656,49.902000427246094,50.77000045776367
2019-10-01,51.06399917602539,51.2239990234375,49.94200134277344,50.0260009765625
2019-10-02,49.8120002746582,50.152000427246094,48.70800018310547,49.369998931884766
2019-10-03,49.55400085449219,51.71200180053711,48.858001708984375,51.4739990234375
2019-10-04,52.04600143432617,53.444000244140625,51.91600036621094,53.29600143432617
2019-10-07,53.24599838256836,54.099998474121094,53.24599838256836,53.630001068115234
2019-10-08,53.20000076293945,53.67399978637695,51.59600067138672,51.625999450683594
2019-10-09,52.167999267578125,52.70399856567383,51.895999908447266,52.40399932861328
2019-10-10,52.00400161743164,52.93600082397461,51.81999969482422,52.63600158691406
2019-10-11,53.61199951171875,54.79199981689453,53.262001037597656,54.066001892089844
2019-10-14,54.013999938964844,54.24399948120117,53.571998596191406,53.88800048828125
2019-10-15,54.0880012512207,55.29999923706055,54.0,54.847999572753906
2019-10-16,51.7859992980957,52.150001525878906,49.81999969482422,50.91999816894531
2019-10-17,51.65800094604492,51.8120002746582,50.40999984741211,50.86199951171875
2019-10-18,50.79399871826172,51.50199890136719,48.124000549316406,48.599998474121094
2019-10-21,49.018001556396484,49.1619987487793,47.81999969482422,48.18000030517578
2019-10-22,48.38199996948242,48.4900016784668,45.0,45.667999267578125
2019-10-23,43.2599983215332,45.145999908447266,42.79800033569336,44.00199890136719
2019-10-24,47.3120002746582,48.763999938964844,46.45000076293945,47.555999755859375
2019-10-25,47.55400085449219,48.29999923706055,46.8120002746582,48.24399948120117
2019-10-28,48.68000030517578,49.25600051879883,48.0,48.939998626708984
2019-10-29,48.79800033569336,49.79800033569336,48.16400146484375,48.20800018310547
2019-10-30,48.667999267578125,50.04800033569336,47.805999755859375,49.9900016784668
2019-10-31,49.992000579833984,50.1619987487793,48.801998138427734,49.45199966430664
2019-11-01,49.78799819946289,51.231998443603516,49.481998443603516,50.60599899291992
2019-11-04,50.89799880981445,51.11600112915039,49.0099983215332,49.15999984741211
2019-11-05,49.1619987487793,49.279998779296875,47.82600021362305,48.37200164794922
2019-11-06,48.349998474121094,48.54600143432617,47.79399871826172,48.27000045776367
2019-11-07,48.400001525878906,48.93000030517578,47.96200180053711,48.178001403808594
2019-11-08,47.98400115966797,49.84000015258789,47.65800094604492,49.689998626708984
2019-11-11,49.46200180053711,50.0,49.16400146484375,49.709999084472656
2019-11-12,49.858001708984375,50.698001861572266,49.84000015258789,50.50600051879883
2019-11-13,50.18600082397461,51.02199935913086,49.801998138427734,50.78799819946289
2019-11-14,50.55400085449219,51.082000732421875,49.89400100708008,50.77000045776367
2019-11-15,51.099998474121094,52.007999420166016,50.858001708984375,51.992000579833984
2019-11-18,51.599998474121094,53.689998626708984,51.459999084472656,53.262001037597656
2019-11-19,55.45000076293945,55.97999954223633,54.50600051879883,55.54800033569336
2019-11-20,55.375999450683594,56.86000061035156,55.33000183105469,56.599998474121094
2019-11-21,56.4640007019043,56.694000244140625,55.54999923706055,55.82400131225586
2019-11-22,56.0,56.16999816894531,55.37799835205078,55.99599838256836
2019-11-25,56.0,56.79999923706055,55.68199920654297,55.95000076293945
2019-11-26,56.20000076293945,56.22999954223633,55.7239990234375,55.77199935913086
2019-11-27,55.902000427246094,56.29800033569336,55.56999969482422,56.25600051879883
2019-11-29,56.194000244140625,56.698001861572266,56.02000045776367,56.608001708984375
2019-12-02,56.599998474121094,56.599998474121094,53.900001525878906,55.470001220703125
2019-12-03,54.358001708984375,56.0,54.21200180053711,55.801998138427734
2019-12-04,55.57400131225586,55.61399841308594,54.560001373291016,54.7599983215332
2019-12-05,54.599998474121094,55.45000076293945,54.37200164794922,54.625999450683594
2019-12-06,54.97999954223633,55.0620002746582,53.92399978637695,54.40800094604492
2019-12-09,54.354000091552734,54.52000045776367,53.92399978637695,53.939998626708984
2019-12-10,54.0,54.4900016784668,53.2400016784668,53.35599899291992
2019-12-11,53.20000076293945,53.63800048828125,52.70600128173828,53.459999084472656
2019-12-12,53.27199935913086,53.71799850463867,52.816001892089844,53.130001068115234
2019-12-13,53.12799835205078,54.7599983215332,52.79600143432617,54.59600067138672
2019-12-16,54.86600112915039,56.36000061035156,54.821998596191406,56.358001708984375
2019-12-17,55.9900016784668,56.20399856567383,54.87799835205078,55.22800064086914
2019-12-18,55.486000061035156,56.0359992980957,55.220001220703125,55.4900016784668
2019-12-19,55.4900016784668,55.821998596191406,55.066001892089844,55.69599914550781
2019-12-20,56.104000091552734,56.566001892089844,55.75199890136719,56.5260009765625
2019-12-23,56.61000061035156,57.487998962402344,56.34199905395508,56.6619987487793
2019-12-24,56.779998779296875,56.98400115966797,56.513999938964844,56.84000015258789
2019-12-26,56.95199966430664,57.61600112915039,56.95199966430664,57.2400016784668
2019-12-27,57.61399841308594,57.61399841308594,56.821998596191406,57.375999450683594
2019-12-30,57.25600051879883,57.284000396728516,55.54999923706055,56.5620002746582
2019-12-31,56.082000732421875,56.77000045776367,55.95800018310547,56.4640007019043
2020-01-02,56.992000579833984,58.33599853515625,56.84400177001953,58.24800109863281
2020-01-03,57.380001068115234,58.61199951171875,57.29999923706055,58.220001220703125
2020-01-06,57.03799819946289,58.68199920654297,56.91999816894531,58.57400131225586
2020-01-07,58.64400100708008,58.91600036621094,57.60599899291992,58.582000732421875
2020-01-08,58.9119987487793,59.53799819946289,58.64799880981445,59.130001068115234
2020-01-09,59.459999084472656,59.95399856567383,58.84600067138672,59.86199951171875
2020-01-10,60.14400100708008,60.678001403808594,59.4900016784668,59.7760009765625
2020-01-13,60.470001220703125,61.172000885009766,60.20000076293945,60.77000045776367
2020-01-14,60.77000045776367,61.20000076293945,60.27399826049805,60.29999923706055
2020-01-15,60.400001525878906,61.54600143432617,60.380001068115234,60.9739990234375
2020-01-16,61.20000076293945,62.099998474121094,61.06999969482422,62.00400161743164
2020-01-17,62.0880012512207,62.55799865722656,61.9119987487793,62.50400161743164
2020-01-21,62.400001525878906,63.119998931884766,62.22200012207031,62.59600067138672
2020-01-22,63.40599822998047,63.45399856567383,62.54999923706055,62.56999969482422
2020-01-23,62.599998474121094,63.236000061035156,62.18000030517578,62.29199981689453
2020-01-24,62.91600036621094,63.768001556396484,61.555999755859375,61.87799835205078
2020-01-27,60.09000015258789,61.63600158691406,59.62799835205078,61.5260009765625
2020-01-28,61.858001708984375,63.04199981689453,61.68000030517578,62.810001373291016
2020-01-29,63.104000091552734,63.19599914550781,62.21200180053711,62.58599853515625
2020-01-30,66.74600219726562,68.77799987792969,65.93000030517578,68.3239974975586
2020-01-31,67.9000015258789,67.98200225830078,66.56600189208984,67.64600372314453
2020-02-03,67.68199920654297,68.94999694824219,67.44999694824219,68.63999938964844
2020-02-04,69.19999694824219,70.9280014038086,68.90399932861328,70.40599822998047
2020-02-05,70.63400268554688,71.197998046875,66.96199798583984,67.69999694824219
2020-02-06,68.00199890136719,68.56400299072266,66.81600189208984,68.33999633789062
2020-02-07,68.34200286865234,69.15399932861328,67.93800354003906,68.21199798583984
2020-02-10,68.14399719238281,69.0,67.77999877929688,68.55400085449219
2020-02-11,69.19200134277344,69.23799896240234,68.20800018310547,68.71399688720703
2020-02-12,69.00399780273438,70.08599853515625,67.9000015258789,69.95999908447266
2020-02-13,69.5,71.4000015258789,69.5,70.36199951171875
2020-02-14,70.72799682617188,71.26399993896484,70.1760025024414,71.23200225830078
2020-02-18,71.19999694824219,71.75199890136719,70.80799865722656,71.49800109863281
2020-02-19,71.75,72.58999633789062,71.4800033569336,71.54399871826172
2020-02-20,71.54399871826172,72.39600372314453,69.08200073242188,70.58799743652344
2020-02-21,70.09600067138672,70.3499984741211,67.75599670410156,68.89600372314453
2020-02-24,65.46800231933594,67.30000305175781,64.83799743652344,66.71199798583984
2020-02-25,67.71199798583984,68.41600036621094,65.51399993896484,65.94400024414062
2020-02-26,66.19999694824219,68.50199890136719,66.05000305175781,66.85399627685547
2020-02-27,64.73799896240234,66.28600311279297,63.55400085449219,64.0199966430664
2020-02-28,62.0,65.4000015258789,61.41999816894531,65.21800231933594
2020-03-02,66.76599884033203,68.89600372314453,65.26399993896484,68.87999725341797
2020-03-03,68.87799835205078,70.13999938964844,65.0260009765625,65.9260025024414
2020-03-04,67.3479995727539,69.04399871826172,66.32599639892578,69.01399993896484
2020-03-05,67.49800109863281,68.60600280761719,65.25399780273438,65.86599731445312
2020-03-06,63.87799835205078,64.7020034790039,60.15999984741211,63.448001861572266
2020-03-09,58.87799835205078,61.36800003051758,57.599998474121094,58.417999267578125
2020-03-10,60.47600173950195,62.599998474121094,58.32400131225586,62.560001373291016
2020-03-11,60.99599838256836,62.05400085449219,56.762001037597656,58.125999450683594
2020-03-12,54.007999420166016,57.42599868774414,52.321998596191406,52.42399978637695
2020-03-13,55.481998443603516,57.70000076293945,52.96799850463867,57.534000396728516
2020-03-16,50.20199966430664,56.768001556396484,50.0,53.08599853515625
2020-03-17,54.28200149536133,60.59600067138672,54.00400161743164,57.48400115966797
2020-03-18,53.20000076293945,55.987998962402344,47.7859992980957,55.63199996948242
2020-03-19,55.29199981689453,58.0,51.60200119018555,55.53200149536133
2020-03-20,55.21200180053711,56.93600082397461,50.45000076293945,50.939998626708984
2020-03-23,50.97999954223633,52.077999114990234,48.03200149536133,51.06399917602539
2020-03-24,55.11600112915039,56.720001220703125,53.70800018310547,54.400001525878906
2020-03-25,54.470001220703125,55.790000915527344,51.4640007019043,52.933998107910156
2020-03-26,53.9379997253418,59.0,53.597999572753906,58.94599914550781
2020-03-27,56.82600021362305,56.82600021362305,53.891998291015625,54.79999923706055
2020-03-30,55.55400085449219,58.540000915527344,55.040000915527344,57.27799987792969
2020-03-31,57.917999267578125,59.23400115966797,56.262001037597656,57.316001892089844
2020-04-01,54.87799835205078,55.7599983215332,53.736000061035156,54.61399841308594
2020-04-02,53.0,54.52399826049805,49.849998474121094,51.79999923706055
2020-04-03,51.77000045776367,52.231998443603516,49.33399963378906,49.91400146484375
2020-04-06,51.89799880981445,54.45000076293945,51.10200119018555,53.9900016784668
2020-04-07,55.400001525878906,55.619998931884766,51.04800033569336,52.470001220703125
2020-04-08,53.28799819946289,55.28200149536133,52.779998779296875,54.810001373291016
2020-04-09,55.215999603271484,57.02399826049805,54.92399978637695,55.61199951171875
2020-04-13,55.35200119018555,56.900001525878906,54.75199890136719,56.71200180053711
2020-04-14,59.400001525878906,60.62799835205078,57.85599899291992,60.417999267578125
2020-04-15,59.44200134277344,59.87799835205078,58.71200180053711,59.183998107910156
2020-04-16,60.09600067138672,60.369998931884766,57.84199905395508,58.38800048828125
2020-04-17,60.417999267578125,60.624000549316406,59.301998138427734,59.917999267578125
2020-04-20,59.63800048828125,61.62799835205078,59.31999969482422,60.492000579833984
2020-04-21,59.79199981689453,60.7400016784668,56.31399917602539,57.75400161743164
2020-04-22,59.183998107910156,60.5359992980957,58.61199951171875,59.922000885009766
2020-04-23,60.0,60.9379997253418,59.20000076293945,59.46200180053711
2020-04-24,59.50600051879883,60.736000061035156,58.540000915527344,60.5880012512207
2020-04-27,61.50600051879883,62.20000076293945,61.25400161743164,61.720001220703125
2020-04-28,62.55799865722656,63.0,59.15599822998047,59.20000076293945
2020-04-29,60.31999969482422,65.08799743652344,60.31399917602539,64.39800262451172
2020-04-30,65.56800079345703,71.55599975585938,65.49800109863281,70.30799865722656
2020-05-01,68.41799926757812,70.19999694824219,67.19999694824219,67.9020004272461
2020-05-04,67.30400085449219,71.30000305175781,67.00199890136719,70.9280014038086
2020-05-05,72.0,75.23600006103516,71.21399688720703,74.12799835205078
2020-05-06,74.9260025024414,75.95999908447266,72.9000015258789,73.0780029296875
2020-05-07,73.79399871826172,77.31400299072266,73.70600128173828,76.36599731445312
2020-05-08,76.80000305175781,77.5199966430664,75.22599792480469,75.4520034790039
2020-05-11,75.0,77.69999694824219,74.00800323486328,76.7300033569336
2020-05-12,76.82599639892578,76.99800109863281,72.91400146484375,73.12000274658203
2020-05-13,73.2020034790039,74.09200286865234,70.25800323486328,72.25800323486328
2020-05-14,71.74199676513672,74.01200103759766,70.302001953125,73.56600189208984
2020-05-15,73.08999633789062,74.48999786376953,72.61199951171875,74.09200286865234
2020-05-18,75.5999984741211,76.35600280761719,74.63600158691406,74.9739990234375
2020-05-19,75.0,77.93399810791016,74.64600372314453,76.57599639892578
2020-05-20,78.0,78.9520034790039,76.87799835205078,78.03199768066406
2020-05-21,78.10399627685547,78.71800231933594,76.48200225830078,76.72799682617188
2020-05-22,77.80799865722656,78.8280029296875,76.99800109863281,77.59200286865234
2020-05-26,79.22599792480469,79.2300033569336,75.9260025024414,76.13400268554688
2020-05-27,75.61000061035156,75.61000061035156,70.41400146484375,74.23200225830078
2020-05-28,74.0,77.33399963378906,73.69200134277344,75.59600067138672
2020-05-29,76.28199768066406,77.64600372314453,75.72599792480469,77.58599853515625
2020-06-01,77.01200103759766,77.58799743652344,76.37000274658203,76.67400360107422
2020-06-02,76.88999938964844,78.58000183105469,75.08799743652344,78.58000183105469
2020-06-03,77.99800109863281,78.62200164794922,76.22000122070312,77.61799621582031
2020-06-04,77.13800048828125,77.94000244140625,74.48400115966797,75.38999938964844
2020-06-05,74.0,78.13600158691406,73.40599822998047,78.09200286865234
2020-06-08,77.31600189208984,77.75399780273438,75.13600158691406,77.3280029296875
2020-06-09,78.19599914550781,79.5999984741211,77.0979995727539,77.76599884033203
2020-06-10,78.46800231933594,81.10600280761719,78.46800231933594,80.33200073242188
2020-06-11,78.76599884033203,79.49199676513672,74.5739974975586,75.01000213623047
2020-06-12,77.52400207519531,78.47599792480469,75.552001953125,77.0260009765625
2020-06-15,75.63999938964844,78.7959976196289,75.0739974975586,78.5
2020-06-16,80.0,80.5739974975586,77.83799743652344,79.69200134277344
2020-06-17,80.00199890136719,81.51799774169922,79.61000061035156,80.12999725341797
2020-06-18,80.4520034790039,80.89800262451172,79.22000122070312,80.20600128173828
2020-06-19,81.25,81.5979995727539,79.68800354003906,79.9739990234375
2020-06-22,79.28399658203125,80.64399719238281,78.37000274658203,80.56400299072266
2020-06-23,81.5999984741211,81.95999908447266,79.47599792480469,80.18800354003906
2020-06-24,79.95600128173828,81.0479965209961,77.77400207519531,78.58599853515625
2020-06-25,78.34400177001953,80.33799743652344,77.13200378417969,80.3280029296875
2020-06-26,80.36599731445312,80.56800079345703,78.21600341796875,79.99400329589844
2020-06-29,80.2959976196289,80.5979995727539,77.0999984741211,78.91000366210938
2020-06-30,78.97599792480469,81.23400115966797,78.80000305175781,81.01200103759766
2020-07-01,81.07599639892578,83.52400207519531,80.69999694824219,83.35800170898438
2020-07-02,84.26200103759766,84.96800231933594,82.53800201416016,82.84200286865234
2020-07-06,83.85800170898438,85.0,82.43000030517578,83.28800201416016
2020-07-07,83.28800201416016,84.24600219726562,82.19400024414062,82.3479995727539
2020-07-08,83.36000061035156,85.35600280761719,83.0999984741211,85.04000091552734
2020-07-09,85.5999984741211,86.16600036621094,83.12000274658203,85.27400207519531
2020-07-10,85.30000305175781,85.55599975585938,83.89199829101562,84.58200073242188
2020-07-13,85.0,85.55599975585938,79.89399719238281,80.3740005493164
2020-07-14,80.0,82.76200103759766,78.16799926757812,82.64600372314453
2020-07-15,84.5780029296875,85.19200134277344,83.14800262451172,84.71199798583984
2020-07-16,83.21199798583984,83.6520004272461,80.89800262451172,82.7760009765625
2020-07-17,83.1500015258789,84.68000030517578,82.29000091552734,84.36199951171875
2020-07-20,85.0,90.94000244140625,84.90799713134766,89.85399627685547
2020-07-21,89.44599914550781,89.49400329589844,86.83599853515625,87.44400024414062
2020-07-22,88.0,88.79199981689453,86.86399841308594,88.31999969482422
2020-07-23,88.22000122070312,89.66799926757812,85.7239990234375,86.16999816894531
2020-07-24,84.05599975585938,86.06199645996094,82.91999816894531,85.03800201416016
2020-07-27,86.0,87.23200225830078,85.2020034790039,86.76200103759766
2020-07-28,87.0,88.51599884033203,86.19999694824219,87.00800323486328
2020-07-29,88.51399993896484,89.302001953125,87.5739974975586,89.14199829101562
2020-07-30,86.54399871826172,87.72000122070312,84.26599884033203,86.27999877929688
2020-07-31,87.39800262451172,87.83999633789062,85.66400146484375,87.83999633789062
2020-08-03,88.74400329589844,88.95800018310547,86.23200225830078,87.99199676513672
2020-08-04,87.48400115966797,88.49800109863281,86.77400207519531,87.62999725341797
2020-08-05,88.0,88.20999908447266,87.06600189208984,87.14800262451172
2020-08-06,87.57599639892578,87.91400146484375,85.06800079345703,86.06600189208984
2020-08-07,86.40799713134766,87.85800170898438,84.74199676513672,86.24199676513672
2020-08-10,86.08799743652344,87.82599639892578,84.43399810791016,87.73600006103516
2020-08-11,86.87000274658203,86.99800109863281,83.70600128173828,84.27200317382812
2020-08-12,85.02799987792969,86.28600311279297,84.61000061035156,85.4260025024414
2020-08-13,85.5719985961914,87.96199798583984,85.34200286865234,87.68399810791016
2020-08-14,87.6719970703125,88.5780029296875,86.86399841308594,87.14600372314453
2020-08-17,87.39600372314453,89.02999877929688,87.39600372314453,88.4739990234375
2020-08-18,88.34400177001953,88.87200164794922,87.05999755859375,87.51599884033203
2020-08-19,87.5999984741211,88.72799682617188,86.41999816894531,87.4260025024414
2020-08-20,87.08399963378906,90.94599914550781,86.6719970703125,90.66799926757812
2020-08-21,90.55599975585938,90.7979965209961,89.23600006103516,89.88400268554688
2020-08-24,90.61000061035156,91.72799682617188,89.0,89.62000274658203
2020-08-25,90.0,91.7760009765625,89.14800262451172,91.58599853515625
2020-08-26,93.0,97.71600341796875,92.81999969482422,97.54000091552734
2020-08-27,97.0,97.0199966430664,94.9000015258789,96.11000061035156
2020-08-28,97.0,98.80000305175781,96.87999725341797,97.5739974975586
2020-08-31,97.6500015258789,98.0,96.197998046875,96.40399932861328
2020-09-01,97.0,99.44999694824219,96.51599884033203,99.43800354003906
2020-09-02,100.0,100.36399841308594,96.53199768066406,99.93800354003906
2020-09-03,97.0,97.5979995727539,92.53399658203125,93.76799774169922
2020-09-04,93.19999694824219,94.0,87.0199966430664,90.06999969482422
2020-09-08,87.99800109863281,90.5459976196289,86.56999969482422,88.62799835205078
2020-09-09,90.41799926757812,92.5719985961914,88.37000274658203,91.63999938964844
2020-09-10,92.19999694824219,93.66400146484375,90.05400085449219,90.59600067138672
2020-09-11,91.5260009765625,91.697998046875,87.9520034790039,89.18000030517578
2020-09-14,90.28399658203125,92.63999938964844,90.23400115966797,91.61199951171875
2020-09-15,92.64600372314453,94.86399841308594,92.52200317382812,94.79199981689453
2020-09-16,95.29399871826172,95.88800048828125,91.15599822998047,91.2020034790039
2020-09-17,89.13999938964844,91.0,88.4000015258789,90.76000213623047
2020-09-18,90.83000183105469,91.4520034790039,88.54199981689453,90.61799621582031
2020-09-21,89.36399841308594,92.4800033569336,89.23999786376953,92.3759994506836
2020-09-22,93.1500015258789,94.22000122070312,90.91999816894531,94.11399841308594
2020-09-23,94.0,94.66400146484375,91.80799865722656,92.09400177001953
2020-09-24,91.75800323486328,93.03399658203125,90.73999786376953,92.02400207519531
2020-09-25,93.78199768066406,96.33000183105469,92.91400146484375,95.99400329589844
2020-09-28,97.3219985961914,97.68000030517578,95.79399871826172,96.84200286865234
2020-09-29,97.2699966430664,97.91200256347656,96.62000274658203,97.59600067138672
2020-09-30,97.13400268554688,98.66200256347656,96.2300033569336,97.0
2020-10-01,98.31400299072266,99.0260009765625,97.48999786376953,98.50399780273438
2020-10-02,96.0979995727539,100.5260009765625,95.7979965209961,98.62999725341797
2020-10-05,99.12200164794922,100.44599914550781,98.25399780273438,100.35800170898438
2020-10-06,100.0,100.5199966430664,97.96399688720703,98.30799865722656
2020-10-07,99.5260009765625,100.84200286865234,98.80000305175781,100.0
2020-10-08,101.0,101.0,98.4000015258789,99.30000305175781
2020-10-09,100.71199798583984,102.1760025024414,100.4020004272461,101.72200012207031
2020-10-12,102.70999908447266,103.11000061035156,100.4000015258789,101.81800079345703
2020-10-13,103.302001953125,104.55400085449219,102.24600219726562,103.66000366210938
2020-10-14,104.0,104.30000305175781,101.99600219726562,103.37799835205078
2020-10-15,101.89600372314453,104.5979995727539,101.19999694824219,104.13600158691406
2020-10-16,104.83000183105469,106.14600372314453,104.197998046875,104.9739990234375
2020-10-19,105.28800201416016,106.67400360107422,103.87799835205078,104.38999938964844
2020-10-20,104.5999984741211,105.51599884033203,103.18399810791016,103.63800048828125
2020-10-21,103.73600006103516,103.90599822998047,101.36599731445312,102.05599975585938
2020-10-22,102.33999633789062,102.70999908447266,99.03399658203125,101.19200134277344
2020-10-23,101.81800079345703,102.84600067138672,101.0459976196289,102.802001953125
2020-10-26,103.60199737548828,104.37200164794922,98.50199890136719,100.3219985961914
2020-10-27,101.75800323486328,102.0,99.7040023803711,99.96199798583984
2020-10-28,97.38999938964844,97.98400115966797,96.02999877929688,96.80999755859375
2020-10-29,99.4000015258789,103.58000183105469,98.5999984741211,102.11799621582031
2020-10-30,100.87999725341797,101.59600067138672,97.11799621582031,99.51399993896484
2020-11-02,99.84200286865234,101.51599884033203,94.85800170898438,95.19999694824219
2020-11-03,95.52200317382812,96.94200134277344,94.4020004272461,96.01000213623047
2020-11-04,101.2699966430664,103.64600372314453,100.19999694824219,102.71600341796875
2020-11-05,104.66200256347656,106.76799774169922,104.0999984741211,106.21600341796875
2020-11-06,105.90599822998047,107.50599670410156,103.80000305175781,107.03600311279297
2020-11-09,101.93000030517578,105.64199829101562,100.15799713134766,100.39199829101562
2020-11-10,99.10600280761719,99.93599700927734,94.4020004272461,96.25599670410156
2020-11-11,98.74199676513672,101.61199951171875,97.91000366210938,100.6719970703125
2020-11-12,104.08999633789062,105.00199890136719,101.27400207519531,101.95600128173828
2020-11-13,102.31999969482422,102.31999969482422,99.10399627685547,101.60199737548828
2020-11-16,99.49800109863281,101.1500015258789,99.03800201416016,100.45600128173828
2020-11-17,101.0,103.19999694824219,100.81400299072266,102.62000274658203
2020-11-18,102.25,102.71199798583984,100.47799682617188,101.42400360107422
2020-11-19,101.63999938964844,103.98600006103516,101.0,102.86599731445312
2020-11-20,103.12200164794922,105.29199981689453,102.80000305175781,103.61199951171875
2020-11-23,104.0199966430664,104.9739990234375,102.85399627685547,104.4219970703125
2020-11-24,104.54199981689453,105.19999694824219,102.03199768066406,102.93800354003906
2020-11-25,103.80000305175781,104.80000305175781,102.35800170898438,103.84400177001953
2020-11-27,104.19999694824219,105.95600128173828,103.16999816894531,105.49600219726562
2020-11-30,106.0,107.0,104.19599914550781,106.91000366210938
2020-12-01,107.19999694824219,108.3479995727539,105.19200134277344,107.91799926757812
2020-12-02,106.15399932861328,107.0,104.23400115966797,105.30400085449219
2020-12-03,105.55799865722656,107.9000015258789,104.66000366210938,105.0479965209961
2020-12-04,105.10800170898438,105.94999694824219,104.447998046875,105.13999938964844
2020-12-07,105.75199890136719,106.947998046875,105.58200073242188,106.6500015258789
2020-12-08,107.35800170898438,108.80999755859375,105.72000122070312,108.44999694824219
2020-12-09,108.88600158691406,109.0,105.12999725341797,105.5979995727539
2020-12-10,105.30000305175781,107.71199798583984,103.7020034790039,107.5999984741211
2020-12-11,107.63800048828125,108.13800048828125,106.16799926757812,107.47200012207031
2020-12-14,107.69999694824219,107.8219985961914,106.19200134277344,106.49600219726562
2020-12-15,106.4000015258789,107.02200317382812,105.01599884033203,105.47599792480469
2020-12-16,106.58999633789062,109.97599792480469,106.4000015258789,109.0
2020-12-17,109.89399719238281,111.66799926757812,109.89399719238281,110.81400299072266
2020-12-18,111.69400024414062,113.3479995727539,111.11000061035156,113.08599853515625
2020-12-21,111.60399627685547,112.48999786376953,108.54000091552734,110.16400146484375
2020-12-22,110.14199829101562,112.5,109.79399871826172,112.34400177001953
2020-12-23,112.3219985961914,113.0,109.94400024414062,110.01200103759766
2020-12-24,111.05999755859375,112.10800170898438,110.5479965209961,110.77799987792969
2020-12-28,112.5999984741211,112.5999984741211,108.18000030517578,108.74800109863281
2020-12-29,110.04399871826172,110.32599639892578,107.86000061035156,109.19599914550781
2020-12-30,110.16400146484375,110.4000015258789,108.93199920654297,109.47599792480469
2020-12-31,109.4020004272461,110.21600341796875,108.74199676513672,110.08599853515625
2021-01-04,111.38800048828125,111.47200012207031,104.302001953125,105.36599731445312
2021-01-05,105.20800018310547,106.66600036621094,104.95999908447266,106.39399719238281
2021-01-06,103.9540023803711,104.18800354003906,101.41200256347656,101.44999694824219
2021-01-07,102.0,103.37999725341797,101.74199676513672,102.28199768066406
2021-01-08,104.3280029296875,106.3219985961914,103.63200378417969,105.9280014038086
2021-01-11,105.0,105.39199829101562,103.01599884033203,104.61199951171875
2021-01-12,104.0,104.50199890136719,101.46199798583984,102.64199829101562
2021-01-13,103.64199829101562,104.73999786376953,102.19999694824219,104.34200286865234
2021-01-14,105.44000244140625,105.5999984741211,102.55799865722656,102.86799621582031
2021-01-15,103.68199920654297,105.31199645996094,102.5999984741211,102.75199890136719
2021-01-19,103.12000274658203,104.58999633789062,101.93800354003906,103.88400268554688
2021-01-20,105.5979995727539,108.69400024414062,105.4020004272461,108.43800354003906
2021-01-21,108.69999694824219,109.27999877929688,107.5739974975586,108.86599731445312
2021-01-22,109.94999694824219,110.86799621582031,108.05999755859375,108.21800231933594
2021-01-25,109.5459976196289,110.56400299072266,105.01200103759766,107.57599639892578
2021-01-26,108.0,108.15599822998047,106.12200164794922,106.49199676513672
2021-01-27,104.97599792480469,106.61399841308594,101.64399719238281,103.30000305175781
2021-01-28,109.0,112.7760009765625,108.5719985961914,110.8479995727539
2021-01-29,109.81600189208984,110.4000015258789,105.86799621582031,108.63200378417969
2021-02-01,109.2020034790039,112.94599914550781,109.2020034790039,111.71199798583984
2021-02-02,112.57599639892578,117.76399993896484,112.0199966430664,116.7020034790039
2021-02-03,116.5999984741211,117.48600006103516,114.91200256347656,115.33000183105469
2021-02-04,115.97799682617188,117.80000305175781,114.4260025024414,117.7959976196289
2021-02-05,117.73600006103516,118.50800323486328,116.46399688720703,117.94599914550781
2021-02-08,118.26200103759766,119.67400360107422,116.80000305175781,117.58200073242188
2021-02-09,117.4280014038086,117.72000122070312,115.2020034790039,116.35600280761719
2021-02-10,117.1520004272461,118.75599670410156,115.802001953125,117.87200164794922
2021-02-11,118.80000305175781,119.0,117.5999984741211,118.89399719238281
2021-02-12,118.26399993896484,118.74199676513672,117.10600280761719,118.25800323486328
2021-02-16,118.36399841308594,118.93199920654297,116.2300033569336,117.14800262451172
2021-02-17,116.0,116.62799835205078,114.1500015258789,116.18800354003906
2021-02-18,113.99199676513672,115.86199951171875,113.18000030517578,115.16000366210938
2021-02-19,115.43199920654297,116.4219970703125,111.81600189208984,114.14600372314453
2021-02-22,113.20600128173828,113.20600128173828,109.95600128173828,110.052001953125
2021-02-23,107.86799621582031,110.76000213623047,104.88200378417969,110.3499984741211
2021-02-24,109.0999984741211,110.83999633789062,107.78600311279297,110.36599731445312
2021-02-25,110.0,111.2979965209961,105.37799835205078,105.75800323486328
2021-02-26,106.5,108.06400299072266,104.2300033569336,106.69200134277344
2021-03-01,108.96399688720703,111.3280029296875,108.00800323486328,111.29399871826172
2021-03-02,111.91200256347656,112.48600006103516,109.66200256347656,109.86000061035156
2021-03-03,108.85800170898438,109.15799713134766,102.73400115966797,103.19999694824219
2021-03-04,102.18800354003906,103.55000305175781,96.9800033569336,98.1259994506836
2021-03-05,99.24800109863281,99.24800109863281,93.43000030517578,97.39199829101562
2021-03-08,98.15599822998047,99.4520034790039,92.50199890136719,92.80999755859375
2021-03-09,96.14199829101562,98.71199798583984,95.75599670410156,97.79000091552734
2021-03-10,99.4219970703125,99.80000305175781,94.79199981689453,94.80000305175781
2021-03-11,98.89800262451172,102.34200286865234,98.04399871826172,100.5739974975586
2021-03-12,97.80000305175781,98.97599792480469,96.5479965209961,97.84400177001953
2021-03-15,98.0,99.44200134277344,97.29399871826172,99.35399627685547
2021-03-16,100.85600280761719,101.83000183105469,99.06199645996094,99.7979965209961
2021-03-17,98.29199981689453,98.5459976196289,95.27400207519531,97.0
2021-03-18,95.93800354003906,95.95999908447266,92.93399810791016,93.23600006103516
2021-03-19,93.697998046875,95.11399841308594,92.7699966430664,94.16799926757812
2021-03-22,94.32599639892578,96.88800048828125,94.26399993896484,95.33000183105469
2021-03-23,96.02200317382812,97.28800201416016,95.39600372314453,95.63400268554688
2021-03-24,96.1259994506836,96.30000305175781,94.0,94.46399688720703
2021-03-25,93.57599639892578,94.80000305175781,92.76000213623047,94.43599700927734
2021-03-26,94.697998046875,99.08999633789062,94.19999694824219,99.0
2021-03-29,97.89199829101562,98.58799743652344,96.41000366210938,97.0780029296875
2021-03-30,96.0,98.197998046875,94.64199829101562,97.51399993896484
2021-03-31,98.68800354003906,101.37799835205078,98.10399627685547,100.02200317382812
2021-04-01,101.5999984741211,102.58200073242188,100.5,101.4020004272461
2021-04-05,102.39399719238281,103.21399688720703,101.83599853515625,102.80400085449219
2021-04-06,102.27999877929688,103.02799987792969,101.3239974975586,101.81600189208984
2021-04-07,102.21199798583984,102.5780029296875,101.36599731445312,102.14600372314453
2021-04-08,104.0,105.76399993896484,103.49600219726562,104.80799865722656
2021-04-09,103.61799621582031,106.12200164794922,102.0,106.0
2021-04-12,105.83599853515625,108.24400329589844,104.94599914550781,107.4000015258789
2021-04-13,107.80000305175781,110.25599670410156,107.80000305175781,109.78600311279297
2021-04-14,110.19999694824219,112.03800201416016,108.56800079345703,108.96800231933594
2021-04-15,110.69200134277344,112.03399658203125,110.58399963378906,111.87000274658203
2021-04-16,112.11199951171875,112.15799713134766,110.052001953125,111.38200378417969
2021-04-19,110.68399810791016,111.3759994506836,109.19999694824219,109.8740005493164
2021-04-20,109.79199981689453,110.58399963378906,107.30000305175781,108.15599822998047
2021-04-21,109.03199768066406,109.81400299072266,107.4260025024414,109.29399871826172
2021-04-22,109.4000015258789,111.5999984741211,108.7699966430664,109.697998046875
2021-04-23,110.65599822998047,111.1780014038086,109.86599731445312,110.54000091552734
2021-04-26,110.80000305175781,111.87799835205078,109.8499984741211,111.84200286865234
2021-04-27,111.58999633789062,113.05799865722656,110.71800231933594,112.5260009765625
2021-04-28,111.8499984741211,111.95800018310547,110.48799896240234,111.447998046875
2021-04-29,104.19999694824219,106.16000366210938,100.69999694824219,101.0
2021-04-30,100.05599975585938,103.96399688720703,100.05599975585938,101.27400207519531
2021-05-03,101.49199676513672,101.64399719238281,97.75599670410156,98.06400299072266
2021-05-04,97.10399627685547,97.93599700927734,94.74600219726562,96.66000366210938
2021-05-05,97.83599853515625,97.91000366210938,95.4000015258789,95.99400329589844
2021-05-06,95.41999816894531,97.31999969482422,94.62000274658203,97.16799926757812
2021-05-07,98.68000030517578,98.90599822998047,94.88999938964844,96.7020034790039
2021-05-10,96.5,96.5,92.94000244140625,93.36000061035156
2021-05-11,90.76000213623047,97.2020034790039,90.49199676513672,96.30000305175781
2021-05-12,94.64600372314453,95.0,92.00199890136719,92.94200134277344
2021-05-13,94.0,94.26399993896484,90.20800018310547,90.99600219726562
2021-05-14,92.38200378417969,92.98200225830078,91.75599670410156,92.06600189208984
2021-05-17,91.89399719238281,91.89399719238281,89.65399932861328,90.87999725341797
2021-05-18,91.09200286865234,92.5999984741211,90.19999694824219,91.44400024414062
2021-05-19,90.05000305175781,92.14399719238281,89.65399932861328,91.9520034790039
2021-05-20,92.93399810791016,95.11599731445312,92.65799713134766,94.22599792480469
2021-05-21,94.77799987792969,95.7239990234375,93.78600311279297,93.89399719238281
2021-05-24,95.0,95.95999908447266,94.7040023803711,95.27200317382812
2021-05-25,95.75,96.73999786376953,95.27400207519531,95.9800033569336
2021-05-26,95.76200103759766,97.4540023803711,95.60800170898438,97.08200073242188
2021-05-27,96.19400024414062,96.52200317382812,94.5260009765625,95.84400177001953
2021-05-28,96.0,96.41400146484375,94.11000061035156,94.7760009765625
2021-06-01,95.5199966430664,95.52799987792969,93.40799713134766,93.83399963378906
2021-06-02,92.91400146484375,94.5199966430664,92.38200378417969,93.4020004272461
2021-06-03,92.86199951171875,93.03600311279297,91.19999694824219,91.83999633789062
2021-06-04,92.0,93.06199645996094,91.74400329589844,92.12999725341797
2021-06-07,92.00399780273438,92.5479965209961,91.4000015258789,91.89199829101562
2021-06-08,92.79399871826172,94.22000122070312,91.88400268554688,92.1520004272461
2021-06-09,92.99199676513672,93.52200317382812,92.14399719238281,92.94200134277344
2021-06-10,97.14199829101562,98.15799713134766,95.802001953125,97.82599639892578
2021-06-11,98.0,99.9020004272461,97.5999984741211,99.60199737548828
2021-06-14,100.0,102.2239990234375,99.64399719238281,101.86799621582031
2021-06-15,102.10399627685547,102.51000213623047,100.8239974975586,101.08599853515625
2021-06-16,101.54000091552734,104.30000305175781,100.43000030517578,102.01599884033203
2021-06-17,101.16000366210938,106.19999694824219,101.16000366210938,106.08000183105469
2021-06-18,105.76399993896484,107.54399871826172,105.05599975585938,106.74800109863281
2021-06-21,106.26399993896484,107.5999984741211,105.00399780273438,106.94999694824219
2021-06-22,107.19999694824219,109.4000015258789,107.0,109.20600128173828
2021-06-23,109.0,110.19999694824219,108.5459976196289,110.04000091552734
2021-06-24,110.4000015258789,111.75,110.16200256347656,110.41400146484375
2021-06-25,111.052001953125,111.052001953125,108.39800262451172,108.99800109863281
2021-06-28,109.5999984741211,110.54199981689453,109.3499984741211,110.43399810791016
2021-06-29,111.0479965209961,112.37799835205078,110.50599670410156,111.71800231933594
2021-06-30,111.37799835205078,111.59200286865234,109.52200317382812,109.91000366210938
2021-07-01,109.0,110.0260009765625,107.94999694824219,109.03399658203125
2021-07-02,109.6500015258789,110.947998046875,109.44000244140625,110.36599731445312
2021-07-06,110.85800170898438,112.75800323486328,110.43800354003906,111.697998046875
2021-07-07,112.18000030517578,112.6520004272461,110.61399841308594,112.35600280761719
2021-07-08,110.55000305175781,112.45800018310547,109.38999938964844,112.09400177001953
2021-07-09,111.94400024414062,113.46600341796875,111.17400360107422,113.27400207519531
2021-07-12,114.0,114.73400115966797,112.25,112.38600158691406
2021-07-13,112.19999694824219,113.2699966430664,111.0,111.86599731445312
2021-07-14,112.79199981689453,113.45999908447266,111.75599670410156,112.58799743652344
2021-07-15,112.6760025024414,113.34400177001953,110.91000366210938,111.65599822998047
2021-07-16,112.30400085449219,112.9260025024414,110.99199676513672,111.27200317382812
2021-07-19,110.3479995727539,111.0780029296875,109.0,111.01799774169922
2021-07-20,112.0,113.83200073242188,110.9219970703125,113.05000305175781
2021-07-21,112.49800109863281,113.4260025024414,111.70800018310547,113.4260025024414
2021-07-22,114.41600036621094,115.87999725341797,114.08999633789062,115.33999633789062
2021-07-23,116.0,117.69599914550781,115.56400299072266,117.23600006103516
2021-07-26,116.95999908447266,116.97000122070312,115.00199890136719,116.83999633789062
2021-07-27,116.80000305175781,117.3740005493164,114.93399810791016,116.45800018310547
2021-07-28,116.4000015258789,117.4000015258789,115.2020034790039,116.66999816894531
2021-07-29,116.91999816894531,121.75599670410156,116.91999816894531,117.28600311279297
2021-07-30,115.94200134277344,119.1780014038086,115.18800354003906,117.5780029296875
2021-08-02,117.5780029296875,118.34400177001953,115.802001953125,116.93399810791016
2021-08-03,116.97799682617188,118.16200256347656,115.46800231933594,116.93199920654297
2021-08-04,117.0,118.93800354003906,116.63400268554688,118.69400024414062
2021-08-05,119.0,119.4000015258789,117.8759994506836,119.0999984741211
2021-08-06,118.80000305175781,119.12000274658203,117.88600158691406,118.13600158691406
2021-08-09,117.98999786376953,118.45999908447266,117.05999755859375,117.59200286865234
2021-08-10,117.5999984741211,117.88800048828125,114.55599975585938,115.16000366210938
2021-08-11,115.68800354003906,116.22799682617188,113.31800079345703,114.04000091552734
2021-08-12,113.85399627685547,116.39800262451172,113.39800262451172,116.31400299072266
2021-08-13,115.80799865722656,117.59600067138672,115.50800323486328,117.56600189208984
2021-08-16,117.19999694824219,118.33599853515625,115.26399993896484,116.04399871826172
2021-08-17,115.88999938964844,116.81999969482422,114.8759994506836,116.447998046875
2021-08-18,116.09400177001953,117.72000122070312,115.69599914550781,116.38999938964844
2021-08-19,115.9000015258789,118.26000213623047,115.55000305175781,117.38400268554688
2021-08-20,118.20999908447266,120.28199768066406,117.71399688720703,120.10399627685547
2021-08-23,120.4000015258789,124.19999694824219,120.4000015258789,123.88600158691406
2021-08-24,124.0,125.30599975585938,124.0,124.37000274658203
2021-08-25,124.5999984741211,125.55400085449219,123.33200073242188,124.21399688720703
2021-08-26,124.52400207519531,126.0459976196289,124.22000122070312,124.80599975585938
2021-08-27,125.0,127.1240005493164,124.80799865722656,126.4800033569336
2021-08-30,126.80000305175781,128.656005859375,126.697998046875,128.3300018310547
2021-08-31,129.0,129.5399932861328,127.91200256347656,128.72799682617188
2021-09-01,128.72000122070312,130.51199340820312,128.5,130.1699981689453
2021-09-02,130.8000030517578,132.3560028076172,130.47799682617188,132.06199645996094
2021-09-03,132.0,136.22000122070312,131.80999755859375,135.7259979248047
2021-09-07,135.7259979248047,135.8000030517578,132.04200744628906,132.21800231933594
2021-09-08,132.06199645996094,132.06199645996094,130.12600708007812,130.75999450683594
2021-09-09,131.156005859375,131.2740020751953,129.8000030517578,130.03799438476562
2021-09-10,130.6219940185547,131.15199279785156,129.34800720214844,129.5959930419922
2021-09-13,129.8000030517578,129.8159942626953,126.13400268554688,127.81600189208984
2021-09-14,128.3979949951172,129.70799255371094,128.1179962158203,129.08399963378906
2021-09-15,128.8179931640625,130.82400512695312,127.53399658203125,130.42999267578125
2021-09-16,130.05999755859375,131.4239959716797,128.93600463867188,131.27000427246094
2021-09-17,130.67799377441406,131.49200439453125,129.65199279785156,130.20599365234375
2021-09-20,128.8719940185547,130.11599731445312,128.0240020751953,129.74600219726562
2021-09-21,130.0,131.43600463867188,129.12600708007812,130.83999633789062
2021-09-22,131.60000610351562,133.10000610351562,130.13600158691406,132.52999877929688
2021-09-23,133.60000610351562,134.09800720214844,132.6020050048828,132.843994140625
2021-09-24,132.4199981689453,133.39999389648438,131.0,133.26199340820312
2021-09-27,131.9759979248047,132.0,129.24200439453125,129.91200256347656
2021-09-28,126.73400115966797,127.36799621582031,122.0,122.50399780273438
2021-09-29,124.0,124.76799774169922,121.43599700927734,123.60399627685547
2021-09-30,124.04000091552734,125.39800262451172,123.64800262451172,124.4540023803711
2021-10-01,124.75599670410156,127.08200073242188,122.86599731445312,126.55999755859375
2021-10-04,127.08000183105469,127.61000061035156,121.89399719238281,123.59400177001953
2021-10-05,124.49400329589844,127.90799713134766,124.4000015258789,126.68399810791016
2021-10-06,125.46800231933594,127.1520004272461,124.27999877929688,125.87200164794922
2021-10-07,127.28600311279297,129.6719970703125,127.08599853515625,127.58399963378906
2021-10-08,128.0,128.73199462890625,123.38400268554688,123.51599884033203
2021-10-11,123.60399627685547,125.46199798583984,122.4280014038086,123.16999816894531
2021-10-12,124.47200012207031,126.5999984741211,124.0479965209961,125.82599639892578
2021-10-13,126.0,128.21600341796875,126.0,127.88200378417969
2021-10-14,130.0,132.552001953125,129.72000122070312,130.6060028076172
2021-10-15,131.3719940185547,133.1219940185547,130.97999572753906,132.63600158691406
2021-10-18,132.6999969482422,133.25999450683594,131.46600341796875,133.24400329589844
2021-10-19,134.47999572753906,137.53799438476562,134.45799255371094,136.0500030517578
2021-10-20,136.8459930419922,137.3459930419922,134.23599243164062,136.2220001220703
2021-10-21,136.0,137.45799255371094,135.37399291992188,137.26800537109375
2021-10-22,137.1999969482422,138.593994140625,136.6840057373047,137.3300018310547
2021-10-25,137.3300018310547,138.69400024414062,136.89999389648438,137.77000427246094
2021-10-26,138.53799438476562,138.60000610351562,135.11000061035156,135.3419952392578
2021-10-27,135.13999938964844,136.96600341796875,132.7220001220703,132.95199584960938
2021-10-28,134.302001953125,138.8000030517578,134.25999450683594,137.5399932861328
2021-10-29,137.27000427246094,139.68600463867188,136.42999267578125,139.552001953125
2021-11-01,140.0,140.96400451660156,135.33200073242188,136.39599609375
2021-11-02,137.197998046875,137.5,136.10000610351562,137.3179931640625
2021-11-03,137.82000732421875,137.82000732421875,134.44400024414062,137.53399658203125
2021-11-04,138.0,141.52000427246094,137.8280029296875,140.3459930419922
2021-11-05,140.39999389648438,140.54800415039062,137.3800048828125,138.40199279785156
2021-11-08,138.74400329589844,139.3179931640625,137.8300018310547,138.45599365234375
2021-11-09,139.06199645996094,139.45599365234375,137.1199951171875,138.25399780273438
2021-11-10,137.35800170898438,137.58599853515625,132.76400756835938,134.1820068359375
2021-11-11,135.93800354003906,136.26800537109375,134.7779998779297,135.85000610351562
2021-11-12,137.0,138.34800720214844,136.28799438476562,138.27999877929688
2021-11-15,137.89199829101562,137.97999572753906,135.74200439453125,136.51400756835938
2021-11-16,136.9980010986328,138.51199340820312,136.4219970703125,138.50999450683594
2021-11-17,138.86599731445312,139.1219940185547,136.77999877929688,136.98599243164062
2021-11-18,136.49400329589844,136.91200256347656,134.8280029296875,135.16799926757812
2021-11-19,136.06199645996094,137.45199584960938,134.83599853515625,135.19400024414062
2021-11-22,135.14199829101562,136.79200744628906,130.27200317382812,131.2760009765625
2021-11-23,130.0,130.88600158691406,125.48200225830078,127.38200378417969
2021-11-24,125.99199676513672,129.88400268554688,124.8280029296875,129.86199951171875
2021-11-26,128.9040069580078,132.21400451660156,128.9040069580078,129.91000366210938
2021-11-29,131.92599487304688,135.3000030517578,130.2220001220703,134.56399536132812
2021-11-30,134.92599487304688,135.9239959716797,128.52999877929688,129.5399932861328
2021-12-01,130.07200622558594,131.5919952392578,119.86799621582031,119.91400146484375
2021-12-02,119.91400146484375,125.16000366210938,119.72799682617188,124.67400360107422
2021-12-03,125.53800201416016,125.75199890136719,118.63200378417969,122.62200164794922
2021-12-06,120.31600189208984,123.93199920654297,118.80999755859375,123.30799865722656
2021-12-07,126.197998046875,133.6320037841797,126.0,132.67799377441406
2021-12-08,132.0,134.593994140625,130.2100067138672,133.16200256347656
2021-12-09,133.1999969482422,133.82200622558594,128.25,128.42999267578125
2021-12-10,129.43800354003906,131.63600158691406,128.0399932861328,129.39999389648438
2021-12-13,128.92999267578125,132.23399353027344,128.53399658203125,131.18800354003906
2021-12-14,128.41799926757812,129.3800048828125,121.43800354003906,124.93800354003906
2021-12-15,125.33200073242188,129.61399841308594,124.91600036621094,129.4080047607422
2021-12-16,127.87799835205078,128.75999450683594,121.33799743652344,121.7959976196289
2021-12-17,119.33999633789062,124.12999725341797,117.40399932861328,123.1259994506836
2021-12-20,121.0,122.81199645996094,120.24400329589844,121.0739974975586
2021-12-21,122.5,127.06800079345703,121.0,126.26399993896484
2021-12-22,126.29199981689453,129.7779998779297,125.12000274658203,128.78599548339844
2021-12-23,129.19200134277344,130.33799743652344,128.20599365234375,129.71400451660156
2021-12-27,131.1959991455078,132.99000549316406,130.3939971923828,132.656005859375
2021-12-28,133.5279998779297,133.5279998779297,130.60000610351562,130.8000030517578
2021-12-29,131.03599548339844,131.77200317382812,129.20399475097656,130.91600036621094
2021-12-30,131.24000549316406,132.63400268554688,130.76800537109375,130.9080047607422
2021-12-31,130.4040069580078,131.71800231933594,129.7740020751953,129.82200622558594
2022-01-03,129.6320037841797,130.28199768066406,125.08399963378906,126.02799987792969
2022-01-04,125.6780014038086,125.76399993896484,115.39399719238281,120.78800201416016
2022-01-05,117.80000305175781,121.5,114.2959976196289,114.552001953125
2022-01-06,113.4800033569336,117.88999938964844,111.0,114.80799865722656
2022-01-07,114.13800048828125,117.11599731445312,111.66600036621094,113.27799987792969
2022-01-10,110.0199966430664,114.62000274658203,107.16200256347656,114.4000015258789
2022-01-11,113.97599792480469,116.0479965209961,112.3499984741211,115.68800354003906
2022-01-12,117.46399688720703,118.30400085449219,113.92400360107422,114.6780014038086
2022-01-13,115.00399780273438,115.16799926757812,104.0,104.25199890136719
2022-01-14,104.25199890136719,107.70800018310547,102.93199920654297,106.2040023803711
2022-01-18,104.94000244140625,108.89199829101562,103.51799774169922,104.46800231933594
2022-01-19,105.08399963378906,108.74600219726562,104.12799835205078,104.25800323486328
2022-01-20,106.44200134277344,108.55999755859375,102.74400329589844,103.0
2022-01-21,102.0,105.7760009765625,101.4260025024414,101.5479965209961
2022-01-24,100.05799865722656,105.52400207519531,96.88600158691406,105.16799926757812
2022-01-25,103.08999633789062,103.5199966430664,96.88800048828125,99.01599884033203
2022-01-26,102.85600280761719,104.197998046875,95.87000274658203,96.88400268554688
2022-01-27,110.70600128173828,111.39800262451172,103.62799835205078,105.73799896240234
2022-01-28,105.73799896240234,112.69999694824219,101.55999755859375,112.21600341796875
2022-01-31,113.4540023803711,117.68000030517578,112.99199676513672,117.15599822998047
2022-02-01,116.9800033569336,118.14199829101562,115.39199829101562,117.30799865722656
2022-02-02,118.97000122070312,118.97000122070312,114.61599731445312,116.2300033569336
2022-02-03,113.64199829101562,116.40799713134766,111.86000061035156,112.16999816894531
2022-02-04,111.99800109863281,117.4739990234375,110.95600128173828,115.50399780273438
2022-02-07,115.5979995727539,117.68800354003906,114.09400177001953,114.63999938964844
2022-02-08,112.83999633789062,118.4000015258789,112.79399871826172,118.25399780273438
2022-02-09,119.7699966430664,122.86599731445312,119.5999984741211,122.79399871826172
2022-02-10,120.09400177001953,124.28199768066406,119.99199676513672,122.09200286865234
2022-02-11,120.69000244140625,122.0,115.52400207519531,116.74400329589844
2022-02-14,115.77400207519531,117.86599731445312,114.83599853515625,115.91600036621094
2022-02-15,117.56199645996094,118.7760009765625,116.24400329589844,118.33200073242188
2022-02-16,117.16799926757812,118.60600280761719,115.2959976196289,118.1780014038086
2022-02-17,116.81600189208984,117.43199920654297,112.91799926757812,113.1500015258789
2022-02-18,113.19200134277344,113.80000305175781,110.30400085449219,111.2020034790039
2022-02-22,108.81400299072266,112.38999938964844,107.87999725341797,110.02999877929688
2022-02-23,110.02999877929688,110.68399810791016,104.53199768066406,104.94000244140625
2022-02-24,101.6500015258789,115.19400024414062,100.49199676513672,114.79000091552734
2022-02-25,113.79199981689453,116.05999755859375,112.80999755859375,116.0459976196289
2022-02-28,115.63999938964844,117.10800170898438,114.18399810791016,115.98400115966797
2022-03-01,116.76399993896484,119.91600036621094,113.35800170898438,114.21399688720703
2022-03-02,115.66400146484375,118.1520004272461,112.00399780273438,117.41200256347656
2022-03-03,118.40399932861328,118.66600036621094,111.33999633789062,112.46199798583984
2022-03-04,111.0979995727539,113.81999969482422,108.48200225830078,109.41400146484375
2022-03-07,110.67400360107422,112.62000274658203,103.73600006103516,103.92400360107422
2022-03-08,102.0,107.18000030517578,100.89199829101562,103.63999938964844
2022-03-09,107.29199981689453,113.15599822998047,106.62200164794922,111.91600036621094
2022-03-10,109.71600341796875,110.38400268554688,106.18399810791016,106.71800231933594
2022-03-11,108.52799987792969,108.91000366210938,102.27200317382812,102.43000030517578
2022-03-14,102.99199676513672,105.26399993896484,98.41000366210938,99.0199966430664
2022-03-15,100.03600311279297,103.5199966430664,98.26200103759766,102.84400177001953
2022-03-16,105.7020034790039,109.75199890136719,103.47799682617188,109.4800033569336
2022-03-17,108.07599639892578,113.59400177001953,108.07599639892578,113.33599853515625
2022-03-18,115.5199966430664,116.77200317382812,113.3499984741211,115.97599792480469
2022-03-21,115.0,116.12200164794922,111.0739974975586,113.95999908447266
2022-03-22,114.14199829101562,119.5479965209961,114.0199966430664,117.73200225830078
2022-03-23,114.72799682617188,115.96600341796875,112.49400329589844,113.59200286865234
2022-03-24,114.0,116.5459976196289,112.46199798583984,116.21800231933594
2022-03-25,116.20800018310547,116.72200012207031,111.36000061035156,112.3740005493164
2022-03-28,113.46600341796875,116.7760009765625,112.39600372314453,116.552001953125
2022-03-29,118.04399871826172,120.3239974975586,115.52799987792969,119.55000305175781
2022-03-30,118.02400207519531,118.20999908447266,114.14399719238281,114.7979965209961
2022-03-31,114.7979965209961,115.39800262451172,111.27799987792969,111.37799835205078
2022-04-01,111.22000122070312,112.30400085449219,108.80599975585938,109.73799896240234
2022-04-04,109.5999984741211,115.16200256347656,109.30400085449219,114.96399688720703
2022-04-05,114.0,114.2959976196289,110.15799713134766,110.64399719238281
2022-04-06,108.56400299072266,108.56400299072266,103.93599700927734,105.58999633789062
2022-04-07,105.1259994506836,108.37999725341797,103.98799896240234,105.95600128173828
2022-04-08,105.0,105.8759994506836,102.84400177001953,103.12000274658203
2022-04-11,101.5739974975586,103.9540023803711,99.91400146484375,102.28399658203125
2022-04-12,104.51799774169922,106.82599639892578,101.79000091552734,102.04199981689453
2022-04-13,102.81400299072266,105.92400360107422,102.16200256347656,105.21399688720703
2022-04-14,104.9800033569336,105.18199920654297,101.34400177001953,101.46600341796875
2022-04-18,101.33399963378906,101.33399963378906,98.68000030517578,99.50599670410156
2022-04-19,99.75599670410156,104.14399719238281,98.41400146484375,102.87999725341797
2022-04-20,104.0719985961914,104.41999816894531,100.59600067138672,101.04399871826172
2022-04-21,102.30999755859375,104.33799743652344,97.76799774169922,98.33399963378906
2022-04-22,98.69000244140625,99.5459976196289,93.81999969482422,94.27999877929688
2022-04-25,92.94999694824219,95.47599792480469,92.85199737548828,94.4540023803711
2022-04-26,94.38400268554688,94.43199920654297,90.78399658203125,91.19999694824219
2022-04-27,92.5479965209961,94.88200378417969,91.88600158691406,93.25800323486328
2022-04-28,101.5999984741211,102.80000305175781,96.9520034790039,100.80400085449219
2022-04-29,97.83599853515625,101.7979965209961,95.41600036621094,95.62000274658203
2022-05-02,94.93800354003906,97.06199645996094,93.80400085449219,96.9000015258789
2022-05-03,96.39600372314453,97.6780014038086,93.92400360107422,96.37200164794922
2022-05-04,97.0479965209961,100.22200012207031,92.01799774169922,99.89199829101562
2022-05-05,98.97799682617188,99.09600067138672,92.39600372314453,93.86599731445312
2022-05-06,92.51200103759766,93.69400024414062,87.6240005493164,91.3479995727539
2022-05-09,88.5999984741211,90.06199645996094,84.52200317382812,85.17400360107422
2022-05-10,88.19999694824219,88.88200378417969,83.31199645996094,86.46399688720703
2022-05-11,85.23400115966797,89.59600067138672,83.74199676513672,84.0719985961914
2022-05-12,83.71800231933594,88.62200164794922,81.29399871826172,86.58799743652344
2022-05-13,87.5479965209961,91.93800354003906,87.26799774169922,90.52999877929688
2022-05-16,89.25,90.35800170898438,86.15599822998047,86.58599853515625
2022-05-17,89.18399810791016,90.2959976196289,83.41200256347656,86.56999969482422
2022-05-18,85.69999694824219,86.92400360107422,81.64399719238281,82.44999694824219
2022-05-19,82.89600372314453,87.14399719238281,82.06400299072266,85.35199737548828
2022-05-20,87.53399658203125,89.33599853515625,83.9739990234375,86.60600280761719
2022-05-23,86.18399810791016,87.78600311279297,84.86199951171875,86.02400207519531
2022-05-24,85.30000305175781,86.02200317382812,82.20800018310547,83.93000030517578
2022-05-25,84.69000244140625,91.5199966430664,84.3740005493164,90.45800018310547
2022-05-26,90.02799987792969,92.1500015258789,88.80000305175781,90.9739990234375
2022-05-27,92.63800048828125,95.99400329589844,92.5780029296875,95.25800323486328
2022-05-31,94.41000366210938,95.2760009765625,92.52999877929688,93.49400329589844
2022-06-01,98.20800018310547,99.39600372314453,94.14600372314453,95.0260009765625
2022-06-02,93.93199920654297,102.14600372314453,93.93199920654297,100.95999908447266
2022-06-03,99.16799926757812,101.13200378417969,96.94000244140625,98.49600219726562
2022-06-06,99.40399932861328,100.2020034790039,97.4800033569336,98.50800323486328
2022-06-07,97.54000091552734,102.08999633789062,97.04000091552734,101.28600311279297
2022-06-08,100.38400268554688,101.87200164794922,100.10600280761719,101.08399963378906
2022-06-09,100.1259994506836,101.55599975585938,98.38800048828125,98.44400024414062
2022-06-10,96.5459976196289,97.58000183105469,93.76000213623047,94.62999725341797
2022-06-13,90.0,91.7699966430664,87.80000305175781,88.0739974975586
2022-06-14,88.37999725341797,90.30400085449219,87.5739974975586,88.94999694824219
2022-06-15,89.90399932861328,95.09200286865234,89.81400299072266,93.19000244140625
2022-06-16,89.53800201416016,91.1240005493164,84.83399963378906,85.61599731445312
2022-06-17,86.0260009765625,90.20999908447266,85.80599975585938,88.75800323486328
2022-06-21,89.97200012207031,92.30799865722656,89.97000122070312,91.05400085449219
2022-06-22,90.04199981689453,93.22000122070312,89.66600036621094,91.7300033569336
2022-06-23,93.25800323486328,97.3499984741211,93.25800323486328,97.10600280761719
2022-06-24,99.03199768066406,101.2760009765625,98.7979965209961,100.81800079345703
2022-06-27,101.27400207519531,101.94000244140625,97.84600067138672,99.33999633789062
2022-06-28,99.33999633789062,100.052001953125,94.2040023803711,94.68800354003906
2022-06-29,94.72200012207031,96.69200134277344,93.5,95.55799865722656
2022-06-30,94.5479965209961,95.98400115966797,91.9280014038086,95.10399627685547
2022-07-01,94.98600006103516,97.08999633789062,93.81800079345703,96.87200164794922
2022-07-05,96.04199981689453,99.5,94.802001953125,99.18599700927734
2022-07-06,100.0739974975586,101.29000091552734,97.58000183105469,98.66200256347656
2022-07-07,98.03399658203125,100.38200378417969,98.03399658203125,99.41000366210938
2022-07-08,97.85600280761719,99.88400268554688,97.16600036621094,98.83000183105469
2022-07-11,97.79399871826172,99.10800170898438,96.12000274658203,98.08000183105469
2022-07-12,92.25,93.34600067138672,84.95800018310547,85.58799743652344
2022-07-13,83.2020034790039,86.94200134277344,82.33200073242188,84.55400085449219
2022-07-14,83.30000305175781,86.08599853515625,81.5,84.19400024414062
2022-07-15,86.2699966430664,88.1520004272461,85.51799774169922,87.1240005493164
2022-07-18,87.51799774169922,88.49600219726562,85.2020034790039,85.3479995727539
2022-07-19,86.44400024414062,87.38200378417969,84.052001953125,87.18800354003906
2022-07-20,88.58000183105469,91.65799713134766,88.197998046875,91.37000274658203
2022-07-21,89.87999725341797,92.16600036621094,88.00199890136719,92.05799865722656
2022-07-22,92.12200164794922,93.1760025024414,88.76799774169922,89.35399627685547
2022-07-25,89.08599853515625,89.13800048828125,87.33200073242188,88.0
2022-07-26,88.72000122070312,88.72000122070312,83.55599975585938,84.56400299072266
2022-07-27,86.41000366210938,90.0260009765625,85.72599792480469,89.72000122070312
2022-07-28,86.24600219726562,89.26200103759766,84.73799896240234,87.30000305175781
2022-07-29,85.84600067138672,89.75399780273438,85.28600311279297,89.33200073242188
2022-08-01,87.7979965209961,91.11399841308594,87.13999938964844,90.75399780273438
2022-08-02,88.93199920654297,92.21399688720703,88.44999694824219,90.88800048828125
2022-08-03,92.1500015258789,94.58200073242188,91.43199920654297,94.29000091552734
2022-08-04,93.55799865722656,99.09600067138672,92.72599792480469,98.5999984741211
2022-08-05,95.61599731445312,100.65399932861328,95.052001953125,98.97000122070312
2022-08-08,99.0199966430664,100.69599914550781,98.39800262451172,98.98999786376953
2022-08-09,98.45600128173828,99.55400085449219,96.697998046875,97.49199676513672
2022-08-10,100.39199829101562,103.3239974975586,100.19599914550781,103.23999786376953
2022-08-11,104.0,104.31600189208984,99.48400115966797,99.88999938964844
2022-08-12,100.88800048828125,101.5999984741211,98.5979995727539,101.302001953125
2022-08-15,100.4000015258789,102.19999694824219,99.71199798583984,100.81400299072266
2022-08-16,99.80000305175781,100.08000183105469,98.30999755859375,99.3479995727539
2022-08-17,97.80000305175781,98.73200225830078,97.09600067138672,97.75199890136719
2022-08-18,97.27200317382812,98.09200286865234,96.04399871826172,97.91999816894531
2022-08-19,96.83399963378906,96.93800354003906,94.66400146484375,95.25199890136719
2022-08-22,93.31400299072266,93.8479995727539,91.15399932861328,91.94200134277344
2022-08-23,91.99800109863281,92.81400299072266,91.2760009765625,91.99800109863281
2022-08-24,92.05799865722656,92.68399810791016,91.03199768066406,91.50399780273438
2022-08-25,91.27999877929688,93.26599884033203,90.66000366210938,93.20600128173828
2022-08-26,93.45800018310547,93.5,88.93399810791016,88.93800354003906
2022-08-29,88.0,89.51599884033203,87.10199737548828,87.15599822998047
2022-08-30,88.5,88.81600189208984,85.9020004272461,87.36799621582031
2022-08-31,88.0,89.19999694824219,86.76799774169922,86.92400360107422
2022-09-01,85.96199798583984,86.33999633789062,83.33599853515625,86.11199951171875
2022-09-02,87.67400360107422,89.49800109863281,86.25599670410156,86.9020004272461
2022-09-06,86.02200317382812,87.552001953125,84.87000274658203,86.09400177001953
2022-09-07,86.197998046875,89.27799987792969,86.04000091552734,88.83200073242188
2022-09-08,87.80799865722656,90.6500015258789,87.61599731445312,90.15399932861328
2022-09-09,91.61599731445312,94.38400268554688,91.50199890136719,94.00599670410156
2022-09-12,95.04000091552734,96.53800201416016,93.85199737548828,95.25800323486328
2022-09-13,90.0,91.6760025024414,89.87999725341797,90.47599792480469
2022-09-14,90.8740005493164,92.11399841308594,89.64199829101562,91.49800109863281
2022-09-15,88.98400115966797,91.56199645996094,86.84200286865234,87.11000061035156
2022-09-16,86.29399871826172,86.802001953125,84.22200012207031,85.16000366210938
2022-09-19,84.55999755859375,85.30000305175781,83.76799774169922,85.01000213623047
2022-09-20,84.30000305175781,84.30000305175781,82.2020034790039,82.23999786376953
2022-09-21,83.03800201416016,83.78800201416016,80.27799987792969,80.28600311279297
2022-09-22,79.9739990234375,80.89199829101562,77.33999633789062,77.39399719238281
2022-09-23,76.58599853515625,77.46600341796875,74.87200164794922,75.40799713134766
2022-09-26,75.2959976196289,76.52200317382812,73.54199981689453,74.0199966430664
2022-09-27,75.35199737548828,75.86000061035156,74.23999786376953,75.79000091552734
2022-09-28,75.68800354003906,78.0780029296875,75.28399658203125,77.7699966430664
2022-09-29,76.57599639892578,77.26200103759766,75.5479965209961,77.0999984741211
2022-09-30,77.0,79.21600341796875,75.43599700927734,75.52200317382812
2022-10-03,76.01599884033203,78.80400085449219,74.94599914550781,78.34200286865234
2022-10-04,80.4260025024414,82.73200225830078,80.16600036621094,82.30999755859375
2022-10-05,80.55000305175781,85.1500015258789,80.4020004272461,84.11599731445312
2022-10-06,84.42400360107422,86.6780014038086,83.30799865722656,83.68599700927734
2022-10-07,82.0,82.48600006103516,79.79199981689453,80.24199676513672
2022-10-10,80.27799987792969,80.44200134277344,75.43000030517578,76.35600280761719
2022-10-11,76.33000183105469,76.34400177001953,73.3759994506836,74.26000213623047
2022-10-12,74.49800109863281,75.26200103759766,73.18800354003906,73.82599639892578
2022-10-13,69.55000305175781,73.31400299072266,67.4000015258789,72.37999725341797
2022-10-14,73.2040023803711,73.37000274658203,68.18000030517578,68.35199737548828
2022-10-17,70.28600311279297,71.7760009765625,69.50199890136719,69.72200012207031
2022-10-18,72.46800231933594,73.49400329589844,70.20999908447266,71.35800170898438
2022-10-19,70.14199829101562,71.97200012207031,70.10399627685547,71.08799743652344
2022-10-20,71.22599792480469,73.29399871826172,70.20800018310547,71.25199890136719
2022-10-21,70.66200256347656,72.3280029296875,69.45800018310547,72.13400268554688
2022-10-24,73.5999984741211,74.18000030517578,71.8499984741211,73.31199645996094
2022-10-25,73.71600341796875,75.5,73.0,75.33200073242188
2022-10-26,70.76000213623047,76.51599884033203,70.19999694824219,73.28199768066406
2022-10-27,85.39199829101562,85.5260009765625,81.72200012207031,83.13400268554688
2022-10-28,83.24600219726562,84.28800201416016,80.75399780273438,84.08000183105469
2022-10-31,83.5999984741211,85.64600372314453,82.98200225830078,84.14800262451172
2022-11-01,85.41600036621094,86.0479965209961,83.31999969482422,83.71199798583984
2022-11-02,83.86599731445312,83.86599731445312,78.46800231933594,78.53600311279297
2022-11-03,78.1240005493164,79.1240005493164,76.97200012207031,77.11199951171875
2022-11-04,77.7020034790039,77.98600006103516,70.83599853515625,72.3499984741211
2022-11-07,73.0,73.01599884033203,70.25,72.63999938964844
2022-11-08,73.0,75.05799865722656,71.81999969482422,74.22799682617188
2022-11-09,73.0,73.76599884033203,72.23999786376953,72.25399780273438
2022-11-10,78.6520004272461,82.11000061035156,78.12799835205078,80.81199645996094
2022-11-11,81.39800262451172,84.89199829101562,80.94400024414062,81.98200225830078
2022-11-14,80.302001953125,81.31999969482422,78.24400329589844,80.08000183105469
2022-11-15,82.84200286865234,85.0780029296875,82.84200286865234,83.89600372314453
2022-11-16,83.08000183105469,83.5,81.08399963378906,82.44000244140625
2022-11-17,80.56999969482422,81.75399780273438,79.56999969482422,80.11599731445312
2022-11-18,81.58200073242188,82.0,78.85600280761719,79.8759994506836
2022-11-21,78.83999633789062,79.19400024414062,76.5,77.47599792480469
2022-11-22,77.89800262451172,80.38600158691406,76.80999755859375,80.05599975585938
2022-11-23,79.96800231933594,82.12000274658203,79.3499984741211,81.8740005493164
2022-11-25,81.33599853515625,81.9219970703125,80.7959976196289,81.44200134277344
2022-11-28,80.78800201416016,81.24400329589844,79.49600219726562,80.38600158691406
2022-11-29,80.17400360107422,80.43399810791016,78.93599700927734,79.37000274658203
2022-11-30,78.8219985961914,83.4540023803711,78.60199737548828,83.26000213623047
2022-12-01,83.23200225830078,86.28399658203125,82.94400024414062,85.12000274658203
2022-12-02,83.44599914550781,84.31999969482422,81.94599914550781,82.5739974975586
2022-12-05,81.19999694824219,81.9739990234375,77.03399658203125,78.4520034790039
2022-12-06,78.447998046875,78.96399688720703,76.31199645996094,77.83000183105469
2022-12-07,77.85399627685547,79.16000366210938,77.01000213623047,77.7040023803711
2022-12-08,78.41799926757812,79.60800170898438,77.04399871826172,79.24600219726562
2022-12-09,78.81400299072266,80.65399932861328,78.61000061035156,78.71600341796875
2022-12-12,79.11199951171875,81.41200256347656,78.94200134277344,80.3280029296875
2022-12-13,84.88600158691406,86.43399810791016,82.0199966430664,83.23400115966797
2022-12-14,83.302001953125,85.84600067138672,82.30999755859375,83.6780014038086
2022-12-15,81.6500015258789,82.77400207519531,79.94200134277344,80.12799835205078
2022-12-16,79.96600341796875,80.87200164794922,78.4280014038086,78.8740005493164
2022-12-19,78.86000061035156,79.5979995727539,76.2020034790039,76.45999908447266
2022-12-20,75.30000305175781,77.67400360107422,75.16400146484375,77.29399871826172
2022-12-21,77.4260025024414,79.0719985961914,76.2300033569336,78.38200378417969
2022-12-22,76.79399871826172,77.35399627685547,74.7300033569336,75.98799896240234
2022-12-23,75.0,76.37999725341797,74.29399871826172,76.37200164794922
2022-12-27,76.02999877929688,76.76599884033203,74.8219985961914,76.12799835205078
2022-12-28,76.08599853515625,77.1240005493164,74.5479965209961,75.20999908447266
2022-12-29,76.19000244140625,78.42400360107422,75.802001953125,77.97000122070312
2022-12-30,76.76000213623047,77.93399810791016,76.45800018310547,77.65399932861328
2023-01-03,79.01599884033203,79.7300033569336,76.12999725341797,77.0999984741211
2023-01-04,78.19000244140625,79.41200256347656,76.947998046875,78.7699966430664
2023-01-05,77.69000244140625,77.94000244140625,73.05000305175781,73.26399993896484
2023-01-06,74.31800079345703,74.31800079345703,70.7239990234375,73.30599975585938
2023-01-09,74.7760009765625,78.5979995727539,74.63800048828125,75.71199798583984
2023-01-10,74.8740005493164,76.75399780273438,74.8740005493164,76.16799926757812
2023-01-11,76.96399688720703,78.78399658203125,76.64199829101562,78.75599670410156
2023-01-12,81.96600341796875,84.16799926757812,79.16999816894531,82.6520004272461
2023-01-13,81.73400115966797,83.47000122070312,81.61199951171875,82.97799682617188
2023-01-17,83.0,83.88400268554688,81.58999633789062,83.64800262451172
2023-01-18,84.15799713134766,86.30000305175781,82.9280014038086,83.23999786376953
2023-01-19,83.2040023803711,86.85399627685547,83.05999755859375,85.68599700927734
2023-01-20,85.83999633789062,88.64800262451172,85.71600341796875,88.36599731445312
2023-01-23,88.19999694824219,90.15599822998047,87.35600280761719,88.48799896240234
2023-01-24,88.0,89.19200134277344,87.4000015258789,88.68199920654297
2023-01-25,85.74800109863281,89.85800170898438,85.45600128173828,89.75399780273438
2023-01-26,92.37200164794922,95.5459976196289,88.93199920654297,92.61399841308594
2023-01-27,91.49600219726562,93.4260025024414,90.33000183105469,91.77200317382812
2023-01-30,90.39800262451172,90.63600158691406,88.02400207519531,88.51399993896484
2023-01-31,88.90399932861328,91.0780029296875,88.46199798583984,91.0260009765625
2023-02-01,91.23799896240234,95.50199890136719,90.6520004272461,94.76200103759766
2023-02-02,96.95999908447266,98.92400360107422,95.89199829101562,98.25399780273438
2023-02-03,95.6259994506836,96.94000244140625,93.77999877929688,94.44400024414062
2023-02-06,91.10199737548828,93.03399658203125,90.55000305175781,91.04399871826172
2023-02-07,90.96600341796875,93.24800109863281,90.10199737548828,92.6520004272461
2023-02-08,92.91799926757812,94.44400024414062,92.19400024414062,92.7959976196289
2023-02-09,94.05000305175781,94.88600158691406,92.21199798583984,92.66000366210938
2023-02-10,91.72200012207031,92.197998046875,90.8740005493164,91.6719970703125
2023-02-13,91.85600280761719,92.76000213623047,90.40399932861328,92.20800018310547
2023-02-14,91.3280029296875,93.89600372314453,91.12000274658203,92.2699966430664
2023-02-15,91.7959976196289,92.9000015258789,91.30400085449219,92.78199768066406
2023-02-16,90.0,92.197998046875,89.85199737548828,90.73799896240234
2023-02-17,90.0,90.59400177001953,86.87799835205078,87.802001953125
2023-02-21,86.36399841308594,87.41999816894531,85.70999908447266,86.37200164794922
2023-02-22,87.52999877929688,89.41400146484375,87.05799865722656,87.96800231933594
2023-02-23,88.08200073242188,88.55599975585938,86.75599670410156,88.34200286865234
2023-02-24,86.46399688720703,86.91600036621094,84.75199890136719,85.11799621582031
2023-02-27,86.24800109863281,87.52799987792969,85.53199768066406,85.71399688720703
2023-02-28,85.13200378417969,86.84400177001953,85.13200378417969,86.43399810791016
2023-03-01,86.38800048828125,87.08399963378906,85.20800018310547,85.78800201416016
2023-03-02,85.74199676513672,87.28399658203125,85.11599731445312,87.20800018310547
2023-03-03,87.96399688720703,89.07599639892578,87.82599639892578,88.7959976196289
2023-03-06,89.0999984741211,90.97799682617188,88.8740005493164,89.2040023803711
2023-03-07,89.12000274658203,90.90799713134766,88.75199890136719,88.96199798583984
2023-03-08,88.86599731445312,90.10399627685547,88.30000305175781,89.39399719238281
2023-03-09,88.84600067138672,90.16000366210938,85.61799621582031,85.69999694824219
2023-03-10,85.5999984741211,85.84600067138672,81.86199951171875,83.01599884033203
2023-03-13,82.58999633789062,85.18599700927734,81.0739974975586,82.98600006103516
2023-03-14,84.55999755859375,85.19599914550781,83.38600158691406,84.90799713134766
2023-03-15,83.74400329589844,84.53399658203125,82.95999908447266,84.4520034790039
2023-03-16,84.56800079345703,88.58000183105469,84.30000305175781,88.47799682617188
2023-03-17,88.7300033569336,88.73200225830078,86.91999816894531,88.19999694824219
2023-03-20,87.60800170898438,87.89800262451172,85.16999816894531,87.02999877929688
2023-03-21,87.22000122070312,89.5739974975586,87.22000122070312,89.09200286865234
2023-03-22,89.43599700927734,89.75199890136719,86.69400024414062,86.7020034790039
2023-03-23,88.09400177001953,90.39399719238281,87.53399658203125,88.09400177001953
2023-03-24,87.76599884033203,87.84400177001953,85.4219970703125,86.58000183105469
2023-03-27,86.69999694824219,87.5479965209961,86.0260009765625,86.26200103759766
2023-03-28,85.80400085449219,86.38200378417969,85.4020004272461,85.81600189208984
2023-03-29,86.70999908447266,87.7979965209961,86.25800323486328,87.68800354003906
2023-03-30,88.70800018310547,88.76799774169922,87.61599731445312,87.9260025024414
2023-03-31,88.62000274658203,93.08200073242188,88.3239974975586,92.94400024414062
2023-04-03,92.30599975585938,93.1780014038086,91.48200225830078,92.89800262451172
2023-04-04,95.08799743652344,96.46600341796875,94.47599792480469,95.20999908447266
2023-04-05,95.1500015258789,95.19999694824219,92.05799865722656,93.46600341796875
2023-04-06,92.79000091552734,94.7300033569336,91.49199676513672,94.6259994506836
2023-04-10,93.2300033569336,94.60600280761719,91.2760009765625,94.52799987792969
2023-04-11,93.2020034790039,94.77799987792969,92.86599731445312,93.96399688720703
2023-04-12,94.91799926757812,96.16600036621094,93.89600372314453,94.28600311279297
2023-04-13,95.06400299072266,97.11599731445312,94.58999633789062,96.69999694824219
2023-04-14,93.35600280761719,93.96399688720703,90.93800354003906,92.60600280761719
2023-04-17,93.00199890136719,94.33799743652344,92.71399688720703,94.11000061035156
2023-04-18,95.6259994506836,95.6259994506836,94.00199890136719,95.197998046875
2023-04-19,95.0,95.66999816894531,94.63400268554688,95.11799621582031
2023-04-20,94.66400146484375,94.75599670410156,93.08000183105469,93.53800201416016
2023-04-21,94.03800201416016,94.83200073242188,93.02200317382812,94.66200256347656
2023-04-24,94.80000305175781,95.31999969482422,93.05000305175781,94.5999984741211
2023-04-25,93.3499984741211,93.6500015258789,88.39600372314453,88.45600128173828
2023-04-26,90.0,90.9000015258789,89.1760025024414,90.80599975585938
2023-04-27,88.0459976196289,91.7300033569336,85.53600311279297,90.86799621582031
2023-04-28,90.8479995727539,92.33599853515625,89.83999633789062,91.88400268554688
2023-05-01,91.26200103759766,91.26200103759766,89.86000061035156,90.08200073242188
2023-05-02,90.10600280761719,90.19999694824219,87.87799835205078,88.73600006103516
2023-05-03,88.70600128173828,89.37999725341797,87.29000091552734,87.41600036621094
2023-05-04,87.81199645996094,88.50800323486328,85.79399871826172,86.10199737548828
2023-05-05,86.5999984741211,87.93399810791016,86.30999755859375,86.95999908447266
2023-05-08,87.37999725341797,87.91400146484375,85.80999755859375,87.7979965209961
2023-05-09,87.44400024414062,89.16799926757812,87.01399993896484,88.27799987792969
2023-05-10,89.83599853515625,91.99800109863281,89.25,90.8280029296875
2023-05-11,90.7979965209961,91.09200286865234,89.48999786376953,90.51399993896484
2023-05-12,90.5999984741211,91.49400329589844,89.33000183105469,91.04000091552734
2023-05-15,90.66000366210938,92.93000030517578,90.447998046875,92.62799835205078
2023-05-16,92.58000183105469,95.5999984741211,92.35399627685547,93.64800262451172
2023-05-17,95.89800262451172,98.98799896240234,95.43199920654297,98.58399963378906
2023-05-18,100.0,102.52200317382812,99.16400146484375,102.03399658203125
2023-05-19,102.0,102.34600067138672,100.55000305175781,102.05999755859375
2023-05-22,101.31999969482422,103.41799926757812,101.23400115966797,102.27799987792969
2023-05-23,101.5,102.35600280761719,99.97000122070312,100.02799987792969
2023-05-24,99.34400177001953,101.25199890136719,98.82599639892578,100.51000213623047
2023-05-25,104.65799713134766,107.95999908447266,103.55999755859375,106.35600280761719
2023-05-26,106.9280014038086,109.91200256347656,106.36199951171875,107.49199676513672
2023-05-30,109.5999984741211,111.31600189208984,108.8740005493164,109.8239974975586
2023-05-31,107.86599731445312,109.6520004272461,106.75800323486328,108.95600128173828
2023-06-01,106.95999908447266,110.1240005493164,106.40399932861328,108.59200286865234
2023-06-02,109.19999694824219,110.88800048828125,108.25599670410156,109.63600158691406
2023-06-05,109.61599731445312,111.97200012207031,108.4739990234375,111.34200286865234
2023-06-06,111.30000305175781,112.72599792480469,111.03600311279297,111.16000366210938
2023-06-07,111.11000061035156,111.56400299072266,105.447998046875,105.66400146484375
2023-06-08,105.91799926757812,108.29000091552734,105.22200012207031,107.06800079345703
2023-06-09,107.64800262451172,109.0,106.30799865722656,106.80599975585938
2023-06-12,107.80400085449219,109.37999725341797,106.4260025024414,109.2699966430664
2023-06-13,111.19999694824219,111.91799926757812,109.85399627685547,110.94400024414062
2023-06-14,110.98999786376953,113.59600067138672,110.80000305175781,113.46199798583984
2023-06-15,112.61000061035156,115.33599853515625,112.4219970703125,114.8740005493164
2023-06-16,114.8740005493164,114.93000030517578,112.98999786376953,113.09600067138672
2023-06-20,111.66000366210938,113.9260025024414,111.08799743652344,111.89800262451172
2023-06-21,111.55799865722656,111.93000030517578,109.11799621582031,109.36000061035156
2023-06-22,108.64399719238281,110.0459976196289,107.802001953125,109.9739990234375
2023-06-23,108.24600219726562,110.3280029296875,107.3759994506836,108.5979995727539
2023-06-26,108.26599884033203,110.22599792480469,107.3280029296875,107.59400177001953
2023-06-27,108.22799682617188,109.01599884033203,107.00199890136719,107.99199676513672
2023-06-28,107.78600311279297,109.83599853515625,107.45999908447266,109.73400115966797
2023-06-29,109.99400329589844,110.14800262451172,108.53600311279297,109.61599731445312
2023-06-30,111.15799713134766,113.32599639892578,110.80599975585938,112.39399719238281
2023-07-03,112.16999816894531,112.91200256347656,111.18800354003906,112.5739974975586
2023-07-05,111.27999877929688,113.44599914550781,111.23200225830078,113.1520004272461
2023-07-06,111.4000015258789,112.10600280761719,109.68599700927734,111.16600036621094
2023-07-07,111.05599975585938,112.66000366210938,110.55599975585938,110.59600067138672
2023-07-10,110.5999984741211,113.16999816894531,110.5999984741211,113.12000274658203
2023-07-11,113.44200134277344,114.25399780273438,111.50800323486328,112.28800201416016
2023-07-12,114.1719970703125,114.1719970703125,111.447998046875,112.26799774169922
2023-07-13,113.3239974975586,115.88800048828125,113.0,115.48999786376953
2023-07-14,115.4000015258789,116.85199737548828,115.19999694824219,116.07599639892578
2023-07-17,116.53399658203125,118.99800109863281,116.4000015258789,118.47599792480469
2023-07-18,117.96199798583984,120.4000015258789,116.78399658203125,119.4260025024414
2023-07-19,122.18000030517578,122.87200164794922,119.90799713134766,120.6500015258789
2023-07-20,119.52400207519531,120.1760025024414,115.15599822998047,115.7760009765625
2023-07-21,118.12999725341797,118.60199737548828,116.19999694824219,116.40399932861328
2023-07-24,117.30000305175781,117.44400024414062,115.20999908447266,115.60800170898438
2023-07-25,115.80000305175781,117.52799987792969,115.80000305175781,116.47599792480469
2023-07-26,114.78399658203125,117.01799774169922,114.24199676513672,115.4540023803711
2023-07-27,119.5999984741211,120.13200378417969,111.34200286865234,111.97799682617188
2023-07-28,113.50800323486328,113.93599700927734,111.8740005493164,113.90799713134766
2023-07-31,114.76399993896484,116.7300033569336,114.5999984741211,116.5999984741211
2023-08-01,115.64800262451172,118.30000305175781,115.04199981689453,118.0780029296875
2023-08-02,115.97799682617188,116.5719985961914,112.20999908447266,112.63400268554688
2023-08-03,111.59400177001953,112.50199890136719,111.19999694824219,112.08000183105469
2023-08-04,112.87999725341797,112.99600219726562,110.00199890136719,110.32599639892578
2023-08-07,111.0719985961914,111.38200378417969,109.81199645996094,110.97799682617188
2023-08-08,109.39800262451172,110.75199890136719,108.3499984741211,110.56600189208984
2023-08-09,110.30400085449219,111.0,109.0199966430664,110.06600189208984
2023-08-10,111.56600189208984,113.21399688720703,110.02799987792969,111.0
2023-08-11,110.15399932861328,111.71399688720703,110.00199890136719,111.48799896240234
2023-08-14,110.38600158691406,113.3499984741211,110.1520004272461,113.24199676513672
2023-08-15,113.49800109863281,114.7959976196289,111.69400024414062,111.91999816894531
2023-08-16,111.4000015258789,112.19599914550781,109.65399932861328,109.9000015258789
2023-08-17,110.08999633789062,110.41000366210938,108.14199829101562,108.72799682617188
2023-08-18,106.79199981689453,108.68000030517578,106.50800323486328,108.30000305175781
2023-08-21,108.5719985961914,111.06199645996094,108.51000213623047,110.94000244140625
2023-08-22,111.92400360107422,112.8499984741211,111.26000213623047,112.36399841308594
2023-08-23,112.89399719238281,115.39399719238281,112.4000015258789,113.5999984741211
2023-08-24,114.91999816894531,115.17400360107422,109.89399719238281,109.90799713134766
2023-08-25,110.88800048828125,113.41400146484375,110.27999877929688,112.7300033569336
2023-08-28,113.3239974975586,114.4000015258789,112.46800231933594,113.66200256347656
2023-08-29,113.03199768066406,116.18000030517578,112.5999984741211,115.77400207519531
2023-08-30,115.68399810791016,117.73999786376953,115.31199645996094,117.64800262451172
2023-08-31,118.0,119.29199981689453,116.9020004272461,117.76599884033203
2023-09-01,118.7020034790039,119.3239974975586,117.5,118.1760025024414
2023-09-05,118.1760025024414,119.9260025024414,116.9000015258789,119.43199920654297
2023-09-06,118.62799835205078,119.8759994506836,118.3219985961914,119.7020034790039
2023-09-07,118.25399780273438,120.29399871826172,117.87200164794922,119.86399841308594
2023-09-08,120.0,120.91600036621094,119.41999816894531,120.01399993896484
2023-09-11,120.69999694824219,121.58000183105469,120.15799713134766,121.18800354003906
2023-09-12,119.5999984741211,120.7020034790039,117.73799896240234,117.76799774169922
2023-09-13,117.20999908447266,118.56800079345703,116.70999908447266,118.2760009765625
2023-09-14,118.69000244140625,118.99600219726562,117.08399963378906,118.02200317382812
2023-09-15,117.71600341796875,117.86000061035156,115.30000305175781,115.91600036621094
2023-09-18,115.447998046875,116.87999725341797,115.33399963378906,115.7020034790039
2023-09-19,115.87000274658203,115.87000274658203,113.30999755859375,114.46600341796875
2023-09-20,115.0,116.68800354003906,113.9540023803711,114.11000061035156
2023-09-21,112.6240005493164,112.9800033569336,109.80400085449219,109.90599822998047
2023-09-22,110.35600280761719,111.78399658203125,110.12200164794922,110.81800079345703
2023-09-25,110.52400207519531,111.9280014038086,110.26000213623047,111.89600372314453
2023-09-26,110.71199798583984,110.94999694824219,107.72599792480469,108.9260025024414
2023-09-27,109.91200256347656,110.35600280761719,108.08000183105469,109.2760009765625
2023-09-28,106.802001953125,111.2300033569336,105.5999984741211,110.7040023803711
2023-09-29,112.17400360107422,113.23400115966797,111.7020034790039,111.79199981689453
2023-10-02,110.94999694824219,112.03399658203125,109.95800018310547,111.0459976196289
2023-10-03,110.4000015258789,111.2699966430664,107.38200378417969,108.24800109863281
2023-10-04,108.91600036621094,110.11399841308594,108.3280029296875,109.72799682617188
2023-10-05,108.96600341796875,109.7020034790039,107.20999908447266,109.43399810791016
2023-10-06,108.5780029296875,113.11599731445312,107.80400085449219,112.14399719238281
2023-10-09,110.97799682617188,113.12999725341797,110.69000244140625,112.88600158691406
2023-10-10,111.21199798583984,112.93599700927734,109.4000015258789,111.66000366210938
2023-10-11,112.0,113.04000091552734,110.3280029296875,111.73400115966797
2023-10-12,112.1520004272461,113.97799682617188,110.9000015258789,112.02999877929688
2023-10-13,111.75199890136719,112.75800323486328,109.81199645996094,109.93199920654297
2023-10-16,109.93199920654297,111.54000091552734,109.30000305175781,110.32599639892578
2023-10-17,109.93199920654297,114.8499984741211,109.76000213623047,113.69400024414062
2023-10-18,112.55999755859375,113.5999984741211,109.97200012207031,110.13600158691406
2023-10-19,111.68800354003906,113.68199920654297,111.32599639892578,111.99600219726562
2023-10-20,111.31999969482422,111.48400115966797,107.23400115966797,108.50199890136719
2023-10-23,107.4000015258789,109.06800079345703,106.10800170898438,108.2760009765625
2023-10-24,109.14199829101562,111.38800048828125,108.85199737548828,110.87799835205078
2023-10-25,109.8740005493164,110.41999816894531,105.447998046875,106.03399658203125
2023-10-26,112.0,115.80000305175781,109.77200317382812,110.19000244140625
2023-10-27,111.29199981689453,112.80000305175781,109.68800354003906,110.802001953125
2023-10-30,111.91999816894531,114.43399810791016,111.61799621582031,113.70800018310547
2023-10-31,114.17400360107422,116.96800231933594,112.9800033569336,116.37000274658203
2023-11-01,116.19999694824219,119.01799774169922,116.08799743652344,118.69599914550781
2023-11-02,120.24199676513672,122.17400360107422,119.68000030517578,119.88600158691406
2023-11-03,120.11599731445312,122.35800170898438,118.49600219726562,121.35199737548828
2023-11-06,121.69999694824219,122.19599914550781,120.48999786376953,121.8499984741211
2023-11-07,122.07599639892578,125.17400360107422,122.07599639892578,122.78199768066406
2023-11-08,123.21600341796875,125.23799896240234,123.19999694824219,125.06600189208984
2023-11-09,125.0199966430664,126.49800109863281,123.86399841308594,123.9520034790039
2023-11-10,123.9520034790039,127.28600311279297,123.10800170898438,126.9520034790039
2023-11-13,126.75599670410156,127.9520034790039,126.44999694824219,127.68199920654297
2023-11-14,129.49600219726562,131.3679962158203,129.3000030517578,130.83399963378906
2023-11-15,130.8939971923828,131.98800659179688,129.79400634765625,130.17999267578125
2023-11-16,130.0,131.36000061035156,129.6060028076172,130.45599365234375
2023-11-17,130.38999938964844,130.93600463867188,129.6580047607422,130.8719940185547
2023-11-20,130.8000030517578,133.70799255371094,130.51800537109375,133.38400268554688
2023-11-21,132.95199584960938,134.1280059814453,132.302001953125,133.67999267578125
2023-11-22,134.53599548339844,135.6060028076172,133.45599365234375,133.9320068359375
2023-11-24,134.1060028076172,134.8939971923828,133.75999450683594,134.77999877929688
2023-11-27,134.39999389648438,135.52200317382812,133.91400146484375,134.11000061035156
2023-11-28,133.5260009765625,134.52000427246094,132.2779998779297,133.04800415039062
2023-11-29,134.1999969482422,136.45799255371094,134.1999969482422,135.78599548339844
2023-11-30,136.39999389648438,137.7779998779297,135.76400756835938,137.1479949951172
2023-12-01,137.08999633789062,138.95399475097656,136.656005859375,138.1580047607422
2023-12-04,136.8000030517578,138.79800415039062,136.14199829101562,137.5240020751953
2023-12-05,135.88600158691406,137.92799377441406,135.447998046875,137.6439971923828
2023-12-06,138.0,139.0780029296875,137.14599609375,137.24600219726562
2023-12-07,137.1199951171875,137.85000610351562,136.05999755859375,137.53599548339844
2023-12-08,137.88999938964844,140.2220001220703,137.71200561523438,139.8159942626953
2023-12-11,139.82200622558594,141.7740020751953,139.63999938964844,141.0240020751953
2023-12-12,141.0240020751953,143.57400512695312,140.89599609375,143.29600524902344
2023-12-13,143.39999389648438,144.13600158691406,142.00999450683594,143.1280059814453
2023-12-14,142.0,142.4199981689453,135.60000610351562,136.0780029296875
2023-12-15,135.052001953125,139.96200561523438,134.8040008544922,139.6479949951172
2023-12-18,140.4040069580078,141.86000061035156,139.18800354003906,140.74400329589844
2023-12-19,141.13999938964844,141.697998046875,140.0,141.54200744628906
2023-12-20,140.81399536132812,141.57200622558594,138.72000122070312,138.75999450683594
2023-12-21,140.14999389648438,140.7100067138672,138.19400024414062,140.15199279785156
2023-12-22,140.77000427246094,140.77000427246094,138.88400268554688,139.50999450683594
2023-12-26,140.03399658203125,140.91200256347656,139.74200439453125,140.24600219726562
2023-12-27,140.26199340820312,140.90199279785156,139.82000732421875,140.7519989013672
2023-12-28,141.3280029296875,141.50599670410156,140.26600646972656,140.49200439453125
2023-12-29,141.39999389648438,142.3179931640625,140.11199951171875,141.29800415039062
2024-01-02,139.41000366210938,139.8719940185547,135.08599853515625,137.50399780273438
2024-01-03,135.15199279785156,137.48800659179688,134.80599975585938,135.05999755859375
2024-01-04,134.95399475097656,135.83799743652344,134.24400329589844,134.37399291992188
2024-01-05,134.42599487304688,136.156005859375,134.42599487304688,135.23199462890625
2024-01-08,136.84800720214844,139.56399536132812,136.49200439453125,139.2519989013672
2024-01-09,138.77200317382812,140.24000549316406,138.1999969482422,139.73399353027344
2024-01-10,141.5,143.38400268554688,140.25,142.86000061035156
2024-01-11,144.51199340820312,146.86000061035156,143.6820068359375,145.29200744628906
2024-01-12,144.9600067138672,146.1999969482422,143.7519989013672,145.83599853515625
2024-01-16,146.0,146.8000030517578,145.0019989013672,145.51199340820312
2024-01-17,145.1999969482422,145.79800415039062,142.86199951171875,145.50799560546875
2024-01-18,148.48399353027344,149.49600219726562,147.093994140625,149.19200134277344
2024-01-19,150.08799743652344,150.6320037841797,148.96400451660156,149.82200622558594
2024-01-22,152.03799438476562,153.36199951171875,150.41200256347656,150.49000549316406
2024-01-23,150.42999267578125,150.87399291992188,148.61000061035156,150.6840057373047
2024-01-24,154.17999267578125,155.19200134277344,152.25399780273438,152.6840057373047
2024-01-25,156.0,156.7760009765625,151.45799255371094,153.33799743652344
2024-01-26,153.4199981689453,156.76600646972656,152.9040069580078,153.88800048828125
2024-01-29,153.86399841308594,157.61000061035156,153.8000030517578,157.447998046875
2024-01-30,157.46600341796875,157.98399353027344,155.79200744628906,157.14599609375
2024-01-31,155.5780029296875,155.5780029296875,151.50599670410156,153.0800018310547
2024-02-01,153.8179931640625,154.58599853515625,152.81199645996094,154.1999969482422
2024-02-02,154.79400634765625,157.39999389648438,154.4199981689453,156.25999450683594
2024-02-05,156.39999389648438,157.2899932861328,154.2239990234375,156.96800231933594
2024-02-06,157.7760009765625,157.82000732421875,153.17599487304688,155.49000549316406
2024-02-07,156.56199645996094,158.69400024414062,156.52000427246094,158.0780029296875
2024-02-08,158.39999389648438,160.05999755859375,158.16799926757812,159.8820037841797
2024-02-09,160.47000122070312,163.06399536132812,160.47000122070312,162.58799743652344
2024-02-12,162.82000732421875,163.0,156.57000732421875,157.47000122070312
2024-02-13,153.0,156.0959930419922,150.04600524902344,154.7519989013672
2024-02-14,157.0,158.45599365234375,155.25799560546875,158.39999389648438
2024-02-15,159.0,159.69000244140625,155.9739990234375,156.0
2024-02-16,154.85400390625,155.89999389648438,152.9340057373047,153.0
2024-02-20,150.61599731445312,151.8560028076172,147.54800415039062,150.5679931640625
2024-02-21,147.3979949951172,149.71600341796875,146.10400390625,149.58799743652344
2024-02-22,155.0,158.37399291992188,153.5260009765625,153.8419952392578
2024-02-23,155.07000732421875,156.99400329589844,153.3159942626953,154.19400024414062
2024-02-26,154.93800354003906,158.1179962158203,154.89999389648438,155.9320068359375
2024-02-27,156.45199584960938,156.79800415039062,151.39199829101562,153.42799377441406
2024-02-28,152.70199584960938,152.74600219726562,150.8000030517578,151.95799255371094
2024-02-29,153.41000366210938,154.66400146484375,152.5959930419922,154.26800537109375
2024-03-01,154.39999389648438,155.66000366210938,153.6739959716797,154.7259979248047
2024-03-04,154.60000610351562,155.5760040283203,152.947998046875,155.21800231933594
2024-03-05,153.24600219726562,153.44400024414062,146.02999877929688,148.02999877929688
2024-03-06,150.1020050048828,150.47799682617188,146.52999877929688,148.21200561523438
2024-03-07,149.69400024414062,153.78599548339844,147.0540008544922,153.61599731445312
2024-03-08,153.82000732421875,155.51400756835938,150.04600524902344,151.53599548339844
2024-03-11,150.39999389648438,151.83999633789062,148.89599609375,151.34800720214844
2024-03-12,152.86399841308594,158.60000610351562,152.5959930419922,157.91200256347656
2024-03-13,159.01199340820312,161.5540008544922,155.0,155.37600708007812
2024-03-14,157.62600708007812,158.0,154.62399291992188,155.8979949951172
2024-03-15,152.31199645996094,152.39999389648438,147.1999969482422,148.78199768066406
2024-03-18,150.0,151.93800354003906,149.62399291992188,151.16000366210938
2024-03-19,150.0,151.66400146484375,148.55999755859375,151.38800048828125
2024-03-20,152.12399291992188,153.63600158691406,151.00999450683594,153.51199340820312
2024-03-21,156.0,157.17599487304688,154.3159942626953,154.63600158691406
2024-03-22,154.947998046875,155.97799682617188,153.86399841308594,154.8300018310547
2024-03-25,153.61000061035156,155.1820068359375,151.8520050048828,154.92799377441406
2024-03-26,155.79800415039062,157.75999450683594,155.302001953125,155.71400451660156
2024-03-27,156.76600646972656,157.26600646972656,150.6999969482422,151.8000030517578
2024-03-28,151.92999267578125,153.7519989013672,151.14999389648438,152.47999572753906
2024-04-01,152.79800415039062,154.6179962158203,151.81399536132812,153.6739959716797
2024-04-02,151.01800537109375,151.9320068359375,149.64599609375,151.39999389648438
2024-04-03,150.5,152.94000244140625,150.3000030517578,151.83200073242188
2024-04-04,153.67999267578125,156.4499969482422,151.48399353027344,151.50999450683594
2024-04-05,151.68600463867188,158.37600708007812,151.68600463867188,156.6999969482422
2024-04-08,156.66799926757812,157.9980010986328,154.48199462890625,157.1199951171875
2024-04-09,158.6540069580078,159.08799743652344,154.30599975585938,156.44400024414062
2024-04-10,153.8000030517578,154.99000549316406,152.82000732421875,153.83799743652344
2024-04-11,154.0,155.1959991455078,152.27999877929688,154.26800537109375
2024-04-12,152.44000244140625,154.99200439453125,152.19000244140625,153.74200439453125
2024-04-15,153.8000030517578,154.3260040283203,147.0919952392578,147.16200256347656
2024-04-16,147.60000610351562,149.8000030517578,147.0679931640625,148.95599365234375
2024-04-17,149.3560028076172,149.79800415039062,146.99000549316406,147.2899932861328
2024-04-18,147.3800048828125,147.97799682617188,145.47000122070312,146.27200317382812
2024-04-19,145.0,145.20599365234375,141.70599365234375,142.78199768066406
2024-04-22,144.64999389648438,144.9980010986328,142.12399291992188,144.38999938964844
2024-04-23,145.44000244140625,148.73399353027344,145.44000244140625,148.19000244140625
2024-04-24,150.79400634765625,151.4499969482422,147.8260040283203,149.25799560546875
2024-04-25,142.97799682617188,143.406005859375,137.8000030517578,143.25
2024-04-26,144.7519989013672,146.94200134277344,143.97000122070312,144.7100067138672
2024-04-29,144.65199279785156,145.66000366210938,142.70399475097656,144.23199462890625
2024-04-30,143.3300018310547,143.49400329589844,138.43800354003906,138.66600036621094
2024-05-01,138.74200439453125,140.13999938964844,136.7779998779297,137.1219940185547
2024-05-02,138.60000610351562,139.21400451660156,137.0,139.1439971923828
2024-05-03,141.99600219726562,144.92999267578125,141.0,143.3300018310547
2024-05-06,143.9980010986328,145.3280029296875,143.6820068359375,145.31199645996094
2024-05-07,146.0,146.0,139.91000366210938,142.66600036621094
2024-05-08,143.27000427246094,144.38999938964844,142.95399475097656,144.20599365234375
2024-05-09,144.11599731445312,145.8000030517578,143.59800720214844,144.58799743652344
2024-05-10,145.0,146.7100067138672,145.0,145.95799255371094
2024-05-13,146.57000732421875,146.57000732421875,144.58999633789062,146.0240020751953
2024-05-14,146.0,147.39999389648438,143.5540008544922,144.32400512695312
2024-05-15,146.0,152.26199340820312,145.51199340820312,152.11399841308594
2024-05-16,152.69000244140625,153.82200622558594,151.48399353027344,151.6020050048828
2024-05-17,153.0,153.1959991455078,151.50799560546875,153.00999450683594
2024-05-20,152.70599365234375,154.96800231933594,152.447998046875,154.83599853515625
2024-05-21,155.0,155.58599853515625,152.78199768066406,155.41000366210938
2024-05-22,156.0,156.86599731445312,153.8939971923828,154.16600036621094
2024-05-23,156.33599853515625,156.33599853515625,151.20599365234375,151.6300048828125
2024-05-24,149.8719940185547,149.94400024414062,147.2740020751953,147.70199584960938
2024-05-28,147.7760009765625,147.79600524902344,143.66200256347656,145.77200317382812
2024-05-29,144.39999389648438,147.57200622558594,144.28799438476562,146.2239990234375
2024-05-30,138.197998046875,138.51400756835938,128.03399658203125,128.6580047607422
2024-05-31,130.35800170898438,131.50799560546875,127.5979995727539,131.38600158691406
2024-06-03,131.9600067138672,132.87399291992188,129.08999633789062,132.02200317382812
2024-06-04,131.72000122070312,134.9199981689453,131.20399475097656,134.39999389648438
2024-06-05,136.69000244140625,141.1439971923828,135.23800659179688,140.82200622558594
2024-06-06,141.24600219726562,142.4720001220703,139.9459991455078,140.6320037841797
2024-06-07,140.1020050048828,140.79800415039062,137.70199584960938,139.76199340820312
2024-06-10,139.46400451660156,142.1280059814453,138.71200561523438,141.8300018310547
2024-06-11,142.3459930419922,143.8000030517578,141.37399291992188,142.4080047607422
2024-06-12,144.45199584960938,145.89999389648438,144.16600036621094,144.3000030517578
2024-06-13,144.39999389648438,145.56399536132812,141.83399963378906,141.95199584960938
2024-06-14,143.1199951171875,146.10000610351562,143.1199951171875,145.71600341796875
2024-06-17,144.6840057373047,145.86599731445312,143.80999755859375,145.10000610351562
2024-06-18,144.57200622558594,146.9040069580078,144.1540069580078,146.03399658203125
2024-06-20,148.39999389648438,148.45199584960938,145.88400268554688,146.86199951171875
2024-06-21,147.98800659179688,150.10800170898438,146.7239990234375,149.86599731445312
2024-06-24,148.39999389648438,149.63600158691406,147.53799438476562,147.91799926757812
2024-06-25,149.0,151.28199768066406,148.4759979248047,150.96200561523438
2024-06-26,150.8000030517578,152.2740020751953,150.1580047607422,150.78199768066406
2024-06-27,151.64199829101562,156.0,151.33399963378906,154.8260040283203
2024-06-28,155.08599853515625,157.99400329589844,154.17599487304688,157.33399963378906
2024-07-01,156.8000030517578,158.0959930419922,154.156005859375,157.79200744628906
2024-07-02,156.99600219726562,158.8300018310547,156.32400512695312,158.82200622558594
2024-07-03,158.73399353027344,159.19000244140625,157.03799438476562,157.1840057373047
2024-07-05,157.6840057373047,161.3040008544922,157.1840057373047,161.29400634765625
2024-07-08,152.6999969482422,155.3300018310547,152.28799438476562,153.24000549316406
2024-07-09,150.19200134277344,152.00399780273438,147.40199279785156,148.802001953125
2024-07-10,148.11199951171875,148.67599487304688,146.30999755859375,148.6300048828125
2024-07-11,149.1999969482422,151.3000030517578,148.26600646972656,149.8280029296875
2024-07-12,149.8000030517578,152.52000427246094,148.8000030517578,151.697998046875
2024-07-15,153.38999938964844,155.29600524902344,151.85000610351562,153.57000732421875
2024-07-16,153.57000732421875,154.00799560546875,150.90199279785156,152.1580047607422
2024-07-17,148.0,149.2740020751953,146.0399932861328,147.21400451660156
2024-07-18,147.66799926757812,150.11599731445312,146.02000427246094,147.75399780273438
2024-07-19,148.93800354003906,151.17599487304688,147.60000610351562,150.24000549316406
2024-07-22,150.96200561523438,152.88800048828125,150.75399780273438,151.3000030517578
2024-07-23,152.69400024414062,155.19400024414062,152.1320037841797,153.10400390625
2024-07-24,151.0,151.49600219726562,145.8459930419922,146.1739959716797
2024-07-25,157.86599731445312,170.0659942626953,156.60800170898438,165.75799560546875
2024-07-26,165.1699981689453,169.3719940185547,163.61399841308594,165.52200317382812
2024-07-29,165.8000030517578,166.10000610351562,159.7100067138672,159.81199645996094
2024-07-30,161.1479949951172,161.1479949951172,156.91799926757812,159.75999450683594
2024-07-31,163.23199462890625,164.29200744628906,161.0,162.8780059814453
2024-08-01,163.77200317382812,167.71800231933594,160.4239959716797,162.2760009765625
2024-08-02,158.1719970703125,158.62600708007812,153.0919952392578,158.1280059814453
2024-08-05,151.4080047607422,158.19000244140625,149.22000122070312,156.25399780273438
2024-08-06,157.39999389648438,162.85800170898438,156.25599670410156,158.58999633789062
2024-08-07,161.1280059814453,163.30799865722656,154.98599243164062,155.25599670410156
2024-08-08,158.39999389648438,160.5399932861328,157.35400390625,159.22799682617188
2024-08-09,159.22799682617188,163.20199584960938,159.22799682617188,162.21600341796875
2024-08-12,162.21600341796875,162.96600341796875,160.01400756835938,161.32400512695312
2024-08-13,162.39999389648438,164.57400512695312,162.1199951171875,163.75999450683594
2024-08-14,164.39999389648438,165.41000366210938,163.10000610351562,163.8040008544922
2024-08-15,165.0,167.0,164.73599243164062,166.4219970703125
2024-08-16,165.85000610351562,166.20799255371094,164.77000427246094,165.51199340820312
2024-08-19,165.1840057373047,166.74400329589844,164.23800659179688,166.5760040283203
2024-08-20,167.0,168.65199279785156,166.41600036621094,167.6439971923828
2024-08-21,166.70599365234375,168.08399963378906,166.0,167.83599853515625
2024-08-22,168.0,168.50999450683594,163.9040069580078,164.18600463867188
2024-08-23,166.0,166.89999389648438,163.0,165.6540069580078
2024-08-26,165.93600463867188,167.3520050048828,165.09800720214844,165.57200622558594
2024-08-27,164.63400268554688,167.14199829101562,164.63400268554688,166.34800720214844
2024-08-28,166.33799743652344,166.53599548339844,161.79200744628906,162.82200622558594
2024-08-29,164.4600067138672,169.8000030517578,164.4600067138672,166.25399780273438
2024-08-30,167.3520050048828,171.4499969482422,167.16799926757812,171.0
2024-09-03,171.27999877929688,172.77000427246094,166.1739959716797,167.1719970703125
2024-09-04,165.94400024414062,167.27999877929688,164.2480010986328,166.96600341796875
2024-09-05,165.3300018310547,168.07200622558594,165.00999450683594,167.0800018310547
2024-09-06,167.802001953125,169.6840057373047,163.79600524902344,165.00799560546875
2024-09-09,166.697998046875,171.39999389648438,165.3939971923828,171.11599731445312
2024-09-10,172.14199829101562,173.2899932861328,169.4980010986328,172.02999877929688
2024-09-11,171.6540069580078,175.5240020751953,168.3699951171875,175.19200134277344
2024-09-12,176.00599670410156,177.9040069580078,174.25599670410156,177.2259979248047
2024-09-13,176.35400390625,176.89999389648438,174.5760040283203,175.7899932861328
2024-09-16,177.0,179.59800720214844,175.9459991455078,178.49200439453125
2024-09-17,178.1300048828125,179.9219970703125,176.55999755859375,177.16600036621094
2024-09-18,177.552001953125,179.94200134277344,176.4600067138672,178.0780029296875
2024-09-19,181.60000610351562,184.3939971923828,180.57200622558594,183.85000610351562
2024-09-20,184.08399963378906,188.0240020751953,183.46200561523438,187.4720001220703
2024-09-23,187.37600708007812,189.0919952392578,184.58399963378906,185.11000061035156
2024-09-24,185.11000061035156,185.38400268554688,181.4980010986328,184.72000122070312
2024-09-25,179.69400024414062,180.1999969482422,177.302001953125,178.00599670410156
2024-09-26,178.72999572753906,178.843994140625,174.28599548339844,176.9720001220703
2024-09-27,176.80799865722656,177.23800659179688,175.2740020751953,176.35800170898438
2024-09-30,175.8520050048828,178.9600067138672,175.24400329589844,178.8780059814453
2024-10-01,179.71800231933594,179.71800231933594,173.3260040283203,173.43600463867188
2024-10-02,173.8000030517578,176.91799926757812,172.6479949951172,176.08200073242188
2024-10-03,175.60000610351562,178.44200134277344,175.4239959716797,178.1280059814453
2024-10-04,179.95799255371094,183.6580047607422,179.2779998779297,183.53599548339844
2024-10-07,183.82400512695312,184.50999450683594,179.98599243164062,181.18800354003906
2024-10-08,185.19400024414062,188.60000610351562,183.85400390625,184.39999389648438
2024-10-09,184.39199829101562,188.67999267578125,183.19200134277344,187.72999572753906
2024-10-10,186.64199829101562,189.8000030517578,186.58599853515625,188.92599487304688
2024-10-11,188.56399536132812,189.35400390625,187.41799926757812,187.71800231933594
2024-10-14,189.47799682617188,189.91799926757812,187.1820068359375,188.93800354003906
2024-10-15,189.05599975585938,189.4499969482422,185.33399963378906,185.5919952392578
2024-10-16,184.99200439453125,185.39999389648438,182.406005859375,183.7740020751953
2024-10-17,186.55599975585938,186.6199951171875,183.02200317382812,183.4239959716797
2024-10-18,184.1999969482422,185.6320037841797,183.4239959716797,184.35000610351562
2024-10-21,180.39999389648438,183.7259979248047,179.95399475097656,183.66799926757812
2024-10-22,183.29800415039062,184.8800048828125,182.8719940185547,183.58999633789062
2024-10-23,183.29400634765625,184.02200317382812,180.2740020751953,181.53599548339844
2024-10-24,189.67799377441406,195.95599365234375,188.08200073242188,191.3159942626953
2024-10-25,191.45199584960938,192.98800659179688,189.4340057373047,190.1699981689453
2024-10-28,191.802001953125,192.0,189.0,189.0
2024-10-29,190.0,191.56399536132812,187.88600158691406,190.61599731445312
2024-10-30,190.20599365234375,192.6999969482422,189.89599609375,190.0
2024-10-31,188.16000366210938,190.8719940185547,185.6699981689453,186.59800720214844
2024-11-01,187.4720001220703,190.23199462890625,186.11000061035156,188.6820068359375
2024-11-04,188.80599975585938,192.07400512695312,188.32000732421875,190.91799926757812
2024-11-05,192.29200744628906,194.77200317382812,191.66600036621094,194.20799255371094
2024-11-06,198.8000030517578,199.406005859375,196.4199981689453,198.89599609375
2024-11-07,199.36000061035156,204.88800048828125,199.0,203.05599975585938
2024-11-08,202.18800354003906,203.99200439453125,201.00399780273438,201.61599731445312
2024-11-11,202.60000610351562,207.60000610351562,202.60000610351562,207.20199584960938
2024-11-12,206.156005859375,210.65199279785156,205.4239959716797,209.6580047607422
2024-11-13,209.6580047607422,212.33200073242188,208.6999969482422,209.11000061035156
2024-11-14,209.8000030517578,210.8000030517578,206.39999389648438,207.9600067138672
2024-11-15,204.79400634765625,205.94400024414062,200.6020050048828,202.2779998779297
2024-11-18,203.30799865722656,204.23599243164062,200.75,201.0679931640625
2024-11-19,199.53399658203125,205.16600036621094,198.6840057373047,204.4199981689453
2024-11-20,205.60000610351562,206.33799743652344,201.26199340820312,204.5959930419922
2024-11-21,206.7259979248047,210.65199279785156,206.197998046875,209.41000366210938
2024-11-22,210.1999969482422,212.91799926757812,210.0,212.1199951171875
2024-11-25,212.9199981689453,213.7760009765625,209.8300018310547,210.54200744628906
2024-11-26,212.0,214.5679931640625,210.89599609375,214.01400756835938
2024-11-27,212.73800659179688,213.0399932861328,207.6820068359375,208.27999877929688
2024-11-29,208.47000122070312,210.39999389648438,207.6739959716797,209.88800048828125
2024-12-02,209.67999267578125,211.06399536132812,209.09800720214844,209.68600463867188
2024-12-03,208.01800537109375,211.52999877929688,207.3820037841797,211.46400451660156
2024-12-04,216.73399353027344,225.3260040283203,216.0,224.62600708007812
2024-12-05,223.02000427246094,226.1199951171875,222.6219940185547,224.74400329589844
2024-12-06,227.12399291992188,227.39999389648438,224.0,224.8679962158203
2024-12-09,224.83999633789062,226.8040008544922,221.14199829101562,224.0959930419922
2024-12-10,222.8040008544922,229.4739990234375,222.8040008544922,225.5679931640625
2024-12-11,227.20799255371094,231.5800018310547,227.20799255371094,229.43600463867188
2024-12-12,228.18800354003906,230.93600463867188,227.39999389648438,229.6840057373047
2024-12-13,226.0,228.3520050048828,222.9199981689453,224.22000122070312
2024-12-16,223.55999755859375,226.906005859375,222.0,225.98599243164062
2024-12-17,226.0,226.46800231933594,222.13400268554688,222.94400024414062
2024-12-18,223.4980010986328,223.77200317382812,211.3979949951172,212.197998046875
2024-12-19,214.04800415039062,216.16400146484375,212.50399780273438,214.9739990234375
2024-12-20,212.0,220.57400512695312,211.0,218.25
2024-12-23,217.1999969482422,218.39999389648438,214.75399780273438,217.65199279785156
2024-12-24,219.41600036621094,221.30999755859375,218.0,221.11199951171875
2024-12-26,220.0,221.21600341796875,218.72000122070312,219.82200622558594
2024-12-27,218.39999389648438,218.91400146484375,212.39999389648438,216.29200744628906
2024-12-30,213.19400024414062,214.71600341796875,211.04600524902344,213.5399932861328
2024-12-31,214.6999969482422,214.6999969482422,210.58599853515625,212.0240020751953
2025-01-02,214.70399475097656,214.74200439453125,208.1999969482422,210.8679962158203
2025-01-03,211.86000061035156,214.8280029296875,211.343994140625,214.75399780273438
2025-01-06,216.79400634765625,216.91000366210938,213.71800231933594,215.41000366210938
2025-01-07,214.82000732421875,217.0,208.8939971923828,210.8300018310547
2025-01-08,212.37600708007812,212.60000610351562,208.4600067138672,209.8159942626953
2025-01-10,207.8260040283203,208.30599975585938,203.35000610351562,204.91400146484375
2025-01-13,202.2259979248047,204.02999877929688,199.8260040283203,203.1479949951172
2025-01-14,206.8800048828125,207.41200256347656,204.1179962158203,206.25799560546875
2025-01-15,210.66200256347656,211.91200256347656,208.1959991455078,210.8260040283203
2025-01-16,211.70799255371094,212.9499969482422,210.51600646972656,211.4320068359375
2025-01-17,214.51600646972656,216.0,212.39999389648438,214.29600524902344
2025-01-21,217.74400329589844,220.9739990234375,217.24400329589844,219.3699951171875
2025-01-22,223.0,226.13999938964844,222.1719970703125,225.03399658203125
2025-01-23,223.52999877929688,226.83999633789062,222.9499969482422,226.83999633789062
2025-01-24,228.2239990234375,229.0,223.76199340820312,224.99600219726562
2025-01-27,223.48399353027344,233.1959991455078,222.1999969482422,228.12399291992188
2025-01-28,230.0,239.6179962158203,226.3939971923828,234.0780029296875
2025-01-29,232.1820068359375,234.0780029296875,227.0399932861328,228.7259979248047
2025-01-30,205.4239959716797,206.1999969482422,198.0,202.5500030517578
2025-01-31,206.40199279785156,207.14999389648438,202.28399658203125,203.67599487304688
2025-02-03,201.3000030517578,206.197998046875,199.61000061035156,204.18800354003906
2025-02-04,207.98199462890625,208.69000244140625,199.66600036621094,202.0260009765625
2025-02-05,203.07200622558594,205.77000427246094,202.41600036621094,205.41200256347656
2025-02-06,204.58399963378906,207.05599975585938,203.6580047607422,204.66000366210938
2025-02-07,205.0,208.47000122070312,200.79200744628906,201.6580047607422
2025-02-10,203.50999450683594,206.6199951171875,202.25,204.36199951171875
2025-02-11,203.0,204.2740020751953,200.78799438476562,201.80999755859375
2025-02-12,199.25,199.6840057373047,196.0,196.47999572753906
2025-02-13,196.47999572753906,198.39999389648438,194.0959930419922,197.89599609375
2025-02-14,195.82000732421875,197.8000030517578,193.32000732421875,197.3260040283203
2025-02-18,197.60000610351562,199.50799560546875,194.8000030517578,199.49600219726562
2025-02-19,199.46400451660156,200.57000732421875,195.13400268554688,197.42799377441406
2025-02-20,196.01600646972656,196.11599731445312,191.7740020751953,193.5959930419922
2025-02-21,192.94000244140625,193.39999389648438,186.6020050048828,187.6820068359375
2025-02-24,188.80799865722656,188.89999389648438,182.70599365234375,185.51600646972656
2025-02-25,184.74400329589844,185.3280029296875,179.64199829101562,184.45799255371094
2025-02-26,185.86000061035156,190.52000427246094,185.1999969482422,188.39199829101562
2025-02-27,189.6320037841797,190.6699981689453,183.92799377441406,184.19200134277344
2025-02-28,184.19400024414062,185.99600219726562,181.49000549316406,185.95199584960938
2025-03-03,187.20199584960938,187.8000030517578,180.53599548339844,182.06199645996094
2025-03-04,180.0,183.46800231933594,175.38800048828125,181.21800231933594
2025-03-05,181.0,184.8000030517578,179.67599487304688,183.1580047607422
2025-03-06,178.0,181.5800018310547,171.64999389648438,173.41799926757812
2025-03-07,171.3000030517578,174.0,166.54400634765625,170.12600708007812
2025-03-10,164.67999267578125,166.39999389648438,155.58200073242188,156.76600646972656
2025-03-11,160.0,165.5959930419922,158.8000030517578,161.67999267578125
2025-03-12,166.95799255371094,169.85000610351562,164.68600463867188,168.6280059814453
2025-03-13,166.0,167.0,161.1959991455078,162.32400512695312
2025-03-14,164.552001953125,169.81199645996094,164.552001953125,168.86599731445312
2025-03-17,167.8000030517578,171.13600158691406,167.0,168.58599853515625
2025-03-18,167.48599243164062,167.49400329589844,164.07000732421875,166.0
2025-03-19,167.14599609375,170.8000030517578,166.00399780273438,168.82400512695312
2025-03-20,165.447998046875,165.65199279785156,161.83599853515625,164.82400512695312
2025-03-21,163.22799682617188,165.77999877929688,161.75999450683594,165.5500030517578
2025-03-24,169.1999969482422,170.6959991455078,168.24400329589844,169.9459991455078
2025-03-25,171.64599609375,174.197998046875,171.0,172.2760009765625
2025-03-26,171.26800537109375,172.1020050048828,166.80599975585938,167.7100067138672
2025-03-27,167.00799560546875,167.99000549316406,164.4340057373047,165.54800415039062
2025-03-28,164.0,164.20199584960938,157.906005859375,159.552001953125
2025-03-31,156.3040008544922,159.8000030517578,151.5679931640625,159.22799682617188
2025-04-01,159.6439971923828,162.5919952392578,158.54600524902344,162.31199645996094
2025-04-02,158.93600463867188,165.4320068359375,158.93600463867188,164.80599975585938
2025-04-03,156.5500030517578,157.61199951171875,151.4499969482422,154.81399536132812
2025-04-04,151.26800537109375,151.75399780273438,143.69000244140625,144.3300018310547
2025-04-07,137.60000610351562,151.72999572753906,135.73199462890625,147.10000610351562
2025-04-08,153.6020050048828,155.17599487304688,142.63800048828125,145.52000427246094
2025-04-09,145.0,166.3280029296875,144.63999938964844,165.19000244140625
2025-04-10,161.41799926757812,161.9980010986328,152.21600341796875,156.697998046875
2025-04-11,154.26199340820312,157.37600708007812,151.0,157.13400268554688
2025-04-14,160.44400024414062,162.42599487304688,157.36000061035156,159.96400451660156
2025-04-15,160.19200134277344,164.97999572753906,159.8419952392578,163.3000030517578
2025-04-16,160.9219970703125,164.23399353027344,158.1479949951172,159.33200073242188
2025-04-17,160.01199340820312,160.01199340820312,153.8040008544922,154.4320068359375
2025-04-21,151.8719940185547,153.11000061035156,148.48199462890625,151.197998046875
2025-04-22,152.55999755859375,155.3260040283203,150.48800659179688,153.36599731445312
2025-04-23,164.20799255371094,166.79200744628906,161.39999389648438,162.5399932861328
2025-04-24,180.06199645996094,188.79600524902344,179.66600036621094,187.71400451660156
2025-04-25,188.8000030517578,192.0,185.83399963378906,189.052001953125
2025-04-28,191.97000122070312,192.20599365234375,185.42599487304688,187.48199462890625
2025-04-29,188.0,189.4459991455078,186.11000061035156,188.57200622558594
2025-04-30,186.11199951171875,191.53199768066406,184.0800018310547,191.0019989013672
2025-05-01,194.77200317382812,195.7239990234375,191.50399780273438,191.58999633789062
2025-05-02,195.78399658203125,197.10000610351562,193.81199645996094,195.4720001220703
2025-05-05,194.60000610351562,198.39999389648438,194.26800537109375,195.61000061035156
2025-05-06,193.80799865722656,195.73599243164062,192.83799743652344,193.052001953125
2025-05-07,194.24400329589844,197.46200561523438,193.45799255371094,196.6580047607422
2025-05-08,197.0,198.39999389648438,194.56199645996094,194.8979949951172
2025-05-09,196.0,197.3560028076172,194.32400512695312,196.01199340820312
2025-05-12,201.70399475097656,203.39999389648438,199.13400268554688,203.1199951171875
2025-05-13,204.60000610351562,207.99600219726562,203.39999389648438,207.343994140625
2025-05-14,207.39999389648438,209.1999969482422,205.3300018310547,205.36399841308594
2025-05-15,206.88400268554688,208.1300048828125,204.39199829101562,207.03599548339844
2025-05-16,207.67799377441406,208.7480010986328,206.62600708007812,208.03599548339844
2025-05-19,205.7899932861328,206.93800354003906,203.2100067138672,205.14999389648438
2025-05-20,203.0,204.9320068359375,202.66400146484375,204.3679962158203
2025-05-21,201.77999877929688,206.1479949951172,201.11599731445312,202.95199584960938
2025-05-22,202.95199584960938,205.4980010986328,202.35800170898438,203.1540069580078
2025-05-23,200.0,202.85800170898438,198.9199981689453,200.87399291992188
2025-05-27,202.7220001220703,205.96600341796875,202.5959930419922,205.47799682617188
2025-05-28,205.47799682617188,207.53399658203125,203.63600158691406,204.25999450683594
2025-05-29,204.63400268554688,204.91600036621094,200.94000244140625,203.04600524902344
2025-05-30,204.0,204.0,200.51800537109375,202.21800231933594
2025-06-02,201.8280029296875,203.58999633789062,200.05999755859375,202.4219970703125
2025-06-03,202.36399841308594,203.25,201.10000610351562,202.17599487304688
2025-06-04,202.31199645996094,203.50999450683594,200.5919952392578,202.54800415039062
2025-06-05,205.46200561523438,206.28799438476562,202.83399963378906,203.52000427246094
2025-06-06,205.24600219726562,206.9199981689453,203.26800537109375,206.04200744628906
2025-06-09,206.1999969482422,206.89599609375,203.61199951171875,205.3719940185547
2025-06-10,204.22799682617188,205.3719940185547,199.82400512695312,201.95799255371094
2025-06-11,202.04800415039062,203.54400634765625,200.27999877929688,200.86599731445312
2025-06-12,200.52000427246094,203.20799255371094,200.52000427246094,201.4739990234375
2025-06-13,199.6060028076172,200.1999969482422,195.63800048828125,197.73199462890625
2025-06-16,198.39999389648438,203.3939971923828,198.2760009765625,201.0260009765625
2025-06-17,200.77000427246094,202.39999389648438,199.8679962158203,200.98199462890625
2025-06-18,200.88800048828125,201.4080047607422,195.83999633789062,196.41600036621094
2025-06-20,197.1179962158203,197.20199584960938,193.08999633789062,194.28199768066406
2025-06-23,194.28199768066406,196.26600646972656,191.36599731445312,196.0800018310547
2025-06-24,198.0,199.89999389648438,197.0,199.26400756835938
2025-06-25,199.656005859375,202.8000030517578,199.6300048828125,201.03199768066406
2025-06-26,201.43600463867188,202.71200561523438,198.89999389648438,202.28799438476562
2025-06-27,202.55599975585938,206.6060028076172,202.41400146484375,204.48399353027344
2025-06-30,205.947998046875,207.2740020751953,203.69000244140625,205.61599731445312
2025-07-01,205.45199584960938,206.38800048828125,198.9459991455078,202.3780059814453
2025-07-02,200.07400512695312,202.20799255371094,198.39999389648438,201.95199584960938
2025-07-03,203.54600524902344,211.47799682617188,203.0,208.93800354003906
2025-07-07,208.64599609375,209.8000030517578,205.5240020751953,207.0019989013672
2025-07-08,207.43600463867188,207.75399780273438,202.25,204.5959930419922
2025-07-09,204.89999389648438,205.6020050048828,201.8000030517578,202.74200439453125
2025-07-10,202.74000549316406,202.74000549316406,193.06199645996094,193.6179962158203
2025-07-11,192.0,193.1999969482422,186.83399963378906,187.75599670410156
2025-07-14,187.74000549316406,192.8679962158203,187.0279998779297,192.3560028076172
2025-07-15,193.0540008544922,194.8679962158203,191.1999969482422,191.38400268554688
2025-07-16,193.01199340820312,193.8179931640625,190.67599487304688,193.3939971923828
2025-07-17,193.697998046875,195.0,191.0,191.8300018310547
2025-07-18,191.61000061035156,192.70399475097656,189.9459991455078,192.67999267578125
2025-07-21,191.906005859375,193.82000732421875,191.60000610351562,191.98199462890625
2025-07-22,192.75599670410156,194.79200744628906,191.3679962158203,192.4739990234375
2025-07-23,189.57200622558594,193.3699951171875,189.57200622558594,191.28599548339844
2025-07-24,206.9320068359375,210.1999969482422,196.39999389648438,199.23599243164062
2025-07-25,200.0240020751953,200.1999969482422,192.8159942626953,193.75799560546875
2025-07-28,195.1999969482422,199.20799255371094,195.1959991455078,197.14999389648438
2025-07-29,198.30599975585938,201.14999389648438,196.45599365234375,198.63999938964844
2025-07-30,198.3179931640625,198.6060028076172,194.60000610351562,195.49600219726562
2025-07-31,196.39999389648438,196.39999389648438,188.01199340820312,188.62399291992188
2025-08-01,187.45799255371094,187.45799255371094,181.8979949951172,182.87399291992188
2025-08-04,183.70399475097656,185.91600036621094,183.052001953125,184.60000610351562
2025-08-05,184.39999389648438,185.10000610351562,180.88999938964844,181.0240020751953
2025-08-06,182.32000732421875,182.61000061035156,180.5659942626953,182.46200561523438
2025-08-07,184.39999389648438,184.5780029296875,172.39999389648438,174.82400512695312
2025-08-08,175.67799377441406,176.39999389648438,172.42799377441406,174.5019989013672
2025-08-11,173.58399963378906,175.99600219726562,170.17999267578125,171.2740020751953
2025-08-12,171.56199645996094,171.9459991455078,168.00599670410156,170.68600463867188
2025-08-13,172.11399841308594,172.8800048828125,168.5399932861328,172.66000366210938
2025-08-14,171.23199462890625,172.5959930419922,169.26800537109375,170.1719970703125
2025-08-15,170.35400390625,173.58799743652344,169.7239990234375,173.447998046875
2025-08-18,173.2899932861328,178.447998046875,173.07400512695312,178.41000366210938
2025-08-19,178.67999267578125,180.1820068359375,176.19200134277344,177.3560028076172
2025-08-20,176.8520050048828,179.7779998779297,176.0,178.0500030517578
2025-08-21,177.18600463867188,177.67599487304688,174.61399841308594,175.3939971923828
2025-08-22,175.66799926757812,179.2760009765625,174.60000610351562,177.35000610351562
2025-08-25,177.94200134277344,178.03399658203125,175.73800659179688,175.98800659179688
2025-08-26,175.8000030517578,176.0,171.01600646972656,172.9320068359375
2025-08-27,174.33399963378906,177.9219970703125,173.63999938964844,177.5959930419922
2025-08-28,178.10000610351562,187.156005859375,177.947998046875,185.72000122070312
2025-08-29,185.8520050048828,186.79800415039062,181.94200134277344,183.49200439453125
2025-09-02,180.35400390625,182.85000610351562,178.92799377441406,182.28399658203125
2025-09-03,181.79800415039062,184.26800537109375,178.90199279785156,183.87600708007812
2025-09-04,181.89599609375,182.04600524902344,175.63800048828125,179.71200561523438
2025-09-05,180.8300018310547,183.24000549316406,180.27000427246094,182.75999450683594
2025-09-08,183.0279998779297,188.96400451660156,182.51199340820312,187.86599731445312
2025-09-09,189.0,189.0,185.55999755859375,186.73399353027344
2025-09-10,187.1999969482422,188.98399353027344,183.86599731445312,184.71400451660156
2025-09-11,185.54400634765625,188.53399658203125,184.72999572753906,187.656005859375
2025-09-12,188.3459930419922,188.3699951171875,185.38600158691406,185.79200744628906
2025-09-15,186.08999633789062,191.23399353027344,185.9459991455078,189.48399353027344
2025-09-16,188.14199829101562,189.28799438476562,185.69400024414062,186.40199279785156
2025-09-17,187.35000610351562,190.75399780273438,186.64999389648438,190.07400512695312
2025-09-18,191.30999755859375,192.4080047607422,188.1020050048828,189.54800415039062
2025-09-19,190.3699951171875,193.1479949951172,190.0,192.22999572753906
2025-09-22,190.7779998779297,191.35000610351562,186.1820068359375,189.55599975585938
2025-09-23,189.51199340820312,190.10000610351562,185.2899932861328,185.53399658203125
2025-09-24,192.5279998779297,194.7259979248047,186.22000122070312,186.6739959716797
2025-09-25,185.49000549316406,185.63800048828125,182.0919952392578,183.7220001220703
2025-09-26,183.93800354003906,187.6280059814453,183.33999633789062,187.1999969482422
2025-09-29,188.41200256347656,190.91200256347656,187.84800720214844,188.1699981689453
2025-09-30,187.82000732421875,188.3300018310547,180.89999389648438,184.05599975585938
2025-10-01,184.18800354003906,187.0,178.4499969482422,182.48599243164062
2025-10-02,182.33399963378906,183.00999450683594,179.10800170898438,182.02000427246094
2025-10-03,182.72999572753906,183.94000244140625,181.66600036621094,182.4720001220703
2025-10-06,180.8040008544922,185.95199584960938,179.10800170898438,182.5679931640625
2025-10-07,182.8000030517578,183.16000366210938,178.6719970703125,180.84800720214844
2025-10-08,182.0,184.0679931640625,181.46600341796875,182.86399841308594
2025-10-09,180.77999877929688,183.92999267578125,178.74600219726562,183.58999633789062
2025-10-10,184.0,185.60000610351562,177.46200561523438,177.74200439453125
2025-10-13,179.4080047607422,185.15199279785156,178.53199768066406,184.74000549316406
2025-10-14,181.47000122070312,184.85400390625,179.4739990234375,182.2519989013672
2025-10-15,183.60000610351562,184.4199981689453,179.94000244140625,180.61000061035156
2025-10-16,182.79400634765625,185.8000030517578,177.61399841308594,178.8979949951172
2025-10-17,178.0,181.30599975585938,177.58999633789062,180.72000122070312
2025-10-20,181.3280029296875,184.4040069580078,181.27000427246094,183.50999450683594
2025-10-21,183.5,188.88800048828125,182.05599975585938,188.3000030517578
2025-10-22,188.35800170898438,189.60000610351562,185.5800018310547,187.1300048828125
2025-10-23,186.23800659179688,188.91600036621094,185.60000610351562,187.83399963378906
2025-10-24,189.14999389648438,190.0,185.7760009765625,186.03399658203125
2025-10-27,188.81399536132812,190.33799743652344,187.40199279785156,189.25799560546875
2025-10-28,189.86199951171875,190.1999969482422,187.58200073242188,187.58200073242188
2025-10-29,186.9080047607422,186.9080047607422,182.02000427246094,182.33999633789062
2025-10-30,185.3459930419922,192.96600341796875,179.38600158691406,186.93600463867188
2025-10-31,188.64199829101562,189.52999877929688,180.66400146484375,183.8560028076172
2025-11-03,184.42799377441406,184.42799377441406,177.20399475097656,182.76800537109375
2025-11-04,180.0,181.7259979248047,175.30999755859375,177.51400756835938
2025-11-05,178.33399963378906,178.5240020751953,174.4600067138672,175.92599487304688
2025-11-06,174.9499969482422,175.8000030517578,170.0019989013672,171.75399780273438
2025-11-07,170.26800537109375,172.6199951171875,168.11000061035156,172.37399291992188
2025-11-10,172.77200317382812,173.72000122070312,170.23399353027344,173.25999450683594
2025-11-11,172.68600463867188,174.1300048828125,171.86599731445312,172.13400268554688
2025-11-12,173.74200439453125,174.0,169.83399963378906,172.80799865722656
2025-11-13,170.4759979248047,172.60000610351562,168.79600524902344,169.93800354003906
2025-11-14,168.3979949951172,173.06399536132812,167.80999755859375,170.08599853515625
2025-11-17,169.38400268554688,170.6959991455078,165.64199829101562,167.1580047607422
2025-11-18,165.41600036621094,167.0,162.32200622558594,163.593994140625
2025-11-19,163.33200073242188,164.22799682617188,161.51400756835938,163.2899932861328
2025-11-20,166.10000610351562,166.33799743652344,159.45599365234375,160.0919952392578
2025-11-21,160.4600067138672,163.9219970703125,159.0,162.68600463867188
2025-11-24,162.67999267578125,163.8979949951172,160.76199340820312,163.16799926757812
2025-11-25,162.4739990234375,166.17999267578125,162.1999969482422,165.06199645996094
2025-11-26,163.4499969482422,164.4040069580078,159.96800231933594,160.54400634765625
2025-11-28,161.60000610351562,162.8000030517578,161.0019989013672,162.48199462890625
2025-12-01,160.33399963378906,165.21400451660156,159.8000030517578,164.41400146484375
2025-12-02,165.7239990234375,166.68600463867188,164.8000030517578,164.87600708007812
2025-12-03,164.39999389648438,166.5959930419922,162.69200134277344,166.5800018310547
2025-12-04,168.1999969482422,169.3000030517578,166.13800048828125,167.7740020751953
2025-12-05,168.16600036621094,172.3000030517578,167.6020050048828,170.8719940185547
2025-12-08,170.84800720214844,174.39599609375,170.08599853515625,170.70399475097656
2025-12-09,170.52200317382812,172.1999969482422,169.8000030517578,170.98199462890625
2025-12-10,170.11399841308594,172.33200073242188,169.11000061035156,170.71200561523438
2025-12-11,170.60000610351562,175.0,170.2239990234375,173.4980010986328
2025-12-12,173.47799682617188,174.92599487304688,171.58200073242188,173.01199340820312
2025-12-15,159.60000610351562,160.67999267578125,152.1060028076172,153.0399932861328
2025-12-16,154.8939971923828,157.21400451660156,153.91400146484375,156.2239990234375
2025-12-17,157.0,161.9320068359375,156.2899932861328,156.47799682617188
2025-12-18,156.50999450683594,157.77999877929688,151.14999389648438,153.3800048828125
2025-12-19,152.97000122070312,156.16000366210938,152.5399932861328,155.30999755859375
2025-12-22,156.86000061035156,157.16000366210938,153.14999389648438,156.67999267578125
2025-12-23,155.5,156.08999633789062,151.6300048828125,154.36000061035156
2025-12-24,153.5,153.94000244140625,152.00999450683594,152.58999633789062
2025-12-26,152.5,154.47999572753906,152.2100067138672,153.88999938964844
2025-12-29,153.07000732421875,155.69000244140625,152.7899932861328,154.5800018310547
2025-12-30,153.85000610351562,154.69000244140625,153.25,154.22999572753906
2025-12-31,153.99000549316406,154.5399932861328,152.67999267578125,153.19000244140625
2026-01-02,153.0800018310547,153.1999969482422,145.63999938964844,147.4499969482422
2026-01-05,146.50999450683594,149.80999755859375,145.7899932861328,147.60000610351562
2026-01-06,147.4199981689453,149.57000732421875,146.6999969482422,148.80999755859375
2026-01-07,148.0,152.11000061035156,147.75,150.89999389648438
2026-01-08,149.94000244140625,150.3000030517578,146.17999267578125,146.19000244140625
2026-01-09,147.35000610351562,147.35000610351562,141.42999267578125,141.8000030517578
2026-01-12,141.63999938964844,143.77000427246094,141.14999389648438,142.63999938964844
2026-01-13,142.13999938964844,144.6999969482422,137.17999267578125,138.19000244140625
2026-01-14,137.38999938964844,138.19000244140625,132.61000061035156,134.61000061035156
2026-01-15,135.14999389648438,136.24000549316406,129.92999267578125,131.1699981689453
2026-01-16,129.6999969482422,131.35000610351562,126.8499984741211,127.30999755859375
2026-01-20,126.56999969482422,128.77999877929688,125.02999877929688,125.4000015258789
2026-01-21,128.0,128.00999450683594,123.77999877929688,125.30000305175781
2026-01-22,126.0,128.72999572753906,125.0999984741211,128.55999755859375
2026-01-23,128.64999389648438,133.85000610351562,128.22999572753906,133.11000061035156
2026-01-26,134.5500030517578,136.6300048828125,133.27000427246094,136.33999633789062
2026-01-27,135.8300018310547,136.02999877929688,130.86000061035156,131.8000030517578
2026-01-28,132.27000427246094,133.6699981689453,129.13999938964844,129.6199951171875
2026-01-29,118.52999877929688,118.95999908447266,113.12999725341797,116.7300033569336
2026-01-30,117.54000091552734,118.83000183105469,115.88999938964844,117.01000213623047
2026-02-02,118.80000305175781,121.66999816894531,116.3499984741211,118.0
2026-02-03,115.0199966430664,115.88999938964844,108.0999984741211,109.7699966430664
2026-02-04,107.19000244140625,111.1500015258789,105.25,111.06999969482422
2026-02-05,109.26000213623047,112.08999633789062,101.7300033569336,102.62999725341797
2026-02-06,101.68000030517578,104.0,98.94000244140625,100.73999786376953
2026-02-09,100.0,104.25,98.0,103.87000274658203
2026-02-10,104.98999786376953,108.9800033569336,104.9000015258789,106.4800033569336
2026-02-11,105.58000183105469,105.94000244140625,99.41999816894531,100.58000183105469
2026-02-12,101.91999816894531,103.70999908447266,99.2699966430664,103.29000091552734
2026-02-13,105.1500015258789,107.69000244140625,104.58999633789062,107.08000183105469
2026-02-17,109.55999755859375,110.8499984741211,103.87999725341797,105.91000366210938
2026-02-18,105.93000030517578,108.26000213623047,103.4000015258789,107.80999755859375
2026-02-19,108.06999969482422,109.22000122070312,106.19000244140625,107.37000274658203
2026-02-20,106.0,107.80000305175781,103.81999969482422,104.2699966430664
2026-02-23,101.94000244140625,101.94000244140625,99.18000030517578,100.80000305175781
2026-02-24,100.95999908447266,105.69999694824219,100.51000213623047,102.48999786376953
2026-02-25,101.62999725341797,104.7300033569336,100.16000366210938,104.2300033569336
2026-02-26,107.44999694824219,110.1500015258789,106.56999969482422,109.30000305175781
2026-02-27,105.0,108.69999694824219,104.0,108.01000213623047
2026-03-02,105.9800033569336,111.08000183105469,105.0999984741211,109.41999816894531
2026-03-03,108.0,114.91999816894531,107.51000213623047,113.19000244140625
2026-03-04,112.11000061035156,115.20999908447266,111.5,113.86000061035156
2026-03-05,114.7699966430664,122.08000183105469,114.12999725341797,120.37999725341797
2026-03-06,120.5,124.66000366210938,120.18000030517578,124.33999633789062
2026-03-09,123.05999755859375,126.66999816894531,121.29000091552734,121.93000030517578
2026-03-10,120.98999786376953,121.43000030517578,114.66000366210938,116.61000061035156
2026-03-11,117.4000015258789,118.83000183105469,113.5999984741211,115.62999725341797
2026-03-12,115.27999877929688,117.20999908447266,112.41999816894531,112.97000122070312
2026-03-13,112.80999755859375,115.91000366210938,111.70999908447266,113.62000274658203
2026-03-16,116.9000015258789,117.19999694824219,113.80000305175781,114.87999725341797
2026-03-17,115.4000015258789,118.98999786376953,114.19999694824219,116.72000122070312
2026-03-18,115.0,117.44000244140625,113.52999877929688,113.70999908447266
2026-03-19,114.18000030517578,117.08999633789062,111.94999694824219,113.2699966430664
2026-03-20,111.30000305175781,112.1500015258789,109.12000274658203,110.37999725341797
2026-03-23,110.76000213623047,113.25,109.88999938964844,110.94999694824219
2026-03-24,109.13999938964844,109.25,104.31999969482422,104.6500015258789
2026-03-25,106.5,106.87999725341797,101.13999938964844,103.05999755859375
2026-03-26,102.41999816894531,105.83999633789062,100.87999725341797,103.63999938964844
2026-03-27,102.63999938964844,102.66999816894531,98.33999633789062,99.41000366210938
2026-03-30,100.05999755859375,105.98999786376953,99.5,104.97000122070312
2026-03-31,105.54000091552734,106.58000183105469,104.05999755859375,104.55000305175781
2026-04-01,105.2300033569336,105.9000015258789,102.01000213623047,104.04000091552734
2026-04-02,101.79000091552734,103.41000366210938,98.45999908447266,102.0
2026-04-06,102.97000122070312,103.33000183105469,100.4000015258789,102.41999816894531
2026-04-07,102.7699966430664,103.95999908447266,99.5,100.55000305175781
2026-04-08,104.76000213623047,105.58000183105469,96.95999908447266,97.47000122070312
2026-04-09,96.5,97.16000366210938,88.66000366210938,89.80999755859375
2026-04-10,88.91000366210938,88.91000366210938,81.23999786376953,83.0
2026-04-13,84.7699966430664,89.23999786376953,84.18000030517578,89.05999755859375
2026-04-14,90.73999786376953,92.4000015258789,87.12000274658203,87.79000091552734
2026-04-15,90.19999694824219,94.83000183105469,89.19999694824219,94.19000244140625
2026-04-16,97.61000061035156,99.38999938964844,95.37000274658203,96.44000244140625
2026-04-17,97.94999694824219,98.81999969482422,96.12999725341797,96.66000366210938
2026-04-20,97.44000244140625,100.66999816894531,96.80999755859375,99.72000122070312
2026-04-21,100.3499984741211,104.5,99.05999755859375,100.13999938964844
2026-04-22,101.5,104.30999755859375,101.02999877929688,103.06999969482422
2026-04-23,87.25,90.0199966430664,83.58000183105469,84.77999877929688
2026-04-24,85.77999877929688,90.38999938964844,84.93000030517578,90.16999816894531
2026-04-27,89.05999755859375,94.02999877929688,87.80999755859375,90.44999694824219
2026-04-28,91.0999984741211,93.0,90.12999725341797,90.48999786376953
2026-04-29,89.05999755859375,89.30000305175781,87.0999984741211,88.88999938964844
2026-04-30,87.94999694824219,88.70999908447266,85.87999725341797,88.30999755859375
2026-05-01,90.93000030517578,92.5999984741211,87.87000274658203,91.16000366210938
2026-05-04,91.2699966430664,95.62000274658203,91.0999984741211,91.97000122070312
2026-05-05,92.25,92.88999938964844,89.13999938964844,92.01000213623047
2026-05-06,91.5999984741211,91.68000030517578,88.20999908447266,89.05000305175781
2026-05-07,92.16999816894531,95.55999755859375,91.88999938964844,93.58999633789062
2026-05-08,91.12999725341797,91.8499984741211,88.98999786376953,91.18000030517578
2026-05-11,91.04000091552734,94.75,90.47000122070312,91.48999786376953
2026-05-12,92.47000122070312,92.7699966430664,88.69000244140625,89.0
2026-05-13,88.58000183105469,88.58000183105469,86.01000213623047,87.05000305175781
2026-05-14,87.31999969482422,92.0,85.44000244140625,90.5
2026-05-15,92.08999633789062,96.66999816894531,91.97000122070312,95.06999969482422
2026-05-18,98.86000061035156,104.68000030517578,97.8499984741211,103.41999816894531
2026-05-19,110.13999938964844,110.83000183105469,100.7699966430664,101.83000183105469
2026-05-20,100.75,103.3499984741211,97.5,103.30000305175781
2026-05-21,100.98999786376953,101.58999633789062,98.11000061035156,99.69000244140625
2026-05-22,102.18000030517578,104.58999633789062,99.43000030517578,102.12999725341797
2026-05-26,100.55999755859375,102.54000091552734,98.72000122070312,99.91999816894531
2026-05-27,99.20999908447266,105.4000015258789,98.55000305175781,102.12000274658203
2026-05-28,107.0,110.16000366210938,104.5999984741211,108.7300033569336
2026-05-29,118.4800033569336,124.73999786376953,116.29000091552734,124.37000274658203
2026-06-01,135.77000427246094,139.1999969482422,131.61000061035156,135.86000061035156
2026-06-02,129.89999389648438,132.74000549316406,124.12000274658203,127.6500015258789
2026-06-03,127.98999786376953,128.0800018310547,117.33999633789062,117.9000015258789
2026-06-04,121.94000244140625,124.80000305175781,119.36000061035156,119.36000061035156
2026-06-05,119.19000244140625,121.19999694824219,111.55999755859375,112.44999694824219
2026-06-08,111.69000244140625,115.36000061035156,111.19999694824219,114.19000244140625
2026-06-09,110.30999755859375,112.38999938964844,103.08000183105469,106.97000122070312
2026-06-10,105.27999877929688,109.80000305175781,104.7300033569336,106.05999755859375
2026-06-11,103.02999877929688,105.12000274658203,101.33000183105469,103.08000183105469
2026-06-12,103.37999725341797,103.44999694824219,98.41999816894531,102.1500015258789
2026-06-15,104.80000305175781,107.18000030517578,103.3499984741211,104.1500015258789
2026-06-16,102.9000015258789,105.66000366210938,101.19999694824219,101.33000183105469
2026-06-17,100.68000030517578,102.88999938964844,95.08999633789062,95.4800033569336
2026-06-18,95.30999755859375,96.23999786376953,92.44999694824219,95.04000091552734
2026-06-22,93.30000305175781,97.44000244140625,91.4800033569336,93.01000213623047
2026-06-23,95.13999938964844,97.5,94.61000061035156,95.94000244140625
2026-06-24,94.0,96.98999786376953,93.41999816894531,93.80000305175781
2026-06-25,91.69999694824219,92.05999755859375,89.38999938964844,89.5199966430664
2026-06-26,90.44000244140625,98.91999816894531,90.0,98.33999633789062
2026-06-29,100.4800033569336,103.20999908447266,99.47000122070312,99.97000122070312
2026-06-30,97.30999755859375,99.63999938964844,96.94999694824219,99.27999877929688
2026-07-01,103.5999984741211,106.69000244140625,101.7699966430664,105.80000305175781
2026-07-02,106.22000122070312,107.68000030517578,103.83999633789062,106.31999969482422
2026-07-06,104.0999984741211,110.63999938964844,103.33999633789062,107.93000030517578
2026-07-07,111.55000305175781,113.79000091552734,109.04000091552734,110.7300033569336
2026-07-08,106.20999908447266,108.44000244140625,105.4000015258789,107.77999877929688
2026-07-09,102.02999877929688,109.25,101.51000213623047,108.83999633789062
2026-07-10,111.2699966430664,111.5,105.70999908447266,107.70999908447266
2026-07-13,109.5,113.02999877929688,107.6500015258789,111.26000213623047
2026-07-14,103.73999786376953,107.95999908447266,102.61000061035156,107.3499984741211
