Date,Open,High,Low,Close
2018-01-02,26.334999084472656,26.3700008392334,26.014999389648438,26.094999313354492
2018-01-03,26.0,26.190000534057617,25.799999237060547,25.889999389648438
2018-01-04,25.809999465942383,25.979999542236328,25.625,25.674999237060547
2018-01-05,25.764999389648438,25.80500030517578,25.53499984741211,25.665000915527344
2018-01-08,25.709999084472656,25.924999237060547,25.65999984741211,25.905000686645508
2018-01-09,25.899999618530273,25.90999984741211,25.610000610351562,25.649999618530273
2018-01-10,25.5,25.540000915527344,25.315000534057617,25.3700008392334
2018-01-11,25.344999313354492,25.459999084472656,25.190000534057617,25.274999618530273
2018-01-12,25.200000762939453,25.334999084472656,25.05500030517578,25.1299991607666
2018-01-16,25.229999542236328,25.299999237060547,24.93000030517578,25.075000762939453
2018-01-17,25.114999771118164,25.299999237060547,25.079999923706055,25.229999542236328
2018-01-18,25.229999542236328,25.235000610351562,24.940000534057617,25.06999969482422
2018-01-19,25.170000076293945,25.225000381469727,24.96500015258789,24.9950008392334
2018-01-22,25.114999771118164,25.274999618530273,24.989999771118164,25.030000686645508
2018-01-23,25.125,25.450000762939453,25.049999237060547,25.270000457763672
2018-01-24,25.229999542236328,25.25,25.075000762939453,25.114999771118164
2018-01-25,25.125,25.524999618530273,25.110000610351562,25.5049991607666
2018-01-26,25.575000762939453,25.649999618530273,25.264999389648438,25.520000457763672
2018-01-29,25.399999618530273,25.44499969482422,25.165000915527344,25.19499969482422
2018-01-30,25.174999237060547,25.344999313354492,25.165000915527344,25.239999771118164
2018-01-31,25.270000457763672,25.545000076293945,25.1299991607666,25.520000457763672
2018-02-01,25.489999771118164,25.59000015258789,25.045000076293945,25.1200008392334
2018-02-02,24.9950008392334,25.18000030517578,24.90999984741211,24.940000534057617
2018-02-05,24.899999618530273,25.165000915527344,24.485000610351562,24.530000686645508
2018-02-06,24.239999771118164,24.3700008392334,23.684999465942383,24.165000915527344
2018-02-07,24.149999618530273,24.434999465942383,24.040000915527344,24.049999237060547
2018-02-08,23.979999542236328,24.30500030517578,23.7549991607666,23.780000686645508
2018-02-09,23.844999313354492,24.46500015258789,23.774999618530273,24.280000686645508
2018-02-12,24.329999923706055,24.600000381469727,24.110000610351562,24.46500015258789
2018-02-13,24.454999923706055,24.670000076293945,24.200000762939453,24.575000762939453
2018-02-14,24.364999771118164,24.530000686645508,24.229999542236328,24.299999237060547
2018-02-15,24.360000610351562,24.850000381469727,24.325000762939453,24.84000015258789
2018-02-16,24.854999542236328,25.1200008392334,24.760000228881836,25.059999465942383
2018-02-20,24.975000381469727,25.065000534057617,24.614999771118164,24.735000610351562
2018-02-21,24.75,24.915000915527344,24.405000686645508,24.40999984741211
2018-02-22,24.489999771118164,24.719999313354492,24.399999618530273,24.53499984741211
2018-02-23,24.604999542236328,25.204999923706055,24.575000762939453,25.174999237060547
2018-02-26,25.274999618530273,25.31999969482422,25.049999237060547,25.100000381469727
2018-02-27,25.1200008392334,25.270000457763672,24.690000534057617,24.700000762939453
2018-02-28,24.790000915527344,24.854999542236328,24.530000686645508,24.530000686645508
2018-03-01,24.579999923706055,24.93000030517578,24.420000076293945,24.53499984741211
2018-03-02,24.520000457763672,24.764999389648438,24.264999389648438,24.469999313354492
2018-03-05,24.40999984741211,25.024999618530273,24.360000610351562,24.969999313354492
2018-03-06,24.940000534057617,24.9950008392334,24.579999923706055,24.635000228881836
2018-03-07,24.559999465942383,24.665000915527344,24.354999542236328,24.450000762939453
2018-03-08,24.5049991607666,24.684999465942383,24.46500015258789,24.6299991607666
2018-03-09,24.579999923706055,24.704999923706055,24.510000228881836,24.700000762939453
2018-03-12,24.709999084472656,24.834999084472656,24.68000030517578,24.80500030517578
2018-03-13,24.895000457763672,25.010000228881836,24.670000076293945,24.860000610351562
2018-03-14,24.934999465942383,25.200000762939453,24.920000076293945,25.114999771118164
2018-03-15,25.100000381469727,25.329999923706055,24.950000762939453,25.100000381469727
2018-03-16,24.905000686645508,25.190000534057617,24.889999389648438,25.125
2018-03-19,25.110000610351562,25.19499969482422,24.825000762939453,24.969999313354492
2018-03-20,24.975000381469727,25.079999923706055,24.795000076293945,24.854999542236328
2018-03-21,24.875,25.110000610351562,24.684999465942383,24.770000457763672
2018-03-22,24.795000076293945,25.280000686645508,24.725000381469727,24.8799991607666
2018-03-23,24.8799991607666,25.104999542236328,24.479999542236328,24.530000686645508
2018-03-26,24.610000610351562,24.81999969482422,24.559999465942383,24.78499984741211
2018-03-27,24.81999969482422,25.399999618530273,24.739999771118164,25.139999389648438
2018-03-28,25.170000076293945,25.270000457763672,24.96500015258789,25.1299991607666
2018-03-29,25.204999923706055,25.385000228881836,25.15999984741211,25.264999389648438
2018-04-02,25.309999465942383,25.43000030517578,24.889999389648438,25.06999969482422
2018-04-03,25.024999618530273,25.274999618530273,24.959999084472656,25.155000686645508
2018-04-04,25.149999618530273,25.274999618530273,24.94499969482422,25.209999084472656
2018-04-05,25.204999923706055,25.485000610351562,24.924999237060547,25.40999984741211
2018-04-06,25.44499969482422,25.5,25.155000686645508,25.209999084472656
2018-04-09,25.229999542236328,25.434999465942383,25.145000457763672,25.260000228881836
2018-04-10,25.264999389648438,25.295000076293945,25.010000228881836,25.065000534057617
2018-04-11,25.05500030517578,25.145000457763672,24.94499969482422,25.030000686645508
2018-04-12,25.03499984741211,25.100000381469727,24.649999618530273,24.700000762939453
2018-04-13,24.7450008392334,25.0049991607666,24.7450008392334,24.895000457763672
2018-04-16,24.950000762939453,25.25,24.934999465942383,25.235000610351562
2018-04-17,25.295000076293945,25.579999923706055,25.190000534057617,25.489999771118164
2018-04-18,25.520000457763672,25.7450008392334,25.389999389648438,25.395000457763672
2018-04-19,25.30500030517578,25.440000534057617,25.174999237060547,25.3799991607666
2018-04-20,25.350000381469727,25.40999984741211,25.06999969482422,25.149999618530273
2018-04-23,25.184999465942383,25.309999465942383,25.06999969482422,25.165000915527344
2018-04-24,25.184999465942383,25.489999771118164,25.145000457763672,25.334999084472656
2018-04-25,25.2450008392334,25.43000030517578,25.149999618530273,25.34000015258789
2018-04-26,25.364999771118164,25.6299991607666,25.25,25.594999313354492
2018-04-27,25.565000534057617,25.950000762939453,25.514999389648438,25.854999542236328
2018-04-30,25.895000457763672,25.979999542236328,25.7549991607666,25.780000686645508
2018-05-01,25.780000686645508,25.825000762939453,25.655000686645508,25.700000762939453
2018-05-02,25.704999923706055,25.795000076293945,25.575000762939453,25.674999237060547
2018-05-03,25.625,25.760000228881836,25.350000381469727,25.639999389648438
2018-05-04,25.684999465942383,25.8700008392334,25.684999465942383,25.7549991607666
2018-05-07,25.739999771118164,25.795000076293945,25.584999084472656,25.6200008392334
2018-05-08,25.514999389648438,25.559999465942383,24.934999465942383,24.979999542236328
2018-05-09,24.985000610351562,25.030000686645508,24.709999084472656,24.80500030517578
2018-05-10,25.014999389648438,25.15999984741211,24.8799991607666,25.155000686645508
2018-05-11,25.18000030517578,25.260000228881836,25.09000015258789,25.190000534057617
2018-05-14,25.229999542236328,25.274999618530273,24.985000610351562,25.094999313354492
2018-05-15,24.94499969482422,25.059999465942383,24.764999389648438,24.885000228881836
2018-05-16,24.895000457763672,24.93000030517578,24.594999313354492,24.690000534057617
2018-05-17,24.69499969482422,24.764999389648438,24.440000534057617,24.489999771118164
2018-05-18,24.559999465942383,24.639999389648438,24.30500030517578,24.4950008392334
2018-05-21,24.524999618530273,24.690000534057617,24.415000915527344,24.6200008392334
2018-05-22,24.610000610351562,24.854999542236328,24.610000610351562,24.709999084472656
2018-05-23,24.795000076293945,24.989999771118164,24.735000610351562,24.934999465942383
2018-05-24,24.969999313354492,25.15999984741211,24.885000228881836,25.139999389648438
2018-05-25,25.174999237060547,25.315000534057617,25.125,25.25
2018-05-29,25.204999923706055,25.420000076293945,25.06999969482422,25.25
2018-05-30,25.18000030517578,25.5,25.114999771118164,25.454999923706055
2018-05-31,25.424999237060547,25.645000457763672,25.270000457763672,25.4950008392334
2018-06-01,25.43000030517578,25.440000534057617,24.985000610351562,25.104999542236328
2018-06-04,25.155000686645508,25.260000228881836,24.885000228881836,24.905000686645508
2018-06-05,24.950000762939453,24.985000610351562,24.68000030517578,24.774999618530273
2018-06-06,24.770000457763672,24.799999237060547,24.184999465942383,24.184999465942383
2018-06-07,24.225000381469727,24.594999313354492,24.174999237060547,24.354999542236328
2018-06-08,24.44499969482422,24.454999923706055,24.270000457763672,24.344999313354492
2018-06-11,24.399999618530273,24.489999771118164,24.225000381469727,24.295000076293945
2018-06-12,24.274999618530273,24.604999542236328,24.260000228881836,24.575000762939453
2018-06-13,24.604999542236328,24.75,24.434999465942383,24.510000228881836
2018-06-14,24.549999237060547,24.8700008392334,24.520000457763672,24.815000534057617
2018-06-15,24.565000534057617,24.780000686645508,24.3700008392334,24.770000457763672
2018-06-18,24.7549991607666,24.93000030517578,24.704999923706055,24.850000381469727
2018-06-19,24.895000457763672,25.184999465942383,24.850000381469727,25.094999313354492
2018-06-20,25.135000228881836,25.18000030517578,25.0049991607666,25.114999771118164
2018-06-21,25.139999389648438,25.329999923706055,25.059999465942383,25.200000762939453
2018-06-22,25.21500015258789,25.440000534057617,25.165000915527344,25.375
2018-06-25,25.3799991607666,25.850000381469727,25.3799991607666,25.795000076293945
2018-06-26,25.725000381469727,25.975000381469727,25.670000076293945,25.825000762939453
2018-06-27,25.795000076293945,26.0,25.725000381469727,25.950000762939453
2018-06-28,25.975000381469727,26.184999465942383,25.899999618530273,25.940000534057617
2018-06-29,25.895000457763672,26.084999084472656,25.75,25.979999542236328
2018-07-02,25.9950008392334,26.18000030517578,25.875,26.165000915527344
2018-07-03,26.174999237060547,26.395000457763672,26.05500030517578,26.239999771118164
2018-07-05,26.2549991607666,26.399999618530273,26.145000457763672,26.3799991607666
2018-07-06,26.434999465942383,26.645000457763672,26.389999389648438,26.584999084472656
2018-07-09,26.579999923706055,26.584999084472656,25.674999237060547,25.764999389648438
2018-07-10,25.520000457763672,26.149999618530273,25.44499969482422,26.010000228881836
2018-07-11,26.0,26.290000915527344,25.979999542236328,26.2450008392334
2018-07-12,26.2450008392334,26.31999969482422,26.125,26.264999389648438
2018-07-13,26.299999237060547,26.360000610351562,26.094999313354492,26.270000457763672
2018-07-16,26.25,26.315000534057617,26.114999771118164,26.2450008392334
2018-07-17,26.28499984741211,26.329999923706055,26.200000762939453,26.225000381469727
2018-07-18,26.19499969482422,26.239999771118164,25.979999542236328,26.09000015258789
2018-07-19,26.114999771118164,26.485000610351562,26.114999771118164,26.329999923706055
2018-07-20,26.25,26.31999969482422,25.969999313354492,26.145000457763672
2018-07-23,26.149999618530273,26.200000762939453,25.8700008392334,25.959999084472656
2018-07-24,25.889999389648438,26.1299991607666,25.59000015258789,26.049999237060547
2018-07-25,26.045000076293945,26.2549991607666,25.96500015258789,26.125
2018-07-26,26.25,26.479999542236328,26.204999923706055,26.405000686645508
2018-07-27,26.420000076293945,26.53499984741211,26.21500015258789,26.31999969482422
2018-07-30,26.28499984741211,26.28499984741211,26.075000762939453,26.15999984741211
2018-07-31,26.274999618530273,26.46500015258789,26.18000030517578,26.395000457763672
2018-08-01,26.2450008392334,26.299999237060547,26.0,26.225000381469727
2018-08-02,26.21500015258789,26.434999465942383,26.059999465942383,26.354999542236328
2018-08-03,26.364999771118164,26.719999313354492,26.274999618530273,26.649999618530273
2018-08-06,26.674999237060547,26.825000762939453,26.6200008392334,26.670000076293945
2018-08-07,26.6200008392334,26.674999237060547,26.420000076293945,26.6299991607666
2018-08-08,26.540000915527344,26.579999923706055,26.395000457763672,26.489999771118164
2018-08-09,26.485000610351562,26.625,26.395000457763672,26.610000610351562
2018-08-10,26.645000457763672,26.829999923706055,26.485000610351562,26.4950008392334
2018-08-13,26.540000915527344,26.579999923706055,26.405000686645508,26.530000686645508
2018-08-14,26.540000915527344,26.690000534057617,26.510000228881836,26.584999084472656
2018-08-15,26.670000076293945,26.989999771118164,26.614999771118164,26.829999923706055
2018-08-16,26.770000457763672,27.139999389648438,26.71500015258789,27.1200008392334
2018-08-17,27.104999542236328,27.3799991607666,27.05500030517578,27.260000228881836
2018-08-20,27.315000534057617,27.329999923706055,27.100000381469727,27.165000915527344
2018-08-21,27.125,27.139999389648438,26.889999389648438,26.969999313354492
2018-08-22,26.9950008392334,27.0,26.670000076293945,26.770000457763672
2018-08-23,26.760000228881836,26.940000534057617,26.700000762939453,26.75
2018-08-24,26.719999313354492,26.889999389648438,26.614999771118164,26.864999771118164
2018-08-27,26.885000228881836,26.959999084472656,26.565000534057617,26.700000762939453
2018-08-28,26.635000228881836,26.735000610351562,26.565000534057617,26.645000457763672
2018-08-29,26.709999084472656,26.84000015258789,26.670000076293945,26.84000015258789
2018-08-30,26.885000228881836,26.9950008392334,26.7549991607666,26.850000381469727
2018-08-31,26.889999389648438,27.0,26.635000228881836,26.735000610351562
2018-09-04,26.764999389648438,27.0,26.739999771118164,26.854999542236328
2018-09-05,26.825000762939453,27.2450008392334,26.825000762939453,27.229999542236328
2018-09-06,27.2450008392334,27.469999313354492,27.165000915527344,27.385000228881836
2018-09-07,27.1200008392334,27.25,26.989999771118164,27.049999237060547
2018-09-10,27.104999542236328,27.295000076293945,27.084999084472656,27.184999465942383
2018-09-11,27.174999237060547,27.28499984741211,27.059999465942383,27.114999771118164
2018-09-12,27.110000610351562,27.260000228881836,27.030000686645508,27.09000015258789
2018-09-13,27.079999923706055,27.30500030517578,26.954999923706055,27.295000076293945
2018-09-14,27.184999465942383,27.209999084472656,26.920000076293945,27.149999618530273
2018-09-17,27.100000381469727,27.280000686645508,27.06999969482422,27.239999771118164
2018-09-18,27.200000762939453,27.280000686645508,27.059999465942383,27.190000534057617
2018-09-19,27.18000030517578,27.18000030517578,26.475000381469727,26.600000381469727
2018-09-20,26.565000534057617,26.68000030517578,26.344999313354492,26.655000686645508
2018-09-21,26.375,26.625,26.2549991607666,26.530000686645508
2018-09-24,26.440000534057617,26.53499984741211,26.270000457763672,26.295000076293945
2018-09-25,26.219999313354492,26.235000610351562,25.889999389648438,25.934999465942383
2018-09-26,26.059999465942383,26.06999969482422,25.670000076293945,25.68000030517578
2018-09-27,25.7450008392334,26.084999084472656,25.684999465942383,25.94499969482422
2018-09-28,26.0,26.344999313354492,25.96500015258789,26.325000762939453
2018-10-01,26.2450008392334,26.295000076293945,26.135000228881836,26.235000610351562
2018-10-02,26.28499984741211,26.65999984741211,26.28499984741211,26.59000015258789
2018-10-03,26.545000076293945,26.684999465942383,26.045000076293945,26.270000457763672
2018-10-04,26.204999923706055,26.46500015258789,26.010000228881836,26.40999984741211
2018-10-05,26.3700008392334,26.899999618530273,26.350000381469727,26.815000534057617
2018-10-08,26.920000076293945,27.219999313354492,26.799999237060547,27.040000915527344
2018-10-09,27.014999389648438,27.270000457763672,26.975000381469727,27.149999618530273
2018-10-10,27.104999542236328,27.44499969482422,26.989999771118164,27.0
2018-10-11,27.075000762939453,27.139999389648438,26.3700008392334,26.5049991607666
2018-10-12,26.469999313354492,26.55500030517578,26.2549991607666,26.475000381469727
2018-10-15,26.469999313354492,26.770000457763672,26.440000534057617,26.600000381469727
2018-10-16,26.56999969482422,27.024999618530273,26.489999771118164,26.875
2018-10-17,26.84000015258789,26.954999923706055,26.68000030517578,26.825000762939453
2018-10-18,26.895000457763672,27.030000686645508,26.725000381469727,26.864999771118164
2018-10-19,26.8700008392334,27.43000030517578,26.78499984741211,27.28499984741211
2018-10-22,27.315000534057617,27.344999313354492,27.045000076293945,27.110000610351562
2018-10-23,27.15999984741211,27.334999084472656,26.850000381469727,26.959999084472656
2018-10-24,27.079999923706055,27.7450008392334,26.96500015258789,27.614999771118164
2018-10-25,27.434999465942383,27.434999465942383,27.049999237060547,27.184999465942383
2018-10-26,27.329999923706055,27.40999984741211,26.5,26.684999465942383
2018-10-29,26.7450008392334,27.18000030517578,26.7450008392334,27.059999465942383
2018-10-30,27.165000915527344,27.329999923706055,26.844999313354492,27.165000915527344
2018-10-31,26.940000534057617,27.104999542236328,26.684999465942383,26.844999313354492
2018-11-01,26.885000228881836,26.899999618530273,26.549999237060547,26.725000381469727
2018-11-02,26.799999237060547,26.8700008392334,26.399999618530273,26.575000762939453
2018-11-05,26.69499969482422,27.045000076293945,26.6299991607666,26.950000762939453
2018-11-06,26.924999237060547,27.190000534057617,26.889999389648438,27.1299991607666
2018-11-07,27.329999923706055,27.479999542236328,27.114999771118164,27.440000534057617
2018-11-08,27.46500015258789,27.55500030517578,27.165000915527344,27.395000457763672
2018-11-09,27.299999237060547,27.55500030517578,27.2450008392334,27.434999465942383
2018-11-12,27.235000610351562,27.704999923706055,27.03499984741211,27.420000076293945
2018-11-13,27.415000915527344,27.594999313354492,27.204999923706055,27.53499984741211
2018-11-14,27.299999237060547,27.479999542236328,27.155000686645508,27.25
2018-11-15,27.110000610351562,27.135000228881836,26.78499984741211,27.024999618530273
2018-11-16,27.440000534057617,27.56999969482422,27.235000610351562,27.440000534057617
2018-11-19,27.399999618530273,27.584999084472656,27.28499984741211,27.559999465942383
2018-11-20,27.639999389648438,27.834999084472656,27.280000686645508,27.44499969482422
2018-11-21,27.350000381469727,27.385000228881836,26.96500015258789,27.040000915527344
2018-11-23,27.075000762939453,27.1200008392334,26.875,27.05500030517578
2018-11-26,27.084999084472656,27.229999542236328,26.940000534057617,27.21500015258789
2018-11-27,27.19499969482422,27.450000762939453,27.084999084472656,27.420000076293945
2018-11-28,27.450000762939453,27.530000686645508,27.30500030517578,27.399999618530273
2018-11-29,27.440000534057617,27.440000534057617,27.110000610351562,27.389999389648438
2018-11-30,27.454999923706055,27.81999969482422,27.385000228881836,27.795000076293945
2018-12-03,27.704999923706055,28.075000762939453,27.545000076293945,28.075000762939453
2018-12-04,28.145000457763672,28.405000686645508,28.024999618530273,28.094999313354492
2018-12-06,28.209999084472656,28.219999313354492,27.549999237060547,28.125
2018-12-07,28.084999084472656,28.395000457763672,27.895000457763672,28.229999542236328
2018-12-10,28.229999542236328,28.375,27.739999771118164,28.28499984741211
2018-12-11,28.31999969482422,28.4950008392334,28.170000076293945,28.399999618530273
2018-12-12,28.3700008392334,28.55500030517578,28.204999923706055,28.219999313354492
2018-12-13,28.239999771118164,28.59000015258789,28.235000610351562,28.46500015258789
2018-12-14,28.489999771118164,28.55500030517578,28.2450008392334,28.40999984741211
2018-12-17,28.46500015258789,28.485000610351562,27.385000228881836,27.4950008392334
2018-12-18,27.649999618530273,27.844999313354492,27.229999542236328,27.309999465942383
2018-12-19,27.364999771118164,27.584999084472656,27.104999542236328,27.264999389648438
2018-12-20,27.290000915527344,27.639999389648438,26.940000534057617,27.25
2018-12-21,27.225000381469727,27.709999084472656,26.825000762939453,26.905000686645508
2018-12-24,26.854999542236328,27.05500030517578,25.674999237060547,25.780000686645508
2018-12-26,25.78499984741211,26.165000915527344,25.405000686645508,26.1299991607666
2018-12-27,26.139999389648438,26.385000228881836,25.700000762939453,26.350000381469727
2018-12-28,26.40999984741211,26.68000030517578,26.315000534057617,26.415000915527344
2018-12-31,26.424999237060547,26.53499984741211,26.184999465942383,26.459999084472656
2019-01-02,26.354999542236328,26.3799991607666,25.850000381469727,26.0049991607666
2019-01-03,26.0049991607666,26.219999313354492,25.8799991607666,26.0
2019-01-04,25.8799991607666,26.399999618530273,25.844999313354492,26.385000228881836
2019-01-07,26.219999313354492,26.334999084472656,26.059999465942383,26.204999923706055
2019-01-08,26.229999542236328,26.559999465942383,26.084999084472656,26.530000686645508
2019-01-09,26.514999389648438,26.625,26.295000076293945,26.3700008392334
2019-01-10,26.399999618530273,26.764999389648438,26.364999771118164,26.71500015258789
2019-01-11,26.68000030517578,26.735000610351562,26.450000762939453,26.614999771118164
2019-01-14,26.299999237060547,26.6200008392334,25.770000457763672,26.014999389648438
2019-01-15,25.905000686645508,26.479999542236328,25.8799991607666,26.334999084472656
2019-01-16,26.28499984741211,26.440000534057617,26.135000228881836,26.43000030517578
2019-01-17,26.40999984741211,26.600000381469727,26.3700008392334,26.540000915527344
2019-01-18,26.575000762939453,26.65999984741211,26.450000762939453,26.56999969482422
2019-01-22,26.565000534057617,26.764999389648438,26.360000610351562,26.6200008392334
2019-01-23,26.625,26.905000686645508,26.579999923706055,26.889999389648438
2019-01-24,26.8700008392334,27.05500030517578,26.670000076293945,27.030000686645508
2019-01-25,26.94499969482422,27.06999969482422,26.6200008392334,26.65999984741211
2019-01-28,26.665000915527344,26.764999389648438,26.415000915527344,26.53499984741211
2019-01-29,26.65999984741211,26.735000610351562,26.520000457763672,26.610000610351562
2019-01-30,26.540000915527344,26.93000030517578,26.5,26.815000534057617
2019-01-31,26.80500030517578,27.459999084472656,26.684999465942383,27.3799991607666
2019-02-01,27.264999389648438,27.3799991607666,27.040000915527344,27.274999618530273
2019-02-04,27.155000686645508,27.334999084472656,26.96500015258789,27.31999969482422
2019-02-05,27.31999969482422,27.424999237060547,27.165000915527344,27.375
2019-02-06,27.334999084472656,27.469999313354492,27.225000381469727,27.360000610351562
2019-02-07,27.31999969482422,27.719999313354492,27.235000610351562,27.719999313354492
2019-02-08,27.655000686645508,27.854999542236328,27.594999313354492,27.84000015258789
2019-02-11,27.84000015258789,27.975000381469727,27.735000610351562,27.829999923706055
2019-02-12,27.834999084472656,28.03499984741211,27.674999237060547,27.895000457763672
2019-02-13,27.809999465942383,27.885000228881836,27.700000762939453,27.815000534057617
2019-02-14,27.834999084472656,27.915000915527344,27.670000076293945,27.770000457763672
2019-02-15,27.860000610351562,27.959999084472656,27.7549991607666,27.854999542236328
2019-02-19,27.875,28.049999237060547,27.790000915527344,28.020000457763672
2019-02-20,28.010000228881836,28.19499969482422,27.860000610351562,28.145000457763672
2019-02-21,28.059999465942383,28.395000457763672,27.96500015258789,28.350000381469727
2019-02-22,28.399999618530273,28.530000686645508,28.270000457763672,28.524999618530273
2019-02-25,28.549999237060547,28.56999969482422,28.225000381469727,28.34000015258789
2019-02-26,28.399999618530273,28.440000534057617,28.15999984741211,28.30500030517578
2019-02-27,28.239999771118164,28.43000030517578,28.209999084472656,28.34000015258789
2019-02-28,28.354999542236328,28.575000762939453,28.204999923706055,28.5049991607666
2019-03-01,28.514999389648438,28.584999084472656,28.325000762939453,28.565000534057617
2019-03-04,28.600000381469727,28.674999237060547,28.334999084472656,28.614999771118164
2019-03-05,28.614999771118164,28.684999465942383,28.530000686645508,28.579999923706055
2019-03-06,28.610000610351562,28.684999465942383,28.479999542236328,28.579999923706055
2019-03-07,28.6299991607666,28.854999542236328,28.594999313354492,28.674999237060547
2019-03-08,28.709999084472656,28.799999237060547,28.5049991607666,28.774999618530273
2019-03-11,28.78499984741211,28.989999771118164,28.764999389648438,28.979999542236328
2019-03-12,29.030000686645508,29.209999084472656,28.975000381469727,29.18000030517578
2019-03-13,29.125,29.280000686645508,29.104999542236328,29.209999084472656
2019-03-14,29.19499969482422,29.3700008392334,29.094999313354492,29.204999923706055
2019-03-15,29.03499984741211,29.190000534057617,28.8700008392334,29.094999313354492
2019-03-18,29.110000610351562,29.149999618530273,28.860000610351562,28.985000610351562
2019-03-19,28.940000534057617,28.985000610351562,28.549999237060547,28.655000686645508
2019-03-20,28.709999084472656,28.959999084472656,28.584999084472656,28.729999542236328
2019-03-21,28.75,29.094999313354492,28.704999923706055,29.03499984741211
2019-03-22,29.145000457763672,29.450000762939453,29.03499984741211,29.2450008392334
2019-03-25,29.270000457763672,29.360000610351562,29.149999618530273,29.270000457763672
2019-03-26,29.28499984741211,29.5,29.2450008392334,29.479999542236328
2019-03-27,29.510000228881836,29.53499984741211,29.139999389648438,29.274999618530273
2019-03-28,29.270000457763672,29.3700008392334,28.829999923706055,28.93000030517578
2019-03-29,28.889999389648438,29.1200008392334,28.81999969482422,29.084999084472656
2019-04-01,29.084999084472656,29.084999084472656,28.71500015258789,28.885000228881836
2019-04-02,28.94499969482422,28.979999542236328,28.7450008392334,28.924999237060547
2019-04-03,28.864999771118164,29.0,28.665000915527344,28.8799991607666
2019-04-04,28.93000030517578,28.954999923706055,28.610000610351562,28.780000686645508
2019-04-05,28.780000686645508,29.065000534057617,28.690000534057617,29.049999237060547
2019-04-08,28.985000610351562,29.024999618530273,28.770000457763672,28.844999313354492
2019-04-09,28.8700008392334,28.94499969482422,28.78499984741211,28.915000915527344
2019-04-10,28.975000381469727,29.170000076293945,28.760000228881836,28.825000762939453
2019-04-11,28.81999969482422,28.979999542236328,28.78499984741211,28.969999313354492
2019-04-12,28.864999771118164,29.135000228881836,28.719999313354492,29.104999542236328
2019-04-15,29.1299991607666,29.229999542236328,29.024999618530273,29.100000381469727
2019-04-16,29.100000381469727,29.165000915527344,28.645000457763672,28.739999771118164
2019-04-17,28.709999084472656,28.78499984741211,28.604999542236328,28.6299991607666
2019-04-18,28.700000762939453,28.844999313354492,28.6299991607666,28.645000457763672
2019-04-22,28.635000228881836,28.729999542236328,28.559999465942383,28.6200008392334
2019-04-23,28.6299991607666,28.790000915527344,28.489999771118164,28.700000762939453
2019-04-24,28.770000457763672,28.985000610351562,28.725000381469727,28.885000228881836
2019-04-25,28.7549991607666,29.1200008392334,28.725000381469727,29.0049991607666
2019-04-26,29.165000915527344,29.34000015258789,29.020000457763672,29.049999237060547
2019-04-29,29.024999618530273,29.03499984741211,28.760000228881836,28.8799991607666
2019-04-30,28.885000228881836,29.375,28.834999084472656,29.354999542236328
2019-05-01,29.270000457763672,29.350000381469727,29.030000686645508,29.05500030517578
2019-05-02,29.0,29.155000686645508,28.774999618530273,28.989999771118164
2019-05-03,28.989999771118164,29.200000762939453,28.94499969482422,29.149999618530273
2019-05-06,29.149999618530273,29.229999542236328,28.93000030517578,28.989999771118164
2019-05-07,28.94499969482422,29.014999389648438,28.764999389648438,28.899999618530273
2019-05-08,28.864999771118164,28.895000457763672,28.479999542236328,28.5049991607666
2019-05-09,28.5049991607666,28.6299991607666,28.329999923706055,28.469999313354492
2019-05-10,28.46500015258789,28.9950008392334,28.40999984741211,28.979999542236328
2019-05-13,28.889999389648438,29.354999542236328,28.850000381469727,29.290000915527344
2019-05-14,29.295000076293945,29.31999969482422,29.040000915527344,29.094999313354492
2019-05-15,29.110000610351562,29.219999313354492,29.010000228881836,29.045000076293945
2019-05-16,29.014999389648438,29.329999923706055,28.934999465942383,29.239999771118164
2019-05-17,29.110000610351562,29.5049991607666,29.06999969482422,29.389999389648438
2019-05-20,29.454999923706055,29.614999771118164,29.354999542236328,29.43000030517578
2019-05-21,29.475000381469727,29.725000381469727,29.405000686645508,29.485000610351562
2019-05-22,29.530000686645508,29.735000610351562,29.440000534057617,29.704999923706055
2019-05-23,29.735000610351562,29.96500015258789,29.704999923706055,29.959999084472656
2019-05-24,29.979999542236328,30.135000228881836,29.8799991607666,29.915000915527344
2019-05-28,29.954999923706055,29.979999542236328,29.375,29.424999237060547
2019-05-29,29.4950008392334,29.524999618530273,28.96500015258789,29.03499984741211
2019-05-30,29.040000915527344,29.200000762939453,28.899999618530273,28.989999771118164
2019-05-31,29.0,29.204999923706055,28.8700008392334,29.125
2019-06-03,29.219999313354492,29.454999923706055,29.06999969482422,29.415000915527344
2019-06-04,29.44499969482422,29.479999542236328,28.895000457763672,29.440000534057617
2019-06-05,29.549999237060547,30.170000076293945,29.44499969482422,30.06999969482422
2019-06-06,30.110000610351562,30.309999465942383,30.024999618530273,30.2549991607666
2019-06-07,30.40999984741211,30.594999313354492,30.014999389648438,30.030000686645508
2019-06-10,29.940000534057617,30.0,29.674999237060547,29.825000762939453
2019-06-11,29.815000534057617,29.895000457763672,29.475000381469727,29.645000457763672
2019-06-12,29.795000076293945,30.075000762939453,29.760000228881836,30.030000686645508
2019-06-13,30.100000381469727,30.18000030517578,29.889999389648438,30.09000015258789
2019-06-14,30.125,30.459999084472656,30.114999771118164,30.405000686645508
2019-06-17,30.405000686645508,30.4950008392334,30.1299991607666,30.31999969482422
2019-06-18,30.454999923706055,30.5049991607666,29.989999771118164,30.19499969482422
2019-06-19,30.059999465942383,30.55500030517578,30.049999237060547,30.424999237060547
2019-06-20,30.584999084472656,30.690000534057617,30.270000457763672,30.6200008392334
2019-06-21,30.350000381469727,30.549999237060547,30.135000228881836,30.4950008392334
2019-06-24,30.549999237060547,30.594999313354492,30.389999389648438,30.5049991607666
2019-06-25,30.530000686645508,30.530000686645508,30.25,30.31999969482422
2019-06-26,30.2450008392334,30.309999465942383,29.649999618530273,29.65999984741211
2019-06-27,29.7549991607666,29.84000015258789,29.584999084472656,29.700000762939453
2019-06-28,29.709999084472656,29.979999542236328,29.649999618530273,29.815000534057617
2019-07-01,29.834999084472656,29.864999771118164,29.469999313354492,29.739999771118164
2019-07-02,29.850000381469727,30.19499969482422,29.844999313354492,30.145000457763672
2019-07-03,30.235000610351562,30.540000915527344,30.209999084472656,30.354999542236328
2019-07-05,30.165000915527344,30.385000228881836,29.875,30.34000015258789
2019-07-08,30.360000610351562,30.479999542236328,30.19499969482422,30.385000228881836
2019-07-09,30.334999084472656,30.434999465942383,30.170000076293945,30.424999237060547
2019-07-10,30.459999084472656,30.65999984741211,30.354999542236328,30.4950008392334
2019-07-11,30.459999084472656,30.6200008392334,30.2450008392334,30.5049991607666
2019-07-12,30.4950008392334,30.530000686645508,30.19499969482422,30.30500030517578
2019-07-15,30.309999465942383,30.469999313354492,30.19499969482422,30.424999237060547
2019-07-16,30.350000381469727,30.454999923706055,30.09000015258789,30.25
2019-07-17,30.354999542236328,30.540000915527344,30.25,30.364999771118164
2019-07-18,30.3700008392334,30.635000228881836,30.200000762939453,30.6299991607666
2019-07-19,30.559999465942383,30.645000457763672,30.170000076293945,30.184999465942383
2019-07-22,30.260000228881836,30.290000915527344,29.94499969482422,30.1200008392334
2019-07-23,30.155000686645508,30.174999237060547,29.875,29.93000030517578
2019-07-24,30.014999389648438,30.09000015258789,29.725000381469727,29.954999923706055
2019-07-25,29.860000610351562,30.075000762939453,29.729999542236328,29.8799991607666
2019-07-26,29.905000686645508,30.104999542236328,29.84000015258789,29.989999771118164
2019-07-29,30.075000762939453,30.190000534057617,29.905000686645508,30.145000457763672
2019-07-30,30.075000762939453,30.21500015258789,29.764999389648438,29.915000915527344
2019-07-31,29.924999237060547,30.06999969482422,29.594999313354492,29.774999618530273
2019-08-01,29.725000381469727,30.25,29.625,30.079999923706055
2019-08-02,30.125,30.325000762939453,30.010000228881836,30.075000762939453
2019-08-05,30.139999389648438,30.219999313354492,29.485000610351562,29.645000457763672
2019-08-06,29.674999237060547,30.1299991607666,29.344999313354492,30.014999389648438
2019-08-07,30.024999618530273,30.270000457763672,29.600000381469727,30.09000015258789
2019-08-08,30.075000762939453,30.479999542236328,29.90999984741211,30.399999618530273
2019-08-09,30.424999237060547,30.56999969482422,30.325000762939453,30.434999465942383
2019-08-12,30.440000534057617,30.520000457763672,30.219999313354492,30.375
2019-08-13,30.3700008392334,30.5049991607666,30.190000534057617,30.395000457763672
2019-08-14,30.434999465942383,30.59000015258789,30.065000534057617,30.145000457763672
2019-08-15,30.25,30.639999389648438,30.06999969482422,30.53499984741211
2019-08-16,30.549999237060547,30.78499984741211,30.5049991607666,30.690000534057617
2019-08-19,30.625,30.989999771118164,30.575000762939453,30.885000228881836
2019-08-20,30.954999923706055,30.959999084472656,30.704999923706055,30.834999084472656
2019-08-21,30.78499984741211,31.040000915527344,30.760000228881836,31.040000915527344
2019-08-22,31.020000457763672,31.110000610351562,30.80500030517578,31.06999969482422
2019-08-23,31.1299991607666,31.229999542236328,30.584999084472656,30.739999771118164
2019-08-26,30.815000534057617,31.104999542236328,30.739999771118164,31.094999313354492
2019-08-27,31.2450008392334,31.3700008392334,31.114999771118164,31.149999618530273
2019-08-28,31.184999465942383,31.295000076293945,30.954999923706055,31.065000534057617
2019-08-29,31.239999771118164,31.290000915527344,30.989999771118164,31.280000686645508
2019-08-30,31.375,31.399999618530273,31.19499969482422,31.290000915527344
2019-09-03,31.280000686645508,31.850000381469727,31.2450008392334,31.844999313354492
2019-09-04,31.934999465942383,32.01499938964844,31.674999237060547,31.875
2019-09-05,31.665000915527344,31.735000610351562,31.420000076293945,31.530000686645508
2019-09-06,31.610000610351562,31.68000030517578,31.309999465942383,31.405000686645508
2019-09-09,31.34000015258789,31.395000457763672,31.190000534057617,31.25
2019-09-10,31.200000762939453,31.290000915527344,31.020000457763672,31.290000915527344
2019-09-11,31.2450008392334,31.625,31.104999542236328,31.600000381469727
2019-09-12,31.790000915527344,31.885000228881836,31.524999618530273,31.670000076293945
2019-09-13,31.489999771118164,31.700000762939453,31.375,31.469999313354492
2019-09-16,31.520000457763672,31.545000076293945,31.31999969482422,31.4950008392334
2019-09-17,31.549999237060547,31.844999313354492,31.53499984741211,31.770000457763672
2019-09-18,31.889999389648438,32.005001068115234,31.690000534057617,31.905000686645508
2019-09-19,32.005001068115234,32.084999084472656,31.885000228881836,32.05500030517578
2019-09-20,31.850000381469727,31.969999313354492,31.690000534057617,31.934999465942383
2019-09-23,31.924999237060547,32.060001373291016,31.860000610351562,31.940000534057617
2019-09-24,32.05500030517578,32.42499923706055,32.029998779296875,32.314998626708984
2019-09-25,32.290000915527344,32.33000183105469,32.119998931884766,32.29499816894531
2019-09-26,32.375,32.55500030517578,32.314998626708984,32.46500015258789
2019-09-27,32.5099983215332,32.529998779296875,32.16999816894531,32.349998474121094
2019-09-30,32.375,32.53499984741211,32.279998779296875,32.369998931884766
2019-10-01,32.2599983215332,32.349998474121094,32.119998931884766,32.29499816894531
2019-10-02,32.224998474121094,32.279998779296875,31.78499984741211,31.864999771118164
2019-10-03,31.875,31.954999923706055,31.709999084472656,31.940000534057617
2019-10-04,31.979999542236328,32.45500183105469,31.934999465942383,32.3849983215332
2019-10-07,32.35499954223633,32.39500045776367,32.18000030517578,32.2599983215332
2019-10-08,32.2400016784668,32.26499938964844,31.94499969482422,31.959999084472656
2019-10-09,32.04499816894531,32.2400016784668,31.969999313354492,32.1150016784668
2019-10-10,32.040000915527344,32.150001525878906,31.799999237060547,32.08000183105469
2019-10-11,32.04999923706055,32.15999984741211,31.850000381469727,31.959999084472656
2019-10-14,32.04999923706055,32.064998626708984,31.65999984741211,31.7549991607666
2019-10-15,31.774999618530273,31.850000381469727,31.575000762939453,31.655000686645508
2019-10-16,31.635000228881836,31.739999771118164,31.489999771118164,31.725000381469727
2019-10-17,31.725000381469727,31.8700008392334,31.649999618530273,31.80500030517578
2019-10-18,31.729999542236328,31.979999542236328,31.649999618530273,31.90999984741211
2019-10-21,31.915000915527344,32.04499816894531,31.815000534057617,32.03499984741211
2019-10-22,32.11000061035156,32.314998626708984,32.01499938964844,32.16999816894531
2019-10-23,32.244998931884766,32.380001068115234,32.15999984741211,32.29999923706055
2019-10-24,32.314998626708984,32.46500015258789,32.26499938964844,32.40999984741211
2019-10-25,32.435001373291016,32.47999954223633,31.950000762939453,32.08000183105469
2019-10-28,31.915000915527344,32.0,31.600000381469727,31.639999389648438
2019-10-29,31.6200008392334,31.739999771118164,31.530000686645508,31.670000076293945
2019-10-30,31.69499969482422,32.029998779296875,31.690000534057617,31.950000762939453
2019-10-31,31.979999542236328,32.165000915527344,31.875,32.125
2019-11-01,32.14500045776367,32.244998931884766,31.989999771118164,32.04499816894531
2019-11-04,32.01499938964844,32.03499984741211,31.520000457763672,31.635000228881836
2019-11-05,31.479999542236328,31.579999923706055,31.225000381469727,31.309999465942383
2019-11-06,31.364999771118164,31.559999465942383,31.315000534057617,31.43000030517578
2019-11-07,31.264999389648438,31.424999237060547,30.799999237060547,31.0049991607666
2019-11-08,30.90999984741211,31.045000076293945,30.739999771118164,30.875
2019-11-11,30.885000228881836,30.920000076293945,30.655000686645508,30.684999465942383
2019-11-12,30.690000534057617,30.81999969482422,30.670000076293945,30.760000228881836
2019-11-13,30.8700008392334,31.28499984741211,30.829999923706055,31.21500015258789
2019-11-14,31.315000534057617,31.485000610351562,31.225000381469727,31.325000762939453
2019-11-15,31.34000015258789,31.440000534057617,31.2450008392334,31.424999237060547
2019-11-18,31.489999771118164,31.75,31.434999465942383,31.489999771118164
2019-11-19,31.399999618530273,31.584999084472656,31.2450008392334,31.40999984741211
2019-11-20,31.454999923706055,31.645000457763672,31.3799991607666,31.600000381469727
2019-11-21,31.594999313354492,31.625,31.385000228881836,31.489999771118164
2019-11-22,31.559999465942383,31.575000762939453,31.274999618530273,31.5
2019-11-25,31.530000686645508,31.6200008392334,31.325000762939453,31.395000457763672
2019-11-26,31.44499969482422,31.545000076293945,31.375,31.5
2019-11-27,31.424999237060547,31.59000015258789,31.399999618530273,31.55500030517578
2019-11-29,31.614999771118164,31.735000610351562,31.4950008392334,31.524999618530273
2019-12-02,31.375,31.454999923706055,31.2549991607666,31.31999969482422
2019-12-03,31.399999618530273,31.46500015258789,31.329999923706055,31.405000686645508
2019-12-04,31.395000457763672,31.69499969482422,31.3700008392334,31.645000457763672
2019-12-05,31.594999313354492,31.704999923706055,31.514999389648438,31.700000762939453
2019-12-06,31.579999923706055,31.790000915527344,31.579999923706055,31.604999542236328
2019-12-09,31.674999237060547,31.68000030517578,31.440000534057617,31.4950008392334
2019-12-10,31.489999771118164,31.55500030517578,31.40999984741211,31.489999771118164
2019-12-11,31.530000686645508,31.6299991607666,31.415000915527344,31.575000762939453
2019-12-12,31.53499984741211,31.65999984741211,31.30500030517578,31.440000534057617
2019-12-13,31.454999923706055,31.739999771118164,31.334999084472656,31.684999465942383
2019-12-16,31.684999465942383,32.099998474121094,31.684999465942383,32.08000183105469
2019-12-17,32.099998474121094,32.3849983215332,32.06999969482422,32.185001373291016
2019-12-18,32.209999084472656,32.36000061035156,32.040000915527344,32.314998626708984
2019-12-19,32.314998626708984,32.369998931884766,32.125,32.32500076293945
2019-12-20,32.064998626708984,32.470001220703125,32.064998626708984,32.29499816894531
2019-12-23,32.349998474121094,32.3650016784668,31.90999984741211,31.9950008392334
2019-12-24,32.029998779296875,32.05500030517578,31.8700008392334,32.040000915527344
2019-12-26,32.06999969482422,32.125,31.959999084472656,32.095001220703125
2019-12-27,32.095001220703125,32.189998626708984,32.03499984741211,32.189998626708984
2019-12-30,32.05500030517578,32.189998626708984,32.01499938964844,32.185001373291016
2019-12-31,32.18000030517578,32.349998474121094,32.13999938964844,32.310001373291016
2020-01-02,32.3650016784668,32.375,31.78499984741211,31.905000686645508
2020-01-03,31.93000030517578,32.084999084472656,31.854999542236328,31.969999313354492
2020-01-06,31.93000030517578,32.095001220703125,31.8799991607666,32.0
2020-01-07,31.920000076293945,31.969999313354492,31.774999618530273,31.954999923706055
2020-01-08,31.969999313354492,32.08000183105469,31.889999389648438,31.940000534057617
2020-01-09,31.899999618530273,32.150001525878906,31.895000457763672,32.1150016784668
2020-01-10,32.15999984741211,32.314998626708984,32.14500045776367,32.20000076293945
2020-01-13,32.189998626708984,32.4900016784668,32.189998626708984,32.39500045776367
2020-01-14,32.39500045776367,32.5,32.25,32.4900016784668
2020-01-15,32.560001373291016,33.0,32.55500030517578,32.94499969482422
2020-01-16,32.970001220703125,33.185001373291016,32.959999084472656,33.150001525878906
2020-01-17,33.13999938964844,33.42499923706055,33.04999923706055,33.380001068115234
2020-01-21,33.45500183105469,33.70000076293945,33.31999969482422,33.685001373291016
2020-01-22,33.75,33.8849983215332,33.70000076293945,33.790000915527344
2020-01-23,33.78499984741211,34.099998474121094,33.75,34.09000015258789
2020-01-24,34.0,34.30500030517578,33.94499969482422,34.18000030517578
2020-01-27,34.15999984741211,34.400001525878906,34.0,34.095001220703125
2020-01-28,34.130001068115234,34.380001068115234,34.04499816894531,34.23500061035156
2020-01-29,34.255001068115234,34.375,34.119998931884766,34.32500076293945
2020-01-30,34.30500030517578,34.665000915527344,34.220001220703125,34.64500045776367
2020-01-31,34.58000183105469,34.720001220703125,34.310001373291016,34.4900016784668
2020-02-03,34.54499816894531,34.63999938964844,34.46500015258789,34.599998474121094
2020-02-04,34.58000183105469,34.685001373291016,34.220001220703125,34.255001068115234
2020-02-05,34.18000030517578,34.47999954223633,34.10499954223633,34.39500045776367
2020-02-06,34.43000030517578,34.599998474121094,34.31999969482422,34.404998779296875
2020-02-07,34.48500061035156,34.53499984741211,34.28499984741211,34.29499816894531
2020-02-10,34.349998474121094,34.42499923706055,34.224998474121094,34.42499923706055
2020-02-11,34.48500061035156,34.665000915527344,34.46500015258789,34.54999923706055
2020-02-12,34.494998931884766,34.68000030517578,34.3849983215332,34.57500076293945
2020-02-13,34.60499954223633,34.97999954223633,34.54999923706055,34.959999084472656
2020-02-14,35.025001525878906,35.224998474121094,34.974998474121094,35.19499969482422
2020-02-18,35.33000183105469,35.54999923706055,35.22999954223633,35.4900016784668
2020-02-19,35.349998474121094,35.400001525878906,35.10499954223633,35.10499954223633
2020-02-20,35.1150016784668,35.25,34.94499969482422,35.22999954223633
2020-02-21,35.165000915527344,35.39500045776367,35.130001068115234,35.165000915527344
2020-02-24,35.01499938964844,35.209999084472656,34.7400016784668,34.755001068115234
2020-02-25,34.790000915527344,34.849998474121094,33.96500015258789,34.025001525878906
2020-02-26,34.025001525878906,34.33000183105469,33.67499923706055,33.68000030517578
2020-02-27,33.54499816894531,33.72999954223633,32.154998779296875,32.165000915527344
2020-02-28,31.43000030517578,31.46500015258789,30.350000381469727,31.09000015258789
2020-03-02,31.25,32.96500015258789,31.174999237060547,32.91999816894531
2020-03-03,32.939998626708984,33.619998931884766,32.3849983215332,32.51499938964844
2020-03-04,32.94499969482422,34.404998779296875,32.92499923706055,34.36000061035156
2020-03-05,33.79499816894531,34.290000915527344,33.43000030517578,33.83000183105469
2020-03-06,32.935001373291016,33.689998626708984,32.30500030517578,33.55500030517578
2020-03-09,31.774999618530273,32.625,31.229999542236328,31.729999542236328
2020-03-10,32.25,32.619998931884766,30.594999313354492,32.025001525878906
2020-03-11,31.309999465942383,31.329999923706055,29.985000610351562,30.415000915527344
2020-03-12,28.75,29.270000457763672,27.0049991607666,27.344999313354492
2020-03-13,28.885000228881836,28.885000228881836,26.825000762939453,28.834999084472656
2020-03-16,26.229999542236328,28.2549991607666,25.459999084472656,25.559999465942383
2020-03-17,26.30500030517578,29.075000762939453,26.020000457763672,28.829999923706055
2020-03-18,27.104999542236328,28.0049991607666,26.114999771118164,27.575000762939453
2020-03-19,27.31999969482422,27.440000534057617,25.889999389648438,25.969999313354492
2020-03-20,26.209999084472656,26.209999084472656,23.739999771118164,23.90999984741211
2020-03-23,23.594999313354492,23.594999313354492,21.719999313354492,22.46500015258789
2020-03-24,23.325000762939453,24.985000610351562,23.165000915527344,24.8799991607666
2020-03-25,24.915000915527344,26.584999084472656,24.165000915527344,25.514999389648438
2020-03-26,25.790000915527344,27.989999771118164,25.530000686645508,27.690000534057617
2020-03-27,26.854999542236328,28.844999313354492,26.719999313354492,27.84000015258789
2020-03-30,28.079999923706055,29.045000076293945,27.959999084472656,28.8700008392334
2020-03-31,28.645000457763672,28.645000457763672,27.614999771118164,27.704999923706055
2020-04-01,26.610000610351562,26.975000381469727,25.540000915527344,26.040000915527344
2020-04-02,25.760000228881836,27.040000915527344,25.614999771118164,26.854999542236328
2020-04-03,26.559999465942383,26.889999389648438,25.69499969482422,25.895000457763672
2020-04-06,26.844999313354492,28.174999237060547,26.844999313354492,27.895000457763672
2020-04-07,28.645000457763672,28.690000534057617,27.510000228881836,27.545000076293945
2020-04-08,27.709999084472656,29.28499984741211,27.479999542236328,29.045000076293945
2020-04-09,29.485000610351562,30.889999389648438,29.375,30.415000915527344
2020-04-13,30.260000228881836,30.260000228881836,29.155000686645508,29.450000762939453
2020-04-14,30.084999084472656,30.360000610351562,29.795000076293945,30.315000534057617
2020-04-15,29.479999542236328,29.84000015258789,29.149999618530273,29.315000534057617
2020-04-16,29.440000534057617,29.565000534057617,29.030000686645508,29.31999969482422
2020-04-17,29.94499969482422,30.424999237060547,29.540000915527344,30.264999389648438
2020-04-20,30.075000762939453,30.075000762939453,29.075000762939453,29.1200008392334
2020-04-21,28.594999313354492,28.985000610351562,28.31999969482422,28.639999389648438
2020-04-22,29.18000030517578,29.71500015258789,28.985000610351562,29.475000381469727
2020-04-23,29.565000534057617,29.645000457763672,28.815000534057617,28.979999542236328
2020-04-24,29.030000686645508,29.28499984741211,28.655000686645508,29.15999984741211
2020-04-27,29.329999923706055,29.68000030517578,29.299999237060547,29.46500015258789
2020-04-28,29.8799991607666,30.200000762939453,29.440000534057617,29.575000762939453
2020-04-29,30.05500030517578,30.06999969482422,29.184999465942383,29.30500030517578
2020-04-30,29.094999313354492,29.139999389648438,28.364999771118164,28.6299991607666
2020-05-01,28.295000076293945,28.315000534057617,27.780000686645508,27.940000534057617
2020-05-04,27.795000076293945,28.219999313354492,27.625,28.149999618530273
2020-05-05,28.25,28.719999313354492,28.21500015258789,28.3799991607666
2020-05-06,28.479999542236328,28.5,27.375,27.415000915527344
2020-05-07,27.729999542236328,27.975000381469727,27.479999542236328,27.524999618530273
2020-05-08,27.860000610351562,28.190000534057617,27.729999542236328,28.079999923706055
2020-05-11,27.860000610351562,28.065000534057617,27.46500015258789,27.959999084472656
2020-05-12,28.030000686645508,28.155000686645508,27.65999984741211,27.71500015258789
2020-05-13,27.65999984741211,27.65999984741211,27.165000915527344,27.479999542236328
2020-05-14,27.204999923706055,27.854999542236328,26.829999923706055,27.774999618530273
2020-05-15,27.579999923706055,27.59000015258789,26.985000610351562,27.405000686645508
2020-05-18,28.049999237060547,28.709999084472656,28.049999237060547,28.530000686645508
2020-05-19,28.40999984741211,28.489999771118164,28.05500030517578,28.059999465942383
2020-05-20,28.350000381469727,28.530000686645508,28.104999542236328,28.21500015258789
2020-05-21,28.139999389648438,28.34000015258789,27.875,27.93000030517578
2020-05-22,27.93000030517578,28.264999389648438,27.84000015258789,28.239999771118164
2020-05-26,28.75,28.975000381469727,28.395000457763672,28.424999237060547
2020-05-27,28.924999237060547,28.975000381469727,28.3700008392334,28.764999389648438
2020-05-28,29.135000228881836,29.739999771118164,29.110000610351562,29.614999771118164
2020-05-29,29.545000076293945,30.0,29.3700008392334,29.844999313354492
2020-06-01,29.834999084472656,30.385000228881836,29.665000915527344,30.200000762939453
2020-06-02,30.315000534057617,30.415000915527344,29.989999771118164,30.395000457763672
2020-06-03,30.559999465942383,30.975000381469727,30.53499984741211,30.760000228881836
2020-06-04,30.594999313354492,30.65999984741211,29.81999969482422,30.209999084472656
2020-06-05,30.485000610351562,31.18000030517578,30.454999923706055,30.594999313354492
2020-06-08,30.649999618530273,31.514999389648438,30.43000030517578,31.415000915527344
2020-06-09,31.1299991607666,31.145000457763672,30.44499969482422,30.78499984741211
2020-06-10,30.78499984741211,30.989999771118164,30.5049991607666,30.604999542236328
2020-06-11,30.079999923706055,30.165000915527344,29.19499969482422,29.40999984741211
2020-06-12,29.969999313354492,30.0049991607666,28.975000381469727,29.334999084472656
2020-06-15,28.815000534057617,29.75,28.565000534057617,29.53499984741211
2020-06-16,30.25,30.415000915527344,29.510000228881836,29.670000076293945
2020-06-17,29.795000076293945,29.799999237060547,29.295000076293945,29.579999923706055
2020-06-18,29.395000457763672,29.655000686645508,29.239999771118164,29.575000762939453
2020-06-19,29.809999465942383,29.934999465942383,28.700000762939453,28.7450008392334
2020-06-22,28.489999771118164,28.96500015258789,28.225000381469727,28.78499984741211
2020-06-23,29.079999923706055,29.114999771118164,28.415000915527344,28.4950008392334
2020-06-24,28.280000686645508,28.40999984741211,27.895000457763672,28.235000610351562
2020-06-25,28.174999237060547,28.190000534057617,27.559999465942383,27.885000228881836
2020-06-26,27.844999313354492,28.15999984741211,27.405000686645508,27.59000015258789
2020-06-29,27.809999465942383,28.125,27.514999389648438,28.110000610351562
2020-06-30,28.114999771118164,28.3700008392334,27.950000762939453,28.21500015258789
2020-07-01,28.239999771118164,29.0,28.190000534057617,28.875
2020-07-02,29.079999923706055,29.260000228881836,28.875,28.950000762939453
2020-07-06,29.05500030517578,29.2450008392334,28.360000610351562,28.594999313354492
2020-07-07,28.280000686645508,28.584999084472656,28.145000457763672,28.479999542236328
2020-07-08,28.434999465942383,28.829999923706055,28.3799991607666,28.735000610351562
2020-07-09,28.594999313354492,28.610000610351562,27.954999923706055,28.350000381469727
2020-07-10,28.350000381469727,28.96500015258789,28.34000015258789,28.885000228881836
2020-07-13,28.885000228881836,29.200000762939453,28.780000686645508,28.915000915527344
2020-07-14,28.920000076293945,29.354999542236328,28.885000228881836,29.184999465942383
2020-07-15,29.459999084472656,29.674999237060547,29.014999389648438,29.06999969482422
2020-07-16,29.094999313354492,29.520000457763672,29.020000457763672,29.440000534057617
2020-07-17,29.600000381469727,30.184999465942383,29.575000762939453,30.104999542236328
2020-07-20,30.0,30.084999084472656,29.65999984741211,29.709999084472656
2020-07-21,29.78499984741211,30.190000534057617,29.690000534057617,29.844999313354492
2020-07-22,29.709999084472656,30.415000915527344,29.420000076293945,30.30500030517578
2020-07-23,30.295000076293945,30.55500030517578,30.15999984741211,30.34000015258789
2020-07-24,30.399999618530273,30.709999084472656,29.969999313354492,30.139999389648438
2020-07-27,30.149999618530273,30.170000076293945,29.559999465942383,29.774999618530273
2020-07-28,29.700000762939453,30.479999542236328,29.674999237060547,30.225000381469727
2020-07-29,30.280000686645508,30.44499969482422,30.139999389648438,30.364999771118164
2020-07-30,30.145000457763672,30.3700008392334,29.9950008392334,30.364999771118164
2020-07-31,30.28499984741211,30.4950008392334,29.989999771118164,30.415000915527344
2020-08-03,30.395000457763672,30.399999618530273,29.924999237060547,30.084999084472656
2020-08-04,30.065000534057617,30.549999237060547,29.989999771118164,30.415000915527344
2020-08-05,30.479999542236328,30.5,29.905000686645508,30.024999618530273
2020-08-06,29.9950008392334,30.25,29.84000015258789,30.200000762939453
2020-08-07,30.079999923706055,30.864999771118164,30.075000762939453,30.7450008392334
2020-08-10,30.844999313354492,30.975000381469727,30.635000228881836,30.735000610351562
2020-08-11,30.770000457763672,30.829999923706055,29.989999771118164,30.06999969482422
2020-08-12,30.15999984741211,30.709999084472656,30.149999618530273,30.5049991607666
2020-08-13,30.3799991607666,30.520000457763672,30.219999313354492,30.454999923706055
2020-08-14,30.389999389648438,30.43000030517578,30.110000610351562,30.190000534057617
2020-08-17,30.21500015258789,30.415000915527344,30.03499984741211,30.149999618530273
2020-08-18,30.1299991607666,30.25,29.860000610351562,30.014999389648438
2020-08-19,30.09000015258789,30.104999542236328,29.864999771118164,29.924999237060547
2020-08-20,29.80500030517578,29.954999923706055,29.579999923706055,29.65999984741211
2020-08-21,29.684999465942383,29.764999389648438,29.40999984741211,29.709999084472656
2020-08-24,29.795000076293945,29.979999542236328,29.520000457763672,29.969999313354492
2020-08-25,30.024999618530273,30.030000686645508,29.584999084472656,29.684999465942383
2020-08-26,29.579999923706055,29.600000381469727,29.2450008392334,29.354999542236328
2020-08-27,29.440000534057617,29.65999984741211,29.270000457763672,29.450000762939453
2020-08-28,29.510000228881836,29.565000534057617,29.229999542236328,29.53499984741211
2020-08-31,29.489999771118164,29.80500030517578,29.485000610351562,29.625
2020-09-01,29.530000686645508,29.549999237060547,29.170000076293945,29.28499984741211
2020-09-02,29.350000381469727,30.329999923706055,29.229999542236328,30.19499969482422
2020-09-03,30.204999923706055,30.520000457763672,29.575000762939453,29.854999542236328
2020-09-04,29.915000915527344,30.084999084472656,29.299999237060547,29.684999465942383
2020-09-08,29.71500015258789,29.75,29.239999771118164,29.520000457763672
2020-09-09,29.739999771118164,30.295000076293945,29.709999084472656,29.90999984741211
2020-09-10,29.795000076293945,29.829999923706055,29.360000610351562,29.395000457763672
2020-09-11,29.459999084472656,29.559999465942383,29.235000610351562,29.46500015258789
2020-09-14,29.610000610351562,30.024999618530273,29.579999923706055,29.8700008392334
2020-09-15,30.174999237060547,30.514999389648438,29.90999984741211,30.06999969482422
2020-09-16,29.96500015258789,30.239999771118164,29.834999084472656,30.030000686645508
2020-09-17,29.84000015258789,29.950000762939453,29.549999237060547,29.78499984741211
2020-09-18,29.780000686645508,29.799999237060547,29.19499969482422,29.260000228881836
2020-09-21,28.799999237060547,28.96500015258789,28.454999923706055,28.829999923706055
2020-09-22,28.844999313354492,29.204999923706055,28.825000762939453,29.010000228881836
2020-09-23,29.045000076293945,29.094999313354492,28.540000915527344,28.565000534057617
2020-09-24,28.53499984741211,29.09000015258789,28.360000610351562,28.885000228881836
2020-09-25,28.760000228881836,29.389999389648438,28.655000686645508,29.360000610351562
2020-09-28,29.489999771118164,29.729999542236328,29.385000228881836,29.434999465942383
2020-09-29,29.524999618530273,29.725000381469727,29.290000915527344,29.424999237060547
2020-09-30,29.610000610351562,29.834999084472656,29.440000534057617,29.690000534057617
2020-10-01,29.764999389648438,30.065000534057617,29.704999923706055,29.989999771118164
2020-10-02,29.75,30.5,29.684999465942383,30.344999313354492
2020-10-05,30.424999237060547,30.809999465942383,30.219999313354492,30.725000381469727
2020-10-06,30.7450008392334,31.334999084472656,30.610000610351562,30.985000610351562
2020-10-07,31.145000457763672,31.30500030517578,30.94499969482422,31.174999237060547
2020-10-08,31.309999465942383,31.795000076293945,31.290000915527344,31.7450008392334
2020-10-09,31.920000076293945,31.934999465942383,31.524999618530273,31.739999771118164
2020-10-12,31.760000228881836,32.154998779296875,31.68000030517578,31.940000534057617
2020-10-13,31.719999313354492,31.80500030517578,31.364999771118164,31.719999313354492
2020-10-14,31.760000228881836,31.895000457763672,31.514999389648438,31.68000030517578
2020-10-15,31.3799991607666,31.834999084472656,31.299999237060547,31.65999984741211
2020-10-16,31.700000762939453,32.119998931884766,31.665000915527344,32.0
2020-10-19,31.985000610351562,32.154998779296875,31.639999389648438,31.729999542236328
2020-10-20,31.860000610351562,32.095001220703125,31.739999771118164,31.920000076293945
2020-10-21,31.850000381469727,32.04499816894531,31.7450008392334,31.834999084472656
2020-10-22,31.8799991607666,32.34000015258789,31.790000915527344,32.28499984741211
2020-10-23,32.44499969482422,32.5,32.19499969482422,32.375
2020-10-26,32.125,32.42499923706055,31.915000915527344,32.3650016784668
2020-10-27,32.42499923706055,32.66999816894531,32.185001373291016,32.34000015258789
2020-10-28,31.889999389648438,32.29999923706055,31.334999084472656,31.399999618530273
2020-10-29,31.28499984741211,31.8700008392334,30.8799991607666,31.485000610351562
2020-10-30,31.309999465942383,31.5049991607666,30.889999389648438,31.190000534057617
2020-11-02,31.614999771118164,31.920000076293945,31.299999237060547,31.875
2020-11-03,32.275001525878906,32.685001373291016,32.14500045776367,32.334999084472656
2020-11-04,32.14500045776367,32.64500045776367,31.815000534057617,31.850000381469727
2020-11-05,32.185001373291016,32.720001220703125,32.11000061035156,32.1349983215332
2020-11-06,32.154998779296875,32.439998626708984,31.979999542236328,32.064998626708984
2020-11-09,32.994998931884766,33.96500015258789,32.630001068115234,32.65999984741211
2020-11-10,32.834999084472656,33.224998474121094,32.70000076293945,33.130001068115234
2020-11-11,33.29999923706055,33.54999923706055,33.125,33.255001068115234
2020-11-12,33.060001373291016,33.1349983215332,32.46500015258789,32.720001220703125
2020-11-13,32.880001068115234,33.1349983215332,32.81999969482422,33.04499816894531
2020-11-16,33.45500183105469,33.474998474121094,32.98500061035156,33.380001068115234
2020-11-17,33.165000915527344,33.32500076293945,32.67499923706055,32.724998474121094
2020-11-18,32.89500045776367,32.935001373291016,32.07500076293945,32.084999084472656
2020-11-19,32.04999923706055,32.07500076293945,31.540000915527344,31.764999389648438
2020-11-20,31.709999084472656,31.989999771118164,31.610000610351562,31.770000457763672
2020-11-23,31.895000457763672,31.954999923706055,31.6299991607666,31.774999618530273
2020-11-24,32.029998779296875,32.19499969482422,31.8700008392334,32.1150016784668
2020-11-25,32.07500076293945,32.209999084472656,31.795000076293945,32.20000076293945
2020-11-27,32.189998626708984,32.220001220703125,31.75,31.8799991607666
2020-11-30,31.790000915527344,31.809999465942383,31.295000076293945,31.420000076293945
2020-12-01,31.655000686645508,32.084999084472656,31.6200008392334,31.639999389648438
2020-12-02,31.489999771118164,31.864999771118164,31.290000915527344,31.850000381469727
2020-12-03,31.799999237060547,31.829999923706055,31.434999465942383,31.520000457763672
2020-12-04,31.549999237060547,31.625,31.030000686645508,31.204999923706055
2020-12-07,31.100000381469727,31.53499984741211,31.094999313354492,31.3799991607666
2020-12-08,31.174999237060547,31.489999771118164,31.045000076293945,31.28499984741211
2020-12-09,31.309999465942383,31.360000610351562,31.020000457763672,31.229999542236328
2020-12-10,31.21500015258789,31.315000534057617,30.924999237060547,31.06999969482422
2020-12-11,30.940000534057617,31.15999984741211,30.90999984741211,31.1200008392334
2020-12-14,31.34000015258789,31.600000381469727,30.93000030517578,30.959999084472656
2020-12-15,31.104999542236328,31.649999618530273,30.950000762939453,31.56999969482422
2020-12-16,31.6299991607666,31.790000915527344,31.165000915527344,31.204999923706055
2020-12-17,31.315000534057617,31.645000457763672,31.309999465942383,31.415000915527344
2020-12-18,31.420000076293945,31.53499984741211,30.9950008392334,31.145000457763672
2020-12-21,30.639999389648438,30.639999389648438,30.15999984741211,30.510000228881836
2020-12-22,30.5,30.579999923706055,30.360000610351562,30.450000762939453
2020-12-23,30.594999313354492,30.834999084472656,30.385000228881836,30.389999389648438
2020-12-24,30.454999923706055,30.6200008392334,30.290000915527344,30.604999542236328
2020-12-28,30.764999389648438,30.940000534057617,30.625,30.739999771118164
2020-12-29,30.815000534057617,30.959999084472656,30.649999618530273,30.735000610351562
2020-12-30,30.7549991607666,30.989999771118164,30.704999923706055,30.889999389648438
2020-12-31,30.895000457763672,31.395000457763672,30.815000534057617,31.350000381469727
2021-01-04,31.405000686645508,31.405000686645508,30.385000228881836,30.559999465942383
2021-01-05,30.625,30.71500015258789,30.30500030517578,30.55500030517578
2021-01-06,30.729999542236328,31.520000457763672,30.65999984741211,31.315000534057617
2021-01-07,31.485000610351562,31.545000076293945,30.875,30.905000686645508
2021-01-08,30.94499969482422,31.229999542236328,30.889999389648438,31.165000915527344
2021-01-11,31.049999237060547,31.174999237060547,30.645000457763672,30.875
2021-01-12,30.825000762939453,30.93000030517578,30.34000015258789,30.709999084472656
2021-01-13,30.80500030517578,31.40999984741211,30.75,31.309999465942383
2021-01-14,31.31999969482422,31.344999313354492,31.010000228881836,31.190000534057617
2021-01-15,31.125,31.59000015258789,31.010000228881836,31.4950008392334
2021-01-19,31.665000915527344,31.69499969482422,31.329999923706055,31.375
2021-01-20,31.364999771118164,31.700000762939453,31.18000030517578,31.559999465942383
2021-01-21,31.485000610351562,31.549999237060547,31.31999969482422,31.375
2021-01-22,31.28499984741211,31.524999618530273,31.165000915527344,31.420000076293945
2021-01-25,31.309999465942383,32.095001220703125,31.274999618530273,32.04999923706055
2021-01-26,32.005001068115234,32.040000915527344,31.600000381469727,31.729999542236328
2021-01-27,31.475000381469727,31.709999084472656,30.735000610351562,30.875
2021-01-28,30.979999542236328,31.719999313354492,30.899999618530273,31.2450008392334
2021-01-29,31.084999084472656,31.389999389648438,30.8799991607666,31.075000762939453
2021-02-01,31.274999618530273,31.5049991607666,30.96500015258789,31.225000381469727
2021-02-02,31.329999923706055,31.96500015258789,31.200000762939453,31.479999542236328
2021-02-03,31.44499969482422,31.59000015258789,31.309999465942383,31.3799991607666
2021-02-04,31.364999771118164,31.670000076293945,31.274999618530273,31.625
2021-02-05,31.764999389648438,31.969999313354492,31.635000228881836,31.795000076293945
2021-02-08,31.864999771118164,31.875,31.43000030517578,31.549999237060547
2021-02-09,31.604999542236328,31.709999084472656,31.334999084472656,31.594999313354492
2021-02-10,31.780000686645508,31.850000381469727,31.5049991607666,31.719999313354492
2021-02-11,31.704999923706055,31.809999465942383,31.489999771118164,31.540000915527344
2021-02-12,31.44499969482422,31.59000015258789,31.145000457763672,31.309999465942383
2021-02-16,31.274999618530273,31.315000534057617,30.915000915527344,30.959999084472656
2021-02-17,30.9950008392334,31.040000915527344,30.774999618530273,30.985000610351562
2021-02-18,30.934999465942383,31.30500030517578,30.934999465942383,31.170000076293945
2021-02-19,31.174999237060547,31.190000534057617,30.68000030517578,30.704999923706055
2021-02-22,30.6200008392334,30.655000686645508,29.81999969482422,30.104999542236328
2021-02-23,30.225000381469727,30.459999084472656,30.06999969482422,30.354999542236328
2021-02-24,30.280000686645508,30.334999084472656,29.969999313354492,30.0
2021-02-25,29.940000534057617,30.084999084472656,29.584999084472656,29.729999542236328
2021-02-26,29.829999923706055,30.014999389648438,29.170000076293945,29.18000030517578
2021-03-01,29.549999237060547,30.15999984741211,29.545000076293945,29.825000762939453
2021-03-02,29.8700008392334,29.950000762939453,29.56999969482422,29.735000610351562
2021-03-03,29.690000534057617,29.690000534057617,29.135000228881836,29.385000228881836
2021-03-04,29.405000686645508,29.90999984741211,29.200000762939453,29.360000610351562
2021-03-05,29.485000610351562,29.979999542236328,29.225000381469727,29.84000015258789
2021-03-08,29.924999237060547,30.524999618530273,29.844999313354492,30.260000228881836
2021-03-09,30.424999237060547,30.760000228881836,30.385000228881836,30.65999984741211
2021-03-10,30.649999618530273,30.96500015258789,30.565000534057617,30.8700008392334
2021-03-11,30.815000534057617,31.18000030517578,30.774999618530273,30.790000915527344
2021-03-12,30.924999237060547,31.299999237060547,30.780000686645508,31.204999923706055
2021-03-15,31.25,31.684999465942383,31.25,31.604999542236328
2021-03-16,31.530000686645508,31.725000381469727,31.44499969482422,31.645000457763672
2021-03-17,31.6200008392334,31.625,31.100000381469727,31.1299991607666
2021-03-18,31.100000381469727,31.225000381469727,30.799999237060547,31.014999389648438
2021-03-19,31.024999618530273,31.3700008392334,30.69499969482422,31.100000381469727
2021-03-22,30.799999237060547,30.96500015258789,30.604999542236328,30.825000762939453
2021-03-23,30.815000534057617,31.405000686645508,30.75,31.28499984741211
2021-03-24,31.184999465942383,31.520000457763672,31.075000762939453,31.295000076293945
2021-03-25,31.395000457763672,31.735000610351562,31.2549991607666,31.6299991607666
2021-03-26,31.625,31.764999389648438,31.31999969482422,31.735000610351562
2021-03-29,31.670000076293945,32.224998474121094,31.655000686645508,32.07500076293945
2021-03-30,31.975000381469727,31.975000381469727,31.549999237060547,31.78499984741211
2021-03-31,31.799999237060547,32.08000183105469,31.735000610351562,32.02000045776367
2021-04-01,31.969999313354492,32.04499816894531,31.774999618530273,31.989999771118164
2021-04-05,32.10499954223633,32.54499816894531,32.07500076293945,32.34000015258789
2021-04-06,32.30500030517578,32.51499938964844,32.06999969482422,32.5099983215332
2021-04-07,32.48500061035156,32.64500045776367,32.30500030517578,32.470001220703125
2021-04-08,32.55500030517578,32.654998779296875,32.375,32.44499969482422
2021-04-09,32.474998474121094,32.61000061035156,32.345001220703125,32.40999984741211
2021-04-12,32.415000915527344,32.66999816894531,32.33000183105469,32.439998626708984
2021-04-13,32.310001373291016,32.8849983215332,32.25,32.82500076293945
2021-04-14,32.744998931884766,32.970001220703125,32.65999984741211,32.970001220703125
2021-04-15,32.974998474121094,33.349998474121094,32.95500183105469,33.334999084472656
2021-04-16,33.459999084472656,33.73500061035156,33.38999938964844,33.60499954223633
2021-04-19,33.625,33.68000030517578,33.35499954223633,33.435001373291016
2021-04-20,33.435001373291016,33.94499969482422,33.415000915527344,33.86000061035156
2021-04-21,33.89500045776367,34.025001525878906,33.45000076293945,33.57500076293945
2021-04-22,33.54999923706055,33.665000915527344,33.30500030517578,33.334999084472656
2021-04-23,33.349998474121094,33.459999084472656,33.20500183105469,33.290000915527344
2021-04-26,33.30500030517578,33.32500076293945,33.0,33.099998474121094
2021-04-27,33.04999923706055,33.064998626708984,32.790000915527344,32.845001220703125
2021-04-28,32.86000061035156,32.95000076293945,32.64500045776367,32.79999923706055
2021-04-29,32.79999923706055,33.119998931884766,32.79999923706055,33.099998474121094
2021-04-30,33.16999816894531,33.369998931884766,32.970001220703125,33.36000061035156
2021-05-03,33.435001373291016,33.665000915527344,33.29999923706055,33.35499954223633
2021-05-04,33.31999969482422,33.380001068115234,33.0099983215332,33.22999954223633
2021-05-05,33.22999954223633,33.22999954223633,32.48500061035156,32.66999816894531
2021-05-06,32.7599983215332,32.95000076293945,32.540000915527344,32.91999816894531
2021-05-07,32.900001525878906,33.27000045776367,32.88999938964844,33.02000045776367
2021-05-10,33.09000015258789,33.689998626708984,33.09000015258789,33.35499954223633
2021-05-11,33.31999969482422,33.3650016784668,32.71500015258789,32.94499969482422
2021-05-12,32.90999984741211,32.90999984741211,32.15999984741211,32.17499923706055
2021-05-13,32.209999084472656,32.9900016784668,32.185001373291016,32.79499816894531
2021-05-14,32.875,33.165000915527344,32.875,32.95500183105469
2021-05-17,32.939998626708984,33.130001068115234,32.6349983215332,32.685001373291016
2021-05-18,32.6150016784668,32.790000915527344,32.529998779296875,32.68000030517578
2021-05-19,32.525001525878906,32.654998779296875,32.244998931884766,32.625
2021-05-20,32.685001373291016,33.11000061035156,32.67499923706055,32.90999984741211
2021-05-21,32.9900016784668,33.20500183105469,32.845001220703125,33.08000183105469
2021-05-24,33.2400016784668,33.29499816894531,33.0,33.02000045776367
2021-05-25,33.05500030517578,33.05500030517578,32.54499816894531,32.619998931884766
2021-05-26,32.63999938964844,32.76499938964844,32.529998779296875,32.625
2021-05-27,32.7400016784668,32.7400016784668,32.39500045776367,32.404998779296875
2021-05-28,32.599998474121094,32.70000076293945,32.47999954223633,32.58000183105469
2021-06-01,32.654998779296875,32.72999954223633,32.30500030517578,32.380001068115234
2021-06-02,32.43000030517578,32.72999954223633,32.29999923706055,32.54999923706055
2021-06-03,32.400001525878906,32.849998474121094,32.290000915527344,32.744998931884766
2021-06-04,32.83000183105469,32.880001068115234,32.654998779296875,32.69499969482422
2021-06-07,32.724998474121094,32.80500030517578,32.66999816894531,32.755001068115234
2021-06-08,32.82500076293945,32.849998474121094,32.334999084472656,32.474998474121094
2021-06-09,32.55500030517578,32.82500076293945,32.48500061035156,32.76499938964844
2021-06-10,32.790000915527344,33.01499938964844,32.709999084472656,32.97999954223633
2021-06-11,32.97999954223633,33.08000183105469,32.82500076293945,33.05500030517578
2021-06-14,33.060001373291016,33.209999084472656,32.92499923706055,33.125
2021-06-15,33.165000915527344,33.404998779296875,33.06999969482422,33.224998474121094
2021-06-16,33.310001373291016,33.43000030517578,32.709999084472656,32.724998474121094
2021-06-17,32.70000076293945,33.084999084472656,32.60499954223633,32.904998779296875
2021-06-18,32.71500015258789,32.7400016784668,32.0,32.04999923706055
2021-06-21,31.905000686645508,32.29499816894531,31.725000381469727,32.21500015258789
2021-06-22,32.21500015258789,32.310001373291016,32.005001068115234,32.02000045776367
2021-06-23,32.0,32.0,31.584999084472656,31.68000030517578
2021-06-24,31.719999313354492,31.729999542236328,31.510000228881836,31.649999618530273
2021-06-25,31.665000915527344,32.01499938964844,31.6299991607666,31.989999771118164
2021-06-28,32.119998931884766,32.35499954223633,32.07500076293945,32.19499969482422
2021-06-29,32.095001220703125,32.28499984741211,31.579999923706055,31.674999237060547
2021-06-30,31.649999618530273,31.770000457763672,31.4950008392334,31.614999771118164
2021-07-01,31.674999237060547,32.06999969482422,31.549999237060547,31.959999084472656
2021-07-02,32.04499816894531,32.04499816894531,31.850000381469727,32.0099983215332
2021-07-06,32.005001068115234,32.165000915527344,31.639999389648438,32.14500045776367
2021-07-07,32.15999984741211,32.36000061035156,31.979999542236328,32.35499954223633
2021-07-08,32.17499923706055,32.45500183105469,32.125,32.2599983215332
2021-07-09,32.30500030517578,32.38999938964844,32.03499984741211,32.29999923706055
2021-07-12,32.26499938964844,32.43000030517578,32.11000061035156,32.404998779296875
2021-07-13,32.349998474121094,32.45500183105469,32.04499816894531,32.15999984741211
2021-07-14,32.16999816894531,32.58000183105469,32.02000045776367,32.439998626708984
2021-07-15,32.33000183105469,32.83000183105469,32.31999969482422,32.80500030517578
2021-07-16,32.84000015258789,33.30500030517578,32.80500030517578,33.1349983215332
2021-07-19,33.0,33.26499938964844,32.2400016784668,32.61000061035156
2021-07-20,32.63999938964844,33.08000183105469,32.63999938964844,32.75
2021-07-21,32.77000045776367,32.845001220703125,32.3650016784668,32.38999938964844
2021-07-22,32.42499923706055,32.584999084472656,32.334999084472656,32.439998626708984
2021-07-23,32.52000045776367,32.8849983215332,32.459999084472656,32.85499954223633
2021-07-26,32.790000915527344,32.96500015258789,32.6349983215332,32.8650016784668
2021-07-27,32.84000015258789,33.48500061035156,32.650001525878906,33.43000030517578
2021-07-28,33.415000915527344,33.474998474121094,32.93000030517578,33.17499923706055
2021-07-29,33.23500061035156,33.36000061035156,33.07500076293945,33.26499938964844
2021-07-30,33.244998931884766,33.525001525878906,32.90999984741211,32.98500061035156
2021-08-02,33.060001373291016,33.36000061035156,33.02000045776367,33.2400016784668
2021-08-03,33.290000915527344,33.584999084472656,33.1349983215332,33.43000030517578
2021-08-04,33.29499816894531,33.41999816894531,32.96500015258789,33.380001068115234
2021-08-05,33.42499923706055,33.790000915527344,33.34000015258789,33.744998931884766
2021-08-06,33.709999084472656,33.970001220703125,33.630001068115234,33.724998474121094
2021-08-09,33.75,33.84000015258789,33.529998779296875,33.71500015258789
2021-08-10,33.744998931884766,33.8650016784668,33.595001220703125,33.75
2021-08-11,33.82500076293945,34.220001220703125,33.82500076293945,34.064998626708984
2021-08-12,34.005001068115234,34.220001220703125,33.9900016784668,34.099998474121094
2021-08-13,34.16999816894531,34.380001068115234,34.099998474121094,34.34000015258789
2021-08-16,34.34000015258789,34.79499816894531,34.30500030517578,34.54999923706055
2021-08-17,34.45500183105469,34.57500076293945,34.224998474121094,34.56999969482422
2021-08-18,34.564998626708984,34.63999938964844,34.279998779296875,34.39500045776367
2021-08-19,34.40999984741211,34.814998626708984,34.375,34.53499984741211
2021-08-20,34.474998474121094,34.9900016784668,34.29499816894531,34.96500015258789
2021-08-23,34.939998626708984,34.95000076293945,34.45000076293945,34.51499938964844
2021-08-24,34.5,34.529998779296875,34.060001373291016,34.290000915527344
2021-08-25,34.28499984741211,34.46500015258789,34.09000015258789,34.35499954223633
2021-08-26,34.35499954223633,34.369998931884766,34.19499969482422,34.27000045776367
2021-08-27,34.30500030517578,34.415000915527344,34.19499969482422,34.2599983215332
2021-08-30,34.25,34.40999984741211,34.1349983215332,34.310001373291016
2021-08-31,34.29499816894531,34.46500015258789,34.125,34.27000045776367
2021-09-01,34.3650016784668,34.834999084472656,34.31999969482422,34.720001220703125
2021-09-02,34.79499816894531,35.03499984741211,34.7599983215332,35.03499984741211
2021-09-03,34.93000030517578,34.97999954223633,34.65999984741211,34.744998931884766
2021-09-07,34.71500015258789,34.720001220703125,34.224998474121094,34.28499984741211
2021-09-08,34.26499938964844,34.994998931884766,34.185001373291016,34.900001525878906
2021-09-09,34.790000915527344,34.915000915527344,34.68000030517578,34.709999084472656
2021-09-10,34.685001373291016,34.724998474121094,34.21500015258789,34.224998474121094
2021-09-13,34.51499938964844,34.55500030517578,34.064998626708984,34.165000915527344
2021-09-14,34.275001525878906,34.3849983215332,33.96500015258789,34.04999923706055
2021-09-15,34.0,34.22999954223633,33.814998626708984,34.005001068115234
2021-09-16,34.0,34.13999938964844,33.66999816894531,33.720001220703125
2021-09-17,33.650001525878906,33.83000183105469,33.16999816894531,33.20000076293945
2021-09-20,32.880001068115234,33.18000030517578,32.529998779296875,32.88999938964844
2021-09-21,32.98500061035156,33.209999084472656,32.779998779296875,32.79999923706055
2021-09-22,32.91999816894531,33.04499816894531,32.654998779296875,32.779998779296875
2021-09-23,32.779998779296875,33.025001525878906,32.57500076293945,32.60499954223633
2021-09-24,32.599998474121094,32.814998626708984,32.4900016784668,32.56999969482422
2021-09-27,32.51499938964844,32.845001220703125,32.13999938964844,32.185001373291016
2021-09-28,32.154998779296875,32.20500183105469,31.684999465942383,31.780000686645508
2021-09-29,31.875,32.41999816894531,31.790000915527344,32.19499969482422
2021-09-30,32.314998626708984,32.334999084472656,31.895000457763672,31.940000534057617
2021-10-01,32.1349983215332,32.19499969482422,31.829999923706055,31.940000534057617
2021-10-04,31.905000686645508,32.470001220703125,31.889999389648438,32.380001068115234
2021-10-05,32.41999816894531,32.53499984741211,32.2599983215332,32.29999923706055
2021-10-06,32.20000076293945,32.82500076293945,32.0099983215332,32.79999923706055
2021-10-07,32.86000061035156,33.119998931884766,32.59000015258789,32.625
2021-10-08,32.619998931884766,32.685001373291016,32.36000061035156,32.3849983215332
2021-10-11,32.25,32.314998626708984,31.899999618530273,31.94499969482422
2021-10-12,31.989999771118164,32.255001068115234,31.905000686645508,32.15999984741211
2021-10-13,32.16999816894531,32.560001373291016,32.0,32.53499984741211
2021-10-14,32.64500045776367,33.0,32.564998626708984,32.935001373291016
2021-10-15,32.98500061035156,33.099998474121094,32.78499984741211,32.84000015258789
2021-10-18,32.619998931884766,32.70500183105469,32.349998474121094,32.525001525878906
2021-10-19,32.775001525878906,32.97999954223633,32.685001373291016,32.935001373291016
2021-10-20,33.06999969482422,33.584999084472656,33.03499984741211,33.45500183105469
2021-10-21,33.474998474121094,33.59000015258789,33.40999984741211,33.45500183105469
2021-10-22,33.54499816894531,33.685001373291016,33.470001220703125,33.625
2021-10-25,33.57500076293945,33.685001373291016,33.400001525878906,33.47999954223633
2021-10-26,33.5099983215332,33.91999816894531,33.45500183105469,33.65999984741211
2021-10-27,33.7400016784668,33.82500076293945,33.400001525878906,33.435001373291016
2021-10-28,33.404998779296875,33.65999984741211,33.3650016784668,33.654998779296875
2021-10-29,33.64500045776367,33.78499984741211,33.290000915527344,33.45500183105469
2021-11-01,33.44499969482422,33.65999984741211,33.34000015258789,33.57500076293945
2021-11-02,33.70000076293945,33.76499938964844,33.3650016784668,33.60499954223633
2021-11-03,33.54999923706055,33.68000030517578,33.209999084472656,33.47999954223633
2021-11-04,33.43000030517578,33.5,32.95000076293945,33.29499816894531
2021-11-05,33.404998779296875,33.755001068115234,33.369998931884766,33.61000061035156
2021-11-08,33.650001525878906,33.654998779296875,32.95000076293945,33.11000061035156
2021-11-09,33.16999816894531,33.375,33.064998626708984,33.279998779296875
2021-11-10,33.30500030517578,33.58000183105469,33.28499984741211,33.54999923706055
2021-11-11,33.529998779296875,33.54499816894531,33.16999816894531,33.345001220703125
2021-11-12,33.334999084472656,33.415000915527344,33.18000030517578,33.32500076293945
2021-11-15,33.470001220703125,33.779998779296875,33.400001525878906,33.76499938964844
2021-11-16,33.779998779296875,33.845001220703125,33.584999084472656,33.60499954223633
2021-11-17,33.525001525878906,33.685001373291016,33.35499954223633,33.6349983215332
2021-11-18,33.58000183105469,33.64500045776367,33.345001220703125,33.459999084472656
2021-11-19,33.505001068115234,33.724998474121094,33.415000915527344,33.650001525878906
2021-11-22,33.625,34.03499984741211,33.53499984741211,33.85499954223633
2021-11-23,33.849998474121094,34.09000015258789,33.685001373291016,33.88999938964844
2021-11-24,33.875,33.97999954223633,33.70000076293945,33.90999984741211
2021-11-26,33.66999816894531,33.88999938964844,33.29499816894531,33.380001068115234
2021-11-29,33.63999938964844,33.970001220703125,33.369998931884766,33.875
2021-11-30,33.71500015258789,33.720001220703125,32.85499954223633,32.8849983215332
2021-12-01,33.10499954223633,33.7400016784668,32.92499923706055,32.94499969482422
2021-12-02,33.025001525878906,33.67499923706055,33.025001525878906,33.3650016784668
2021-12-03,33.529998779296875,33.709999084472656,33.040000915527344,33.70000076293945
2021-12-06,33.91999816894531,34.56999969482422,33.904998779296875,34.21500015258789
2021-12-07,34.220001220703125,34.55500030517578,34.130001068115234,34.470001220703125
2021-12-08,34.5,34.665000915527344,34.25,34.435001373291016
2021-12-09,34.51499938964844,34.584999084472656,34.154998779296875,34.38999938964844
2021-12-10,34.529998779296875,34.7400016784668,34.39500045776367,34.57500076293945
2021-12-13,34.540000915527344,35.16999816894531,34.540000915527344,35.0
2021-12-14,34.994998931884766,35.064998626708984,34.625,34.790000915527344
2021-12-15,34.75,35.38999938964844,34.75,35.36000061035156
2021-12-16,35.32500076293945,35.755001068115234,35.29499816894531,35.540000915527344
2021-12-17,35.404998779296875,35.58000183105469,34.93000030517578,35.005001068115234
2021-12-20,34.400001525878906,34.79999923706055,34.119998931884766,34.76499938964844
2021-12-21,34.875,35.10499954223633,34.529998779296875,34.71500015258789
2021-12-22,34.65999984741211,34.915000915527344,34.61000061035156,34.8650016784668
2021-12-23,34.8849983215332,35.040000915527344,34.82500076293945,34.86000061035156
2021-12-27,34.875,35.029998779296875,34.77000045776367,35.029998779296875
2021-12-28,35.08000183105469,35.35499954223633,35.05500030517578,35.345001220703125
2021-12-29,35.3849983215332,35.59000015258789,35.32500076293945,35.53499984741211
2021-12-30,35.630001068115234,35.70000076293945,35.404998779296875,35.665000915527344
2021-12-31,35.59000015258789,35.915000915527344,35.52000045776367,35.790000915527344
2022-01-03,35.775001525878906,35.78499984741211,35.029998779296875,35.435001373291016
2022-01-04,35.435001373291016,35.779998779296875,35.314998626708984,35.32500076293945
2022-01-05,35.29999923706055,35.70500183105469,35.27000045776367,35.30500030517578
2022-01-06,35.30500030517578,35.45000076293945,34.900001525878906,34.939998626708984
2022-01-07,34.8650016784668,35.375,34.650001525878906,35.20500183105469
2022-01-10,35.17499923706055,35.224998474121094,34.80500030517578,34.974998474121094
2022-01-11,34.94499969482422,35.07500076293945,34.43000030517578,34.65999984741211
2022-01-12,34.54999923706055,34.86000061035156,34.45000076293945,34.77000045776367
2022-01-13,34.755001068115234,35.07500076293945,34.73500061035156,34.939998626708984
2022-01-14,34.939998626708984,35.005001068115234,34.525001525878906,34.70000076293945
2022-01-18,34.44499969482422,34.505001068115234,34.01499938964844,34.28499984741211
2022-01-19,34.29499816894531,34.744998931884766,34.28499984741211,34.439998626708984
2022-01-20,34.54499816894531,34.98500061035156,34.44499969482422,34.48500061035156
2022-01-21,34.654998779296875,34.834999084472656,34.35499954223633,34.41999816894531
2022-01-24,34.380001068115234,34.4900016784668,33.21500015258789,34.09000015258789
2022-01-25,33.560001373291016,33.959999084472656,33.400001525878906,33.55500030517578
2022-01-26,33.619998931884766,33.98500061035156,33.095001220703125,33.279998779296875
2022-01-27,33.59000015258789,33.994998931884766,33.40999984741211,33.57500076293945
2022-01-28,33.48500061035156,34.0099983215332,33.22999954223633,33.97999954223633
2022-01-31,33.779998779296875,34.654998779296875,33.709999084472656,34.625
2022-02-01,34.529998779296875,34.71500015258789,33.845001220703125,34.165000915527344
2022-02-02,34.13999938964844,34.720001220703125,34.08000183105469,34.66999816894531
2022-02-03,34.56999969482422,34.72999954223633,34.41999816894531,34.51499938964844
2022-02-04,34.21500015258789,34.54499816894531,33.89500045776367,34.2400016784668
2022-02-07,34.18000030517578,34.33000183105469,33.97999954223633,34.189998626708984
2022-02-08,34.33000183105469,34.439998626708984,34.130001068115234,34.21500015258789
2022-02-09,34.459999084472656,34.540000915527344,34.2599983215332,34.3650016784668
2022-02-10,34.025001525878906,34.189998626708984,33.42499923706055,33.494998931884766
2022-02-11,33.63999938964844,33.88999938964844,33.369998931884766,33.51499938964844
2022-02-14,33.625,33.68000030517578,32.90999984741211,33.22999954223633
2022-02-15,33.435001373291016,33.564998626708984,32.92499923706055,33.07500076293945
2022-02-16,33.119998931884766,33.290000915527344,32.82500076293945,33.150001525878906
2022-02-17,33.0,33.33000183105469,32.76499938964844,33.16999816894531
2022-02-18,33.060001373291016,33.3849983215332,32.959999084472656,33.11000061035156
2022-02-22,33.22999954223633,33.310001373291016,32.849998474121094,33.07500076293945
2022-02-23,33.1349983215332,33.23500061035156,32.47999954223633,32.51499938964844
2022-02-24,32.30500030517578,32.84000015258789,32.13999938964844,32.775001525878906
2022-02-25,33.064998626708984,33.83000183105469,32.9900016784668,33.790000915527344
2022-02-28,33.584999084472656,34.01499938964844,33.54499816894531,33.96500015258789
2022-03-01,33.89500045776367,34.189998626708984,33.415000915527344,33.66999816894531
2022-03-02,33.685001373291016,34.20500183105469,33.665000915527344,34.08000183105469
2022-03-03,34.21500015258789,34.849998474121094,34.185001373291016,34.68000030517578
2022-03-04,34.59000015258789,35.474998474121094,34.52000045776367,35.44499969482422
2022-03-07,35.525001525878906,35.98500061035156,35.224998474121094,35.904998779296875
2022-03-08,36.0,36.185001373291016,35.334999084472656,35.349998474121094
2022-03-09,35.60499954223633,35.654998779296875,35.03499984741211,35.099998474121094
2022-03-10,34.834999084472656,35.404998779296875,34.810001373291016,35.334999084472656
2022-03-11,35.38999938964844,35.625,35.18000030517578,35.21500015258789
2022-03-14,35.439998626708984,35.619998931884766,34.994998931884766,35.17499923706055
2022-03-15,35.51499938964844,35.70000076293945,35.310001373291016,35.625
2022-03-16,35.58000183105469,35.73500061035156,35.05500030517578,35.560001373291016
2022-03-17,35.58000183105469,35.96500015258789,35.5099983215332,35.709999084472656
2022-03-18,35.709999084472656,35.869998931884766,35.32500076293945,35.404998779296875
2022-03-21,35.220001220703125,35.56999969482422,35.209999084472656,35.404998779296875
2022-03-22,35.540000915527344,35.540000915527344,35.17499923706055,35.45500183105469
2022-03-23,35.41999816894531,35.709999084472656,35.244998931884766,35.505001068115234
2022-03-24,35.58000183105469,35.915000915527344,35.5099983215332,35.869998931884766
2022-03-25,36.0,36.404998779296875,35.915000915527344,36.38999938964844
2022-03-28,36.42499923706055,36.625,36.209999084472656,36.625
2022-03-29,36.61000061035156,36.96500015258789,36.54499816894531,36.96500015258789
2022-03-30,37.0,37.279998779296875,36.88999938964844,37.27000045776367
2022-03-31,37.244998931884766,37.56999969482422,37.209999084472656,37.22999954223633
2022-04-01,37.20000076293945,37.775001525878906,36.97999954223633,37.75
2022-04-04,37.595001220703125,37.595001220703125,37.07500076293945,37.459999084472656
2022-04-05,37.474998474121094,38.125,37.470001220703125,37.69499969482422
2022-04-06,37.814998626708984,38.470001220703125,37.64500045776367,38.44499969482422
2022-04-07,38.43000030517578,38.44499969482422,38.0,38.349998474121094
2022-04-08,38.4900016784668,38.6150016784668,38.154998779296875,38.47999954223633
2022-04-11,38.505001068115234,38.55500030517578,37.900001525878906,37.95500183105469
2022-04-12,37.849998474121094,38.29999923706055,37.71500015258789,38.099998474121094
2022-04-13,38.10499954223633,38.20500183105469,37.775001525878906,38.025001525878906
2022-04-14,38.099998474121094,38.29999923706055,37.9900016784668,38.04499816894531
2022-04-18,38.09000015258789,38.30500030517578,37.65999984741211,37.84000015258789
2022-04-19,37.95000076293945,38.15999984741211,37.84000015258789,38.084999084472656
2022-04-20,38.4900016784668,38.584999084472656,38.279998779296875,38.39500045776367
2022-04-21,38.27000045776367,38.380001068115234,37.72999954223633,37.7599983215332
2022-04-22,37.709999084472656,37.75,37.099998474121094,37.125
2022-04-25,37.255001068115234,37.275001525878906,36.2599983215332,36.869998931884766
2022-04-26,36.7400016784668,37.19499969482422,36.48500061035156,36.5
2022-04-27,36.525001525878906,36.8650016784668,36.20500183105469,36.32500076293945
2022-04-28,36.5,36.86000061035156,36.310001373291016,36.72999954223633
2022-04-29,36.56999969482422,36.6349983215332,35.57500076293945,35.630001068115234
2022-05-02,35.79999923706055,35.96500015258789,34.81999969482422,35.26499938964844
2022-05-03,35.39500045776367,35.97999954223633,35.23500061035156,35.400001525878906
2022-05-04,35.619998931884766,36.255001068115234,35.470001220703125,36.189998626708984
2022-05-05,35.95000076293945,36.25,35.5,35.81999969482422
2022-05-06,35.61000061035156,36.220001220703125,35.599998474121094,36.10499954223633
2022-05-09,35.8849983215332,36.20000076293945,35.53499984741211,35.834999084472656
2022-05-10,35.8849983215332,36.375,34.97999954223633,35.400001525878906
2022-05-11,35.375,36.25,35.345001220703125,35.654998779296875
2022-05-12,35.6150016784668,35.70500183105469,34.91999816894531,35.29499816894531
2022-05-13,35.60499954223633,35.77000045776367,35.14500045776367,35.71500015258789
2022-05-16,35.72999954223633,35.97999954223633,35.58000183105469,35.82500076293945
2022-05-17,35.994998931884766,36.20000076293945,35.439998626708984,36.19499969482422
2022-05-18,36.255001068115234,36.33000183105469,35.75,35.845001220703125
2022-05-19,35.68000030517578,35.93000030517578,35.26499938964844,35.77000045776367
2022-05-20,35.8650016784668,35.970001220703125,35.375,35.869998931884766
2022-05-23,36.279998779296875,36.46500015258789,35.939998626708984,36.29999923706055
2022-05-24,36.369998931884766,37.095001220703125,36.095001220703125,37.025001525878906
2022-05-25,37.064998626708984,37.119998931884766,36.7599983215332,37.0
2022-05-26,37.22999954223633,37.375,37.07500076293945,37.10499954223633
2022-05-27,37.07500076293945,37.685001373291016,36.915000915527344,37.685001373291016
2022-05-31,37.334999084472656,37.474998474121094,37.005001068115234,37.165000915527344
2022-06-01,37.29999923706055,37.29999923706055,36.76499938964844,37.10499954223633
2022-06-02,37.28499984741211,37.38999938964844,36.529998779296875,37.35499954223633
2022-06-03,37.20000076293945,37.404998779296875,37.10499954223633,37.17499923706055
2022-06-06,37.5099983215332,37.630001068115234,37.29499816894531,37.34000015258789
2022-06-07,37.244998931884766,37.599998474121094,37.01499938964844,37.564998626708984
2022-06-08,37.400001525878906,37.400001525878906,36.775001525878906,36.83000183105469
2022-06-09,36.810001373291016,36.98500061035156,35.91999816894531,35.94499969482422
2022-06-10,35.59000015258789,35.9900016784668,35.369998931884766,35.66999816894531
2022-06-13,35.21500015258789,35.29499816894531,33.86000061035156,34.029998779296875
2022-06-14,34.06999969482422,34.19499969482422,32.79499816894531,33.16999816894531
2022-06-15,33.46500015258789,33.89500045776367,32.97999954223633,33.3849983215332
2022-06-16,32.970001220703125,32.970001220703125,32.47999954223633,32.7400016784668
2022-06-17,32.790000915527344,33.02000045776367,32.165000915527344,32.435001373291016
2022-06-21,32.290000915527344,32.970001220703125,32.209999084472656,32.790000915527344
2022-06-22,32.6150016784668,33.380001068115234,32.60499954223633,33.1349983215332
2022-06-23,33.33000183105469,33.974998474121094,33.28499984741211,33.915000915527344
2022-06-24,34.095001220703125,34.57500076293945,33.959999084472656,34.505001068115234
2022-06-27,34.43000030517578,34.8650016784668,34.29499816894531,34.78499984741211
2022-06-28,34.900001525878906,35.16999816894531,34.61000061035156,34.654998779296875
2022-06-29,34.709999084472656,34.814998626708984,34.459999084472656,34.68000030517578
2022-06-30,34.46500015258789,35.32500076293945,34.41999816894531,35.064998626708984
2022-07-01,35.244998931884766,35.98500061035156,35.10499954223633,35.92499923706055
2022-07-05,35.845001220703125,35.869998931884766,34.154998779296875,34.70000076293945
2022-07-06,34.869998931884766,35.380001068115234,34.595001220703125,35.060001373291016
2022-07-07,35.2400016784668,35.35499954223633,34.98500061035156,35.025001525878906
2022-07-08,34.9900016784668,35.064998626708984,34.79499816894531,34.90999984741211
2022-07-11,34.775001525878906,35.19499969482422,34.69499969482422,35.130001068115234
2022-07-12,34.92499923706055,35.404998779296875,34.814998626708984,34.959999084472656
2022-07-13,34.6349983215332,35.189998626708984,34.60499954223633,34.814998626708984
2022-07-14,34.255001068115234,34.8650016784668,34.17499923706055,34.814998626708984
2022-07-15,34.849998474121094,34.93000030517578,34.279998779296875,34.880001068115234
2022-07-18,34.79999923706055,34.849998474121094,34.380001068115234,34.39500045776367
2022-07-19,34.619998931884766,34.80500030517578,34.5,34.6150016784668
2022-07-20,34.67499923706055,34.689998626708984,34.11000061035156,34.154998779296875
2022-07-21,34.25,34.2599983215332,33.92499923706055,34.244998931884766
2022-07-22,34.52000045776367,34.849998474121094,34.439998626708984,34.71500015258789
2022-07-25,34.65999984741211,35.15999984741211,34.564998626708984,35.150001525878906
2022-07-26,35.119998931884766,35.470001220703125,35.08000183105469,35.36000061035156
2022-07-27,35.19499969482422,35.48500061035156,35.095001220703125,35.38999938964844
2022-07-28,36.01499938964844,36.73500061035156,35.98500061035156,36.65999984741211
2022-07-29,36.59000015258789,37.130001068115234,36.584999084472656,36.974998474121094
2022-08-01,36.86000061035156,37.04499816894531,36.625,37.01499938964844
2022-08-02,37.18000030517578,37.39500045776367,36.90999984741211,36.939998626708984
2022-08-03,36.8849983215332,37.2599983215332,36.310001373291016,37.16999816894531
2022-08-04,37.189998626708984,37.52000045776367,37.06999969482422,37.25
2022-08-05,37.150001525878906,37.31999969482422,36.76499938964844,37.1150016784668
2022-08-08,37.435001373291016,37.61000061035156,36.994998931884766,37.16999816894531
2022-08-09,37.28499984741211,37.654998779296875,37.2599983215332,37.584999084472656
2022-08-10,37.755001068115234,37.834999084472656,37.474998474121094,37.75
2022-08-11,37.80500030517578,38.125,37.6349983215332,37.744998931884766
2022-08-12,38.0,38.3650016784668,37.92499923706055,38.36000061035156
2022-08-15,38.28499984741211,38.720001220703125,38.21500015258789,38.68000030517578
2022-08-16,38.595001220703125,38.93000030517578,38.55500030517578,38.790000915527344
2022-08-17,38.630001068115234,38.89500045776367,38.599998474121094,38.724998474121094
2022-08-18,38.7599983215332,38.9900016784668,38.73500061035156,38.869998931884766
2022-08-19,38.81999969482422,39.025001525878906,38.67499923706055,38.849998474121094
2022-08-22,38.665000915527344,38.73500061035156,38.220001220703125,38.31999969482422
2022-08-23,38.25,38.334999084472656,37.935001373291016,38.09000015258789
2022-08-24,38.040000915527344,38.2599983215332,37.94499969482422,38.209999084472656
2022-08-25,38.29999923706055,38.44499969482422,38.0099983215332,38.44499969482422
2022-08-26,38.459999084472656,38.59000015258789,37.81999969482422,37.85499954223633
2022-08-29,37.65999984741211,38.25,37.439998626708984,37.970001220703125
2022-08-30,37.959999084472656,37.9900016784668,37.275001525878906,37.415000915527344
2022-08-31,37.435001373291016,37.665000915527344,37.154998779296875,37.16999816894531
2022-09-01,37.025001525878906,37.7599983215332,37.025001525878906,37.70500183105469
2022-09-02,37.79999923706055,38.154998779296875,37.189998626708984,37.29999923706055
2022-09-06,37.5099983215332,37.915000915527344,37.29999923706055,37.39500045776367
2022-09-07,37.57500076293945,38.619998931884766,37.53499984741211,38.564998626708984
2022-09-08,38.41999816894531,38.790000915527344,38.33000183105469,38.53499984741211
2022-09-09,38.76499938964844,38.90999984741211,38.42499923706055,38.689998626708984
2022-09-12,38.79499816894531,39.11000061035156,38.67499923706055,39.060001373291016
2022-09-13,38.665000915527344,38.82500076293945,37.834999084472656,38.02000045776367
2022-09-14,38.03499984741211,38.54499816894531,37.994998931884766,38.33000183105469
2022-09-15,38.025001525878906,38.025001525878906,37.279998779296875,37.375
2022-09-16,37.2400016784668,37.525001525878906,37.16999816894531,37.23500061035156
2022-09-19,36.869998931884766,37.48500061035156,36.77000045776367,37.47999954223633
2022-09-20,37.23500061035156,37.23500061035156,36.665000915527344,36.935001373291016
2022-09-21,37.17499923706055,37.42499923706055,36.415000915527344,36.43000030517578
2022-09-22,36.400001525878906,36.54499816894531,36.11000061035156,36.29999923706055
2022-09-23,35.94499969482422,35.994998931884766,35.41999816894531,35.880001068115234
2022-09-26,35.790000915527344,35.834999084472656,34.665000915527344,35.01499938964844
2022-09-27,35.244998931884766,35.29999923706055,34.255001068115234,34.42499923706055
2022-09-28,34.82500076293945,35.0099983215332,34.369998931884766,34.79499816894531
2022-09-29,34.6150016784668,34.69499969482422,33.33000183105469,33.400001525878906
2022-09-30,33.560001373291016,33.689998626708984,32.685001373291016,32.755001068115234
2022-10-03,33.290000915527344,33.900001525878906,33.060001373291016,33.71500015258789
2022-10-04,33.95000076293945,34.459999084472656,33.7400016784668,34.43000030517578
2022-10-05,33.9900016784668,33.9900016784668,33.290000915527344,33.665000915527344
2022-10-06,33.52000045776367,33.57500076293945,32.52000045776367,32.55500030517578
2022-10-07,32.459999084472656,32.58000183105469,31.65999984741211,31.8799991607666
2022-10-10,31.94499969482422,32.314998626708984,31.889999389648438,31.934999465942383
2022-10-11,31.815000534057617,32.23500061035156,31.649999618530273,31.81999969482422
2022-10-12,31.770000457763672,31.829999923706055,30.739999771118164,30.760000228881836
2022-10-13,30.295000076293945,31.655000686645508,30.174999237060547,31.530000686645508
2022-10-14,31.854999542236328,32.084999084472656,30.920000076293945,31.075000762939453
2022-10-17,31.5,32.025001525878906,31.5,31.725000381469727
2022-10-18,32.35499954223633,32.47999954223633,31.985000610351562,32.30500030517578
2022-10-19,31.885000228881836,32.099998474121094,31.610000610351562,31.885000228881836
2022-10-20,31.895000457763672,31.895000457763672,30.93000030517578,31.079999923706055
2022-10-21,31.19499969482422,31.889999389648438,30.979999542236328,31.655000686645508
2022-10-24,31.825000762939453,32.16999816894531,31.575000762939453,31.920000076293945
2022-10-25,32.025001525878906,32.64500045776367,31.950000762939453,32.560001373291016
2022-10-26,32.73500061035156,32.900001525878906,32.404998779296875,32.54499816894531
2022-10-27,32.779998779296875,33.17499923706055,32.709999084472656,32.80500030517578
2022-10-28,32.939998626708984,33.775001525878906,32.89500045776367,33.70500183105469
2022-10-31,33.619998931884766,33.7599983215332,33.189998626708984,33.38999938964844
2022-11-01,33.59000015258789,33.71500015258789,33.255001068115234,33.52000045776367
2022-11-02,33.40999984741211,34.10499954223633,33.18000030517578,33.19499969482422
2022-11-03,32.880001068115234,33.6349983215332,32.70000076293945,33.34000015258789
2022-11-04,33.40999984741211,33.68000030517578,32.959999084472656,33.54499816894531
2022-11-07,33.47999954223633,33.53499984741211,32.3849983215332,32.904998779296875
2022-11-08,32.95000076293945,33.34000015258789,32.845001220703125,33.1349983215332
2022-11-09,33.0,33.255001068115234,32.810001373291016,32.875
2022-11-10,33.8650016784668,34.48500061035156,33.3650016784668,34.42499923706055
2022-11-11,34.42499923706055,34.51499938964844,33.71500015258789,34.040000915527344
2022-11-14,34.060001373291016,34.244998931884766,33.619998931884766,33.6349983215332
2022-11-15,33.9900016784668,34.2400016784668,33.595001220703125,34.005001068115234
2022-11-16,34.02000045776367,34.48500061035156,34.02000045776367,34.310001373291016
2022-11-17,33.935001373291016,34.029998779296875,33.54499816894531,33.709999084472656
2022-11-18,34.025001525878906,34.459999084472656,34.0099983215332,34.42499923706055
2022-11-21,34.369998931884766,34.68000030517578,34.345001220703125,34.58000183105469
2022-11-22,34.744998931884766,35.09000015258789,34.654998779296875,34.875
2022-11-23,34.775001525878906,35.279998779296875,34.775001525878906,35.26499938964844
2022-11-25,35.39500045776367,35.58000183105469,35.369998931884766,35.470001220703125
2022-11-28,35.224998474121094,35.36000061035156,34.95500183105469,35.10499954223633
2022-11-29,34.88999938964844,34.91999816894531,34.63999938964844,34.845001220703125
2022-11-30,34.779998779296875,35.790000915527344,34.744998931884766,35.71500015258789
2022-12-01,36.064998626708984,36.255001068115234,35.595001220703125,35.685001373291016
2022-12-02,35.30500030517578,35.61000061035156,35.15999984741211,35.51499938964844
2022-12-05,35.244998931884766,35.45000076293945,35.18000030517578,35.314998626708984
2022-12-06,35.26499938964844,35.55500030517578,35.130001068115234,35.53499984741211
2022-12-07,35.564998626708984,35.80500030517578,35.2400016784668,35.369998931884766
2022-12-08,35.375,35.72999954223633,35.244998931884766,35.599998474121094
2022-12-09,35.474998474121094,35.724998474121094,35.380001068115234,35.415000915527344
2022-12-12,35.60499954223633,36.23500061035156,35.470001220703125,36.224998474121094
2022-12-13,36.73500061035156,36.89500045776367,35.939998626708984,36.334999084472656
2022-12-14,36.459999084472656,36.845001220703125,36.025001525878906,36.290000915527344
2022-12-15,36.150001525878906,36.209999084472656,35.68000030517578,35.849998474121094
2022-12-16,35.58000183105469,35.58000183105469,34.79999923706055,35.2400016784668
2022-12-19,34.775001525878906,35.150001525878906,34.59000015258789,34.814998626708984
2022-12-20,34.79499816894531,35.01499938964844,34.56999969482422,34.82500076293945
2022-12-21,35.03499984741211,35.32500076293945,34.91999816894531,35.310001373291016
2022-12-22,35.255001068115234,35.255001068115234,34.51499938964844,35.095001220703125
2022-12-23,35.029998779296875,35.47999954223633,35.025001525878906,35.45500183105469
2022-12-27,35.53499984741211,35.75,35.310001373291016,35.67499923706055
2022-12-28,35.755001068115234,35.904998779296875,35.279998779296875,35.334999084472656
2022-12-29,35.5099983215332,35.790000915527344,35.48500061035156,35.59000015258789
2022-12-30,35.55500030517578,35.6150016784668,34.91999816894531,35.25
2023-01-03,35.349998474121094,35.470001220703125,34.77000045776367,35.25
2023-01-04,35.40999984741211,35.88999938964844,35.35499954223633,35.56999969482422
2023-01-05,35.29999923706055,35.435001373291016,34.69499969482422,34.79999923706055
2023-01-06,35.19499969482422,35.66999816894531,35.14500045776367,35.5
2023-01-09,35.494998931884766,36.0099983215332,35.38999938964844,35.7400016784668
2023-01-10,35.64500045776367,35.77000045776367,35.33000183105469,35.75
2023-01-11,35.75,36.09000015258789,35.744998931884766,36.040000915527344
2023-01-12,36.084999084472656,36.1349983215332,35.76499938964844,35.79499816894531
2023-01-13,35.64500045776367,35.78499984741211,35.400001525878906,35.665000915527344
2023-01-17,35.689998626708984,35.94499969482422,35.55500030517578,35.6150016784668
2023-01-18,35.77000045776367,35.77000045776367,34.71500015258789,34.7599983215332
2023-01-19,34.744998931884766,34.779998779296875,34.32500076293945,34.40999984741211
2023-01-20,34.38999938964844,34.630001068115234,33.91999816894531,34.6150016784668
2023-01-23,34.494998931884766,34.959999084472656,34.345001220703125,34.625
2023-01-24,34.65999984741211,34.904998779296875,34.21500015258789,34.79999923706055
2023-01-25,34.290000915527344,34.40999984741211,33.97999954223633,34.33000183105469
2023-01-26,34.150001525878906,34.5,34.084999084472656,34.44499969482422
2023-01-27,34.369998931884766,34.595001220703125,34.23500061035156,34.44499969482422
2023-01-30,34.31999969482422,34.68000030517578,34.26499938964844,34.290000915527344
2023-01-31,34.3849983215332,34.55500030517578,33.97999954223633,34.54499816894531
2023-02-01,34.380001068115234,34.849998474121094,34.1349983215332,34.60499954223633
2023-02-02,34.625,35.064998626708984,34.35499954223633,34.68000030517578
2023-02-03,34.369998931884766,34.505001068115234,33.5,33.95500183105469
2023-02-06,33.83000183105469,34.275001525878906,33.77000045776367,34.244998931884766
2023-02-07,34.09000015258789,34.34000015258789,33.755001068115234,34.22999954223633
2023-02-08,34.029998779296875,34.04499816894531,33.48500061035156,33.654998779296875
2023-02-09,33.73500061035156,33.91999816894531,33.13999938964844,33.19499969482422
2023-02-10,33.22999954223633,33.8849983215332,33.189998626708984,33.85499954223633
2023-02-13,33.869998931884766,34.14500045776367,33.869998931884766,34.060001373291016
2023-02-14,34.025001525878906,34.2599983215332,33.73500061035156,33.915000915527344
2023-02-15,33.720001220703125,34.15999984741211,33.720001220703125,34.1349983215332
2023-02-16,33.79999923706055,34.03499984741211,33.51499938964844,33.875
2023-02-17,33.8849983215332,34.400001525878906,33.70500183105469,34.2400016784668
2023-02-21,33.9900016784668,34.084999084472656,33.57500076293945,33.599998474121094
2023-02-22,33.595001220703125,33.85499954223633,33.380001068115234,33.470001220703125
2023-02-23,33.619998931884766,33.619998931884766,33.150001525878906,33.29499816894531
2023-02-24,33.005001068115234,33.42499923706055,32.869998931884766,33.30500030517578
2023-02-27,33.470001220703125,33.790000915527344,33.0099983215332,33.08000183105469
2023-02-28,32.93000030517578,33.09000015258789,32.5,32.5
2023-03-01,32.33000183105469,32.36000061035156,31.815000534057617,31.96500015258789
2023-03-02,31.920000076293945,32.59000015258789,31.875,32.56999969482422
2023-03-03,32.70000076293945,33.14500045776367,32.380001068115234,33.125
2023-03-06,33.14500045776367,33.3849983215332,33.099998474121094,33.28499984741211
2023-03-07,33.314998626708984,33.400001525878906,32.58000183105469,32.7400016784668
2023-03-08,32.72999954223633,33.05500030517578,32.60499954223633,32.9900016784668
2023-03-09,33.08000183105469,33.3849983215332,32.6150016784668,32.724998474121094
2023-03-10,32.8849983215332,32.8849983215332,32.04499816894531,32.209999084472656
2023-03-13,32.16999816894531,33.42499923706055,32.125,32.70500183105469
2023-03-14,32.95000076293945,33.404998779296875,32.810001373291016,33.1349983215332
2023-03-15,33.040000915527344,33.79999923706055,32.880001068115234,33.584999084472656
2023-03-16,33.459999084472656,34.005001068115234,33.33000183105469,33.810001373291016
2023-03-17,33.72999954223633,33.79999923706055,33.23500061035156,33.48500061035156
2023-03-20,33.290000915527344,33.61000061035156,33.279998779296875,33.5
2023-03-21,33.55500030517578,33.595001220703125,32.3849983215332,32.82500076293945
2023-03-22,32.779998779296875,32.95500183105469,32.165000915527344,32.18000030517578
2023-03-23,32.189998626708984,32.5,31.690000534057617,31.850000381469727
2023-03-24,31.885000228881836,32.85499954223633,31.854999542236328,32.845001220703125
2023-03-27,32.94499969482422,33.18000030517578,32.79499816894531,32.8849983215332
2023-03-28,32.80500030517578,33.32500076293945,32.80500030517578,32.974998474121094
2023-03-29,33.150001525878906,33.5099983215332,33.150001525878906,33.45500183105469
2023-03-30,33.53499984741211,33.76499938964844,33.40999984741211,33.599998474121094
2023-03-31,33.709999084472656,33.86000061035156,33.51499938964844,33.845001220703125
2023-04-03,33.720001220703125,33.8650016784668,33.42499923706055,33.6150016784668
2023-04-04,33.595001220703125,33.845001220703125,33.505001068115234,33.78499984741211
2023-04-05,33.93000030517578,34.755001068115234,33.92499923706055,34.65999984741211
2023-04-06,34.939998626708984,34.97999954223633,34.54999923706055,34.904998779296875
2023-04-10,34.70500183105469,34.845001220703125,34.36000061035156,34.834999084472656
2023-04-11,34.78499984741211,34.96500015258789,34.69499969482422,34.8650016784668
2023-04-12,34.93000030517578,35.08000183105469,34.70500183105469,34.83000183105469
2023-04-13,34.67499923706055,34.93000030517578,34.17499923706055,34.834999084472656
2023-04-14,34.58000183105469,34.650001525878906,34.28499984741211,34.44499969482422
2023-04-17,34.505001068115234,34.69499969482422,34.290000915527344,34.6349983215332
2023-04-18,34.650001525878906,34.720001220703125,34.32500076293945,34.45500183105469
2023-04-19,34.540000915527344,34.82500076293945,34.4900016784668,34.720001220703125
2023-04-20,34.75,34.845001220703125,34.505001068115234,34.709999084472656
2023-04-21,34.935001373291016,35.05500030517578,34.60499954223633,34.810001373291016
2023-04-24,34.79999923706055,35.04499816894531,34.59000015258789,34.98500061035156
2023-04-25,34.85499954223633,35.13999938964844,34.845001220703125,34.95000076293945
2023-04-26,34.68000030517578,34.790000915527344,34.09000015258789,34.130001068115234
2023-04-27,34.22999954223633,34.56999969482422,34.20000076293945,34.540000915527344
2023-04-28,34.439998626708984,34.69499969482422,34.275001525878906,34.4900016784668
2023-05-01,34.40999984741211,34.8849983215332,34.380001068115234,34.54999923706055
2023-05-02,34.52000045776367,34.61000061035156,33.935001373291016,34.130001068115234
2023-05-03,34.31999969482422,34.525001525878906,33.994998931884766,34.03499984741211
2023-05-04,34.095001220703125,34.43000030517578,33.775001525878906,34.29499816894531
2023-05-05,34.18000030517578,34.599998474121094,34.18000030517578,34.51499938964844
2023-05-08,34.47999954223633,34.72999954223633,34.29499816894531,34.40999984741211
2023-05-09,34.33000183105469,34.45500183105469,34.119998931884766,34.3650016784668
2023-05-10,34.58000183105469,34.77000045776367,34.33000183105469,34.68000030517578
2023-05-11,34.70000076293945,34.709999084472656,34.165000915527344,34.32500076293945
2023-05-12,34.51499938964844,34.73500061035156,34.310001373291016,34.51499938964844
2023-05-15,34.64500045776367,34.69499969482422,33.939998626708984,34.08000183105469
2023-05-16,34.040000915527344,34.10499954223633,33.30500030517578,33.32500076293945
2023-05-17,33.43000030517578,33.439998626708984,33.064998626708984,33.20500183105469
2023-05-18,33.04999923706055,33.13999938964844,32.814998626708984,33.10499954223633
2023-05-19,33.2599983215332,33.44499969482422,33.03499984741211,33.05500030517578
2023-05-22,33.13999938964844,33.310001373291016,32.94499969482422,33.064998626708984
2023-05-23,32.939998626708984,33.275001525878906,32.86000061035156,32.95000076293945
2023-05-24,32.904998779296875,33.025001525878906,32.68000030517578,32.73500061035156
2023-05-25,32.67499923706055,32.689998626708984,32.064998626708984,32.29499816894531
2023-05-26,32.244998931884766,32.31999969482422,31.96500015258789,32.29499816894531
2023-05-30,32.349998474121094,32.51499938964844,32.119998931884766,32.16999816894531
2023-05-31,32.185001373291016,32.61000061035156,31.979999542236328,32.46500015258789
2023-06-01,32.525001525878906,32.56999969482422,32.025001525878906,32.224998474121094
2023-06-02,32.060001373291016,32.685001373291016,31.985000610351562,32.560001373291016
2023-06-05,32.630001068115234,33.06999969482422,32.560001373291016,32.71500015258789
2023-06-06,32.8650016784668,32.91999816894531,32.599998474121094,32.689998626708984
2023-06-07,32.71500015258789,33.32500076293945,32.51499938964844,33.244998931884766
2023-06-08,33.23500061035156,33.439998626708984,32.98500061035156,33.38999938964844
2023-06-09,33.400001525878906,33.42499923706055,33.17499923706055,33.19499969482422
2023-06-12,33.220001220703125,33.310001373291016,33.0,33.1349983215332
2023-06-13,32.935001373291016,33.244998931884766,32.880001068115234,33.130001068115234
2023-06-14,33.25,33.505001068115234,33.04499816894531,33.11000061035156
2023-06-15,33.23500061035156,33.54999923706055,33.165000915527344,33.470001220703125
2023-06-16,33.54999923706055,33.91999816894531,33.525001525878906,33.650001525878906
2023-06-20,33.28499984741211,33.35499954223633,32.95500183105469,32.9900016784668
2023-06-21,32.875,33.290000915527344,32.51499938964844,33.255001068115234
2023-06-22,33.380001068115234,33.44499969482422,32.904998779296875,33.0
2023-06-23,33.095001220703125,33.209999084472656,32.470001220703125,32.51499938964844
2023-06-26,32.56999969482422,32.935001373291016,32.44499969482422,32.834999084472656
2023-06-27,32.86000061035156,32.959999084472656,32.7400016784668,32.845001220703125
2023-06-28,32.834999084472656,32.834999084472656,32.275001525878906,32.36000061035156
2023-06-29,32.10499954223633,32.540000915527344,32.03499984741211,32.36000061035156
2023-06-30,32.404998779296875,32.755001068115234,32.38999938964844,32.720001220703125
2023-07-03,32.650001525878906,32.97999954223633,32.540000915527344,32.96500015258789
2023-07-05,32.849998474121094,33.59000015258789,32.80500030517578,33.34000015258789
2023-07-06,33.07500076293945,33.16999816894531,32.755001068115234,32.935001373291016
2023-07-07,32.720001220703125,32.92499923706055,32.61000061035156,32.69499969482422
2023-07-10,32.63999938964844,32.75,32.29499816894531,32.55500030517578
2023-07-11,32.619998931884766,32.970001220703125,32.5,32.959999084472656
2023-07-12,33.060001373291016,33.47999954223633,33.0,33.439998626708984
2023-07-13,33.439998626708984,33.564998626708984,33.31999969482422,33.55500030517578
2023-07-14,33.470001220703125,33.56999969482422,33.23500061035156,33.42499923706055
2023-07-17,33.314998626708984,33.38999938964844,33.025001525878906,33.040000915527344
2023-07-18,33.0099983215332,33.29499816894531,32.494998931884766,32.78499984741211
2023-07-19,32.810001373291016,33.314998626708984,32.810001373291016,33.119998931884766
2023-07-20,33.209999084472656,33.775001525878906,33.040000915527344,33.724998474121094
2023-07-21,33.86000061035156,34.3650016784668,33.79999923706055,34.22999954223633
2023-07-24,34.279998779296875,34.34000015258789,33.97999954223633,34.13999938964844
2023-07-25,34.099998474121094,34.30500030517578,33.994998931884766,34.20000076293945
2023-07-26,34.11000061035156,34.58000183105469,34.040000915527344,34.20000076293945
2023-07-27,34.064998626708984,34.209999084472656,33.525001525878906,33.595001220703125
2023-07-28,33.814998626708984,33.95000076293945,33.35499954223633,33.52000045776367
2023-07-31,33.654998779296875,33.790000915527344,33.380001068115234,33.53499984741211
2023-08-01,33.494998931884766,33.66999816894531,33.10499954223633,33.125
2023-08-02,32.9900016784668,33.279998779296875,32.935001373291016,33.125
2023-08-03,33.025001525878906,33.04999923706055,32.34000015258789,32.369998931884766
2023-08-04,32.45500183105469,32.665000915527344,31.854999542236328,31.9950008392334
2023-08-07,32.1150016784668,32.26499938964844,31.979999542236328,31.989999771118164
2023-08-08,31.985000610351562,32.154998779296875,31.690000534057617,32.13999938964844
2023-08-09,32.125,32.494998931884766,32.06999969482422,32.209999084472656
2023-08-10,32.34000015258789,32.53499984741211,32.01499938964844,32.11000061035156
2023-08-11,32.13999938964844,32.33000183105469,32.040000915527344,32.28499984741211
2023-08-14,32.26499938964844,32.28499984741211,31.889999389648438,32.029998779296875
2023-08-15,31.844999313354492,31.860000610351562,31.489999771118164,31.510000228881836
2023-08-16,31.645000457763672,31.790000915527344,31.524999618530273,31.649999618530273
2023-08-17,31.684999465942383,31.9950008392334,31.565000534057617,31.579999923706055
2023-08-18,31.575000762939453,31.81999969482422,31.545000076293945,31.7450008392334
2023-08-21,31.649999618530273,31.735000610351562,31.295000076293945,31.545000076293945
2023-08-22,31.524999618530273,31.725000381469727,31.405000686645508,31.635000228881836
2023-08-23,31.80500030517578,31.84000015258789,31.540000915527344,31.760000228881836
2023-08-24,31.704999923706055,32.13999938964844,31.545000076293945,31.575000762939453
2023-08-25,31.6200008392334,31.975000381469727,31.600000381469727,31.815000534057617
2023-08-28,31.8700008392334,32.04499816894531,31.7450008392334,31.809999465942383
2023-08-29,31.850000381469727,32.025001525878906,31.719999313354492,31.93000030517578
2023-08-30,31.825000762939453,32.03499984741211,31.665000915527344,31.78499984741211
2023-08-31,31.90999984741211,31.940000534057617,31.469999313354492,31.479999542236328
2023-09-01,31.645000457763672,31.7549991607666,31.075000762939453,31.31999969482422
2023-09-05,31.299999237060547,31.31999969482422,30.670000076293945,30.84000015258789
2023-09-06,30.885000228881836,30.94499969482422,30.709999084472656,30.90999984741211
2023-09-07,31.174999237060547,31.565000534057617,31.094999313354492,31.315000534057617
2023-09-08,31.3700008392334,31.645000457763672,31.270000457763672,31.59000015258789
2023-09-11,31.55500030517578,31.885000228881836,31.545000076293945,31.719999313354492
2023-09-12,31.71500015258789,31.850000381469727,31.5049991607666,31.760000228881836
2023-09-13,31.774999618530273,32.28499984741211,31.774999618530273,32.13999938964844
2023-09-14,32.34000015258789,32.630001068115234,32.29499816894531,32.61000061035156
2023-09-15,32.55500030517578,32.80500030517578,32.435001373291016,32.470001220703125
2023-09-18,32.22999954223633,32.290000915527344,31.959999084472656,32.185001373291016
2023-09-19,32.15999984741211,32.275001525878906,32.0,32.0099983215332
2023-09-20,32.13999938964844,32.375,31.94499969482422,32.040000915527344
2023-09-21,32.01499938964844,32.07500076293945,31.690000534057617,31.704999923706055
2023-09-22,31.565000534057617,31.854999542236328,31.434999465942383,31.645000457763672
2023-09-25,31.459999084472656,31.625,31.270000457763672,31.600000381469727
2023-09-26,31.469999313354492,31.5049991607666,30.56999969482422,30.655000686645508
2023-09-27,30.594999313354492,30.670000076293945,29.985000610351562,30.065000534057617
2023-09-28,30.18000030517578,30.239999771118164,29.3700008392334,29.415000915527344
2023-09-29,29.670000076293945,29.90999984741211,29.30500030517578,29.46500015258789
2023-10-02,29.295000076293945,29.295000076293945,27.760000228881836,28.094999313354492
2023-10-03,27.875,28.514999389648438,27.46500015258789,28.420000076293945
2023-10-04,28.565000534057617,28.6200008392334,27.94499969482422,28.389999389648438
2023-10-05,28.315000534057617,28.399999618530273,27.950000762939453,28.225000381469727
2023-10-06,27.875,28.69499969482422,27.385000228881836,28.625
2023-10-09,28.575000762939453,28.90999984741211,28.454999923706055,28.90999984741211
2023-10-10,28.90999984741211,29.31999969482422,28.90999984741211,29.30500030517578
2023-10-11,29.469999313354492,29.80500030517578,29.260000228881836,29.780000686645508
2023-10-12,29.6299991607666,29.80500030517578,29.05500030517578,29.31999969482422
2023-10-13,29.514999389648438,29.84000015258789,29.440000534057617,29.649999618530273
2023-10-16,29.709999084472656,30.065000534057617,29.479999542236328,29.954999923706055
2023-10-17,29.700000762939453,30.065000534057617,29.655000686645508,29.875
2023-10-18,29.844999313354492,30.024999618530273,29.424999237060547,29.614999771118164
2023-10-19,29.520000457763672,29.795000076293945,29.299999237060547,29.31999969482422
2023-10-20,29.25,29.53499984741211,29.010000228881836,29.014999389648438
2023-10-23,28.75,29.184999465942383,28.520000457763672,28.770000457763672
2023-10-24,29.204999923706055,29.6299991607666,29.114999771118164,29.510000228881836
2023-10-25,29.459999084472656,29.735000610351562,29.34000015258789,29.674999237060547
2023-10-26,29.7549991607666,30.19499969482422,29.7450008392334,29.93000030517578
2023-10-27,29.799999237060547,29.969999313354492,29.274999618530273,29.364999771118164
2023-10-30,29.489999771118164,29.78499984741211,29.264999389648438,29.59000015258789
2023-10-31,29.709999084472656,29.875,29.5,29.844999313354492
2023-11-01,29.885000228881836,30.364999771118164,29.594999313354492,30.184999465942383
2023-11-02,30.25,30.90999984741211,30.200000762939453,30.75
2023-11-03,31.28499984741211,31.325000762939453,30.920000076293945,30.93000030517578
2023-11-06,30.985000610351562,31.084999084472656,30.81999969482422,30.850000381469727
2023-11-07,30.864999771118164,30.905000686645508,30.575000762939453,30.625
2023-11-08,30.4950008392334,30.5049991607666,30.059999465942383,30.399999618530273
2023-11-09,30.454999923706055,30.549999237060547,29.985000610351562,30.0
2023-11-10,30.135000228881836,30.2450008392334,29.959999084472656,30.15999984741211
2023-11-13,30.094999313354492,30.165000915527344,29.7549991607666,29.799999237060547
2023-11-14,30.469999313354492,31.014999389648438,30.40999984741211,30.989999771118164
2023-11-15,30.905000686645508,31.344999313354492,30.825000762939453,30.895000457763672
2023-11-16,31.149999618530273,31.309999465942383,31.03499984741211,31.059999465942383
2023-11-17,31.229999542236328,31.264999389648438,30.975000381469727,31.145000457763672
2023-11-20,31.0,31.170000076293945,30.639999389648438,31.049999237060547
2023-11-21,31.024999618530273,31.18000030517578,30.825000762939453,31.114999771118164
2023-11-22,31.225000381469727,31.274999618530273,30.969999313354492,31.264999389648438
2023-11-24,31.260000228881836,31.350000381469727,31.139999389648438,31.344999313354492
2023-11-27,31.3700008392334,31.459999084472656,31.145000457763672,31.395000457763672
2023-11-28,31.399999618530273,31.725000381469727,31.274999618530273,31.4950008392334
2023-11-29,31.5049991607666,31.6299991607666,31.135000228881836,31.2450008392334
2023-11-30,31.334999084472656,31.420000076293945,31.1200008392334,31.3799991607666
2023-12-01,31.395000457763672,31.770000457763672,31.190000534057617,31.764999389648438
2023-12-04,31.614999771118164,31.905000686645508,31.479999542236328,31.639999389648438
2023-12-05,31.670000076293945,31.674999237060547,31.290000915527344,31.415000915527344
2023-12-06,31.55500030517578,31.844999313354492,31.510000228881836,31.834999084472656
2023-12-07,31.8799991607666,31.9950008392334,31.6200008392334,31.764999389648438
2023-12-08,31.71500015258789,31.850000381469727,31.469999313354492,31.704999923706055
2023-12-11,31.540000915527344,31.950000762939453,31.540000915527344,31.90999984741211
2023-12-12,31.954999923706055,31.969999313354492,31.53499984741211,31.780000686645508
2023-12-13,31.815000534057617,32.97999954223633,31.645000457763672,32.97999954223633
2023-12-14,33.18000030517578,33.349998474121094,32.48500061035156,32.54999923706055
2023-12-15,32.224998474121094,32.38999938964844,31.75,31.985000610351562
2023-12-18,31.774999618530273,31.954999923706055,31.549999237060547,31.614999771118164
2023-12-19,31.725000381469727,31.834999084472656,31.59000015258789,31.795000076293945
2023-12-20,31.7549991607666,31.844999313354492,31.145000457763672,31.149999618530273
2023-12-21,31.2549991607666,31.420000076293945,30.985000610351562,31.204999923706055
2023-12-22,31.31999969482422,31.6200008392334,31.25,31.309999465942383
2023-12-26,31.260000228881836,31.6200008392334,31.25,31.5
2023-12-27,31.440000534057617,31.540000915527344,31.31999969482422,31.479999542236328
2023-12-28,31.3799991607666,31.75,31.3799991607666,31.704999923706055
2023-12-29,31.635000228881836,31.729999542236328,31.454999923706055,31.665000915527344
2024-01-02,31.530000686645508,32.20000076293945,31.46500015258789,32.125
2024-01-03,32.1150016784668,32.30500030517578,31.895000457763672,32.244998931884766
2024-01-04,32.279998779296875,32.45000076293945,32.10499954223633,32.14500045776367
2024-01-05,32.099998474121094,32.41999816894531,31.954999923706055,32.26499938964844
2024-01-08,32.19499969482422,32.5099983215332,32.095001220703125,32.5
2024-01-09,32.33000183105469,32.380001068115234,32.165000915527344,32.23500061035156
2024-01-10,32.23500061035156,32.380001068115234,32.1150016784668,32.22999954223633
2024-01-11,32.125,32.130001068115234,31.3799991607666,31.479999542236328
2024-01-12,31.690000534057617,31.790000915527344,31.53499984741211,31.65999984741211
2024-01-16,31.5049991607666,31.59000015258789,31.239999771118164,31.315000534057617
2024-01-17,31.135000228881836,31.420000076293945,30.625,30.860000610351562
2024-01-18,30.704999923706055,30.735000610351562,30.354999542236328,30.530000686645508
2024-01-19,30.559999465942383,30.610000610351562,30.295000076293945,30.489999771118164
2024-01-22,30.479999542236328,30.704999923706055,30.204999923706055,30.334999084472656
2024-01-23,30.344999313354492,30.485000610351562,30.209999084472656,30.389999389648438
2024-01-24,30.600000381469727,30.649999618530273,29.93000030517578,29.975000381469727
2024-01-25,30.375,30.520000457763672,30.09000015258789,30.514999389648438
2024-01-26,30.594999313354492,30.719999313354492,30.5049991607666,30.604999542236328
2024-01-29,30.625,30.920000076293945,30.44499969482422,30.799999237060547
2024-01-30,30.725000381469727,30.975000381469727,30.524999618530273,30.790000915527344
2024-01-31,31.045000076293945,31.18000030517578,30.549999237060547,30.725000381469727
2024-02-01,30.594999313354492,31.309999465942383,30.454999923706055,31.309999465942383
2024-02-02,30.954999923706055,31.045000076293945,30.530000686645508,30.7450008392334
2024-02-05,30.44499969482422,30.46500015258789,30.09000015258789,30.104999542236328
2024-02-06,30.09000015258789,30.315000534057617,29.9950008392334,30.21500015258789
2024-02-07,30.334999084472656,30.399999618530273,30.075000762939453,30.235000610351562
2024-02-08,30.100000381469727,30.165000915527344,29.760000228881836,30.020000457763672
2024-02-09,29.934999465942383,30.165000915527344,29.875,30.135000228881836
2024-02-12,30.135000228881836,30.510000228881836,30.059999465942383,30.485000610351562
2024-02-13,30.315000534057617,30.469999313354492,29.56999969482422,29.979999542236328
2024-02-14,30.09000015258789,30.21500015258789,29.920000076293945,30.145000457763672
2024-02-15,30.239999771118164,30.674999237060547,30.239999771118164,30.649999618530273
2024-02-16,30.5,30.760000228881836,30.315000534057617,30.614999771118164
2024-02-20,30.559999465942383,30.94499969482422,30.530000686645508,30.594999313354492
2024-02-21,30.795000076293945,31.040000915527344,30.645000457763672,31.0
2024-02-22,30.7549991607666,30.889999389648438,30.524999618530273,30.760000228881836
2024-02-23,30.825000762939453,31.125,30.75,30.979999542236328
2024-02-26,30.829999923706055,30.850000381469727,30.315000534057617,30.3700008392334
2024-02-27,30.549999237060547,30.954999923706055,30.424999237060547,30.94499969482422
2024-02-28,30.90999984741211,31.084999084472656,30.84000015258789,31.040000915527344
2024-02-29,31.15999984741211,31.309999465942383,30.905000686645508,31.049999237060547
2024-03-01,30.954999923706055,30.959999084472656,30.479999542236328,30.860000610351562
2024-03-04,30.71500015258789,31.424999237060547,30.71500015258789,31.3799991607666
2024-03-05,31.475000381469727,31.985000610351562,31.15999984741211,31.290000915527344
2024-03-06,31.514999389648438,31.75,31.44499969482422,31.59000015258789
2024-03-07,31.850000381469727,31.93000030517578,31.735000610351562,31.795000076293945
2024-03-08,31.885000228881836,31.969999313354492,31.610000610351562,31.875
2024-03-11,31.829999923706055,32.10499954223633,31.709999084472656,32.03499984741211
2024-03-12,31.969999313354492,31.985000610351562,31.524999618530273,31.725000381469727
2024-03-13,31.975000381469727,32.224998474121094,31.8700008392334,31.940000534057617
2024-03-14,31.8700008392334,31.9950008392334,31.459999084472656,31.684999465942383
2024-03-15,31.584999084472656,31.899999618530273,31.55500030517578,31.729999542236328
2024-03-18,31.510000228881836,31.815000534057617,31.325000762939453,31.614999771118164
2024-03-19,31.690000534057617,31.924999237060547,31.600000381469727,31.895000457763672
2024-03-20,31.84000015258789,32.099998474121094,31.7549991607666,31.934999465942383
2024-03-21,32.02000045776367,32.23500061035156,31.8700008392334,31.885000228881836
2024-03-22,32.084999084472656,32.14500045776367,31.889999389648438,31.93000030517578
2024-03-25,32.02000045776367,32.099998474121094,31.885000228881836,32.08000183105469
2024-03-26,32.1150016784668,32.209999084472656,31.690000534057617,31.71500015258789
2024-03-27,31.950000762939453,32.599998474121094,31.915000915527344,32.599998474121094
2024-03-28,32.595001220703125,32.880001068115234,32.5099983215332,32.82500076293945
2024-04-01,32.83000183105469,32.8650016784668,32.415000915527344,32.625
2024-04-02,32.54999923706055,32.869998931884766,32.53499984741211,32.68000030517578
2024-04-03,32.67499923706055,32.76499938964844,32.43000030517578,32.54999923706055
2024-04-04,32.80500030517578,32.900001525878906,32.26499938964844,32.48500061035156
2024-04-05,32.275001525878906,32.665000915527344,32.119998931884766,32.58000183105469
2024-04-08,32.584999084472656,32.849998474121094,32.540000915527344,32.79499816894531
2024-04-09,32.8650016784668,33.040000915527344,32.77000045776367,32.974998474121094
2024-04-10,32.314998626708984,32.53499984741211,32.125,32.40999984741211
2024-04-11,32.595001220703125,32.6349983215332,32.125,32.345001220703125
2024-04-12,32.404998779296875,32.5,31.94499969482422,32.099998474121094
2024-04-15,32.31999969482422,32.45500183105469,31.684999465942383,31.80500030517578
2024-04-16,31.704999923706055,31.739999771118164,31.274999618530273,31.385000228881836
2024-04-17,31.59000015258789,32.119998931884766,31.530000686645508,32.040000915527344
2024-04-18,32.150001525878906,32.33000183105469,31.915000915527344,32.220001220703125
2024-04-19,32.30500030517578,32.78499984741211,32.27000045776367,32.71500015258789
2024-04-22,32.73500061035156,33.10499954223633,32.5099983215332,33.01499938964844
2024-04-23,33.0,33.380001068115234,32.91999816894531,33.16999816894531
2024-04-24,32.869998931884766,33.47999954223633,32.70500183105469,33.369998931884766
2024-04-25,33.290000915527344,33.595001220703125,33.0,33.459999084472656
2024-04-26,33.459999084472656,33.505001068115234,33.08000183105469,33.095001220703125
2024-04-29,33.32500076293945,33.60499954223633,33.29499816894531,33.54499816894531
2024-04-30,33.36000061035156,33.630001068115234,33.13999938964844,33.369998931884766
2024-05-01,33.3650016784668,34.060001373291016,33.23500061035156,33.755001068115234
2024-05-02,33.89500045776367,34.02000045776367,33.625,33.935001373291016
2024-05-03,34.20000076293945,34.314998626708984,33.900001525878906,34.20500183105469
2024-05-06,34.310001373291016,34.415000915527344,34.099998474121094,34.380001068115234
2024-05-07,34.525001525878906,34.79999923706055,34.45000076293945,34.77000045776367
2024-05-08,34.69499969482422,35.154998779296875,34.61000061035156,35.1349983215332
2024-05-09,35.11000061035156,35.70500183105469,35.03499984741211,35.66999816894531
2024-05-10,35.869998931884766,35.92499923706055,35.53499984741211,35.6349983215332
2024-05-13,35.755001068115234,35.93000030517578,35.564998626708984,35.6349983215332
2024-05-14,35.790000915527344,35.84000015258789,35.529998779296875,35.72999954223633
2024-05-15,36.099998474121094,36.3650016784668,36.040000915527344,36.26499938964844
2024-05-16,36.28499984741211,36.45500183105469,36.084999084472656,36.13999938964844
2024-05-17,36.095001220703125,36.255001068115234,35.970001220703125,36.16999816894531
2024-05-20,36.25,36.25,36.029998779296875,36.11000061035156
2024-05-21,36.09000015258789,36.45000076293945,36.08000183105469,36.435001373291016
2024-05-22,36.23500061035156,36.36000061035156,35.970001220703125,36.005001068115234
2024-05-23,35.95000076293945,35.95000076293945,35.375,35.39500045776367
2024-05-24,35.48500061035156,35.88999938964844,35.41999816894531,35.75
2024-05-28,35.78499984741211,35.93000030517578,35.63999938964844,35.71500015258789
2024-05-29,35.404998779296875,35.45000076293945,35.125,35.255001068115234
2024-05-30,35.369998931884766,35.755001068115234,35.30500030517578,35.72999954223633
2024-05-31,35.849998474121094,36.39500045776367,35.69499969482422,36.36000061035156
2024-06-03,36.29999923706055,36.334999084472656,35.814998626708984,35.94499969482422
2024-06-04,35.85499954223633,36.05500030517578,35.53499984741211,35.93000030517578
2024-06-05,35.88999938964844,35.91999816894531,35.665000915527344,35.724998474121094
2024-06-06,35.64500045776367,35.85499954223633,35.30500030517578,35.35499954223633
2024-06-07,35.04999923706055,35.33000183105469,34.959999084472656,34.970001220703125
2024-06-10,34.96500015258789,35.47999954223633,34.875,35.41999816894531
2024-06-11,35.119998931884766,35.255001068115234,34.904998779296875,35.20500183105469
2024-06-12,35.650001525878906,35.654998779296875,34.86000061035156,34.974998474121094
2024-06-13,35.029998779296875,35.185001373291016,34.689998626708984,35.05500030517578
2024-06-14,34.849998474121094,35.01499938964844,34.70500183105469,34.970001220703125
2024-06-17,34.78499984741211,34.8650016784668,34.54999923706055,34.584999084472656
2024-06-18,34.30500030517578,34.61000061035156,34.275001525878906,34.599998474121094
2024-06-20,34.709999084472656,34.970001220703125,34.595001220703125,34.900001525878906
2024-06-21,35.029998779296875,35.06999969482422,34.66999816894531,34.69499969482422
2024-06-24,34.40999984741211,34.98500061035156,34.3849983215332,34.869998931884766
2024-06-25,34.79999923706055,34.89500045776367,34.43000030517578,34.540000915527344
2024-06-26,34.40999984741211,34.470001220703125,34.189998626708984,34.39500045776367
2024-06-27,34.42499923706055,34.5,34.220001220703125,34.45500183105469
2024-06-28,34.45500183105469,34.5,33.90999984741211,34.06999969482422
2024-07-01,34.42499923706055,34.48500061035156,33.79999923706055,33.834999084472656
2024-07-02,33.915000915527344,34.07500076293945,33.86000061035156,34.0099983215332
2024-07-03,34.060001373291016,34.45500183105469,33.994998931884766,34.21500015258789
2024-07-05,34.27000045776367,34.41999816894531,34.1150016784668,34.275001525878906
2024-07-08,34.30500030517578,34.41999816894531,34.18000030517578,34.310001373291016
2024-07-09,34.310001373291016,34.70000076293945,34.275001525878906,34.40999984741211
2024-07-10,34.540000915527344,34.744998931884766,34.279998779296875,34.73500061035156
2024-07-11,34.90999984741211,35.46500015258789,34.89500045776367,35.369998931884766
2024-07-12,35.494998931884766,35.86000061035156,35.34000015258789,35.630001068115234
2024-07-15,35.22999954223633,35.34000015258789,34.709999084472656,34.76499938964844
2024-07-16,34.974998474121094,35.095001220703125,34.869998931884766,35.03499984741211
2024-07-17,35.0,35.5,34.90999984741211,35.05500030517578
2024-07-18,35.0099983215332,35.3650016784668,34.96500015258789,35.025001525878906
2024-07-19,35.09000015258789,35.17499923706055,34.85499954223633,35.064998626708984
2024-07-22,35.25,35.439998626708984,35.130001068115234,35.36000061035156
2024-07-23,35.290000915527344,35.35499954223633,35.1150016784668,35.13999938964844
2024-07-24,35.38999938964844,35.67499923706055,35.17499923706055,35.53499984741211
2024-07-25,35.70000076293945,35.88999938964844,35.09000015258789,35.2400016784668
2024-07-26,35.52000045776367,35.654998779296875,35.38999938964844,35.584999084472656
2024-07-29,35.720001220703125,35.86000061035156,35.43000030517578,35.744998931884766
2024-07-30,35.70500183105469,35.959999084472656,35.630001068115234,35.93000030517578
2024-07-31,36.435001373291016,36.474998474121094,36.04499816894531,36.39500045776367
2024-08-01,36.46500015258789,37.099998474121094,36.41999816894531,37.04999923706055
2024-08-02,37.52000045776367,37.779998779296875,36.60499954223633,37.11000061035156
2024-08-05,37.30500030517578,37.30500030517578,36.09000015258789,36.130001068115234
2024-08-06,36.27000045776367,36.85499954223633,36.244998931884766,36.435001373291016
2024-08-07,36.73500061035156,37.06999969482422,36.5,36.63999938964844
2024-08-08,36.5,36.904998779296875,36.39500045776367,36.68000030517578
2024-08-09,36.77000045776367,36.85499954223633,36.17499923706055,36.80500030517578
2024-08-12,36.814998626708984,36.8849983215332,36.595001220703125,36.869998931884766
2024-08-13,37.025001525878906,37.119998931884766,36.86000061035156,37.084999084472656
2024-08-14,37.0,37.279998779296875,36.78499984741211,37.060001373291016
2024-08-15,36.845001220703125,37.165000915527344,36.720001220703125,37.05500030517578
2024-08-16,37.095001220703125,37.345001220703125,36.935001373291016,37.220001220703125
2024-08-19,37.255001068115234,37.4900016784668,37.224998474121094,37.46500015258789
2024-08-20,37.46500015258789,37.59000015258789,37.345001220703125,37.3849983215332
2024-08-21,37.439998626708984,37.76499938964844,37.38999938964844,37.650001525878906
2024-08-22,37.689998626708984,37.77000045776367,37.45500183105469,37.60499954223633
2024-08-23,37.73500061035156,37.88999938964844,37.599998474121094,37.709999084472656
2024-08-26,37.84000015258789,38.11000061035156,37.834999084472656,37.95500183105469
2024-08-27,37.875,38.0099983215332,37.63999938964844,37.654998779296875
2024-08-28,37.77000045776367,37.97999954223633,37.625,37.654998779296875
2024-08-29,37.779998779296875,37.89500045776367,37.40999984741211,37.86000061035156
2024-08-30,37.93000030517578,38.20000076293945,37.790000915527344,38.14500045776367
2024-09-03,38.154998779296875,38.3650016784668,37.970001220703125,38.09000015258789
2024-09-04,38.275001525878906,38.70500183105469,38.224998474121094,38.415000915527344
2024-09-05,38.70500183105469,38.755001068115234,38.20500183105469,38.31999969482422
2024-09-06,38.404998779296875,38.48500061035156,37.95000076293945,37.95500183105469
2024-09-09,38.119998931884766,38.345001220703125,37.900001525878906,38.34000015258789
2024-09-10,38.40999984741211,38.68000030517578,38.279998779296875,38.52000045776367
2024-09-11,38.525001525878906,38.68000030517578,38.07500076293945,38.63999938964844
2024-09-12,38.724998474121094,38.790000915527344,38.48500061035156,38.724998474121094
2024-09-13,38.85499954223633,39.279998779296875,38.70500183105469,39.27000045776367
2024-09-16,39.39500045776367,39.68000030517578,39.290000915527344,39.56999969482422
2024-09-17,39.59000015258789,39.689998626708984,39.40999984741211,39.540000915527344
2024-09-18,39.470001220703125,39.58000183105469,39.06999969482422,39.2400016784668
2024-09-19,39.099998474121094,39.189998626708984,38.689998626708984,39.0099983215332
2024-09-20,39.5,40.125,39.44499969482422,40.040000915527344
2024-09-23,40.01499938964844,40.20000076293945,39.869998931884766,40.165000915527344
2024-09-24,39.939998626708984,40.3849983215332,39.79499816894531,39.880001068115234
2024-09-25,40.099998474121094,40.209999084472656,39.7400016784668,40.09000015258789
2024-09-26,40.01499938964844,40.189998626708984,39.70500183105469,39.814998626708984
2024-09-27,39.97999954223633,40.31999969482422,39.939998626708984,40.209999084472656
2024-09-30,40.290000915527344,40.415000915527344,39.93000030517578,40.38999938964844
2024-10-01,40.345001220703125,40.775001525878906,40.099998474121094,40.71500015258789
2024-10-02,40.45500183105469,40.810001373291016,40.3849983215332,40.73500061035156
2024-10-03,40.959999084472656,41.029998779296875,40.619998931884766,40.720001220703125
2024-10-04,40.369998931884766,40.70000076293945,40.2400016784668,40.654998779296875
2024-10-07,40.52000045776367,40.54499816894531,39.6150016784668,39.720001220703125
2024-10-08,39.89500045776367,40.02000045776367,39.73500061035156,39.7400016784668
2024-10-09,39.630001068115234,39.75,39.17499923706055,39.400001525878906
2024-10-10,39.439998626708984,39.75,39.2599983215332,39.279998779296875
2024-10-11,39.150001525878906,39.625,39.025001525878906,39.625
2024-10-14,39.685001373291016,40.15999984741211,39.61000061035156,40.125
2024-10-15,40.29999923706055,40.599998474121094,40.2599983215332,40.30500030517578
2024-10-16,40.505001068115234,41.185001373291016,40.32500076293945,41.10499954223633
2024-10-17,41.2400016784668,41.25,40.709999084472656,40.7400016784668
2024-10-18,40.70500183105469,40.994998931884766,40.525001525878906,40.974998474121094
2024-10-21,41.06999969482422,41.189998626708984,40.654998779296875,40.814998626708984
2024-10-22,40.540000915527344,40.755001068115234,40.345001220703125,40.66999816894531
2024-10-23,40.70000076293945,41.07500076293945,40.625,41.060001373291016
2024-10-24,41.064998626708984,41.150001525878906,40.65999984741211,40.79499816894531
2024-10-25,41.0,41.03499984741211,40.15999984741211,40.189998626708984
2024-10-28,40.404998779296875,40.709999084472656,40.310001373291016,40.505001068115234
2024-10-29,40.05500030517578,40.060001373291016,39.630001068115234,39.63999938964844
2024-10-30,39.79499816894531,39.869998931884766,39.474998474121094,39.54499816894531
2024-10-31,39.64500045776367,40.25,39.6150016784668,39.95500183105469
2024-11-01,39.95000076293945,40.06999969482422,39.029998779296875,39.064998626708984
2024-11-04,38.67499923706055,38.880001068115234,38.38999938964844,38.599998474121094
2024-11-05,38.58000183105469,39.18000030517578,38.46500015258789,39.18000030517578
2024-11-06,38.67499923706055,38.94499969482422,38.40999984741211,38.775001525878906
2024-11-07,38.970001220703125,39.23500061035156,38.63999938964844,38.845001220703125
2024-11-08,39.040000915527344,39.67499923706055,39.0099983215332,39.59000015258789
2024-11-11,39.595001220703125,39.935001373291016,39.505001068115234,39.70000076293945
2024-11-12,39.58000183105469,39.66999816894531,39.05500030517578,39.244998931884766
2024-11-13,39.5,39.51499938964844,39.0099983215332,39.17499923706055
2024-11-14,39.224998474121094,39.42499923706055,38.97999954223633,39.040000915527344
2024-11-15,39.06999969482422,39.67499923706055,38.994998931884766,39.625
2024-11-18,39.59000015258789,40.08000183105469,39.540000915527344,39.970001220703125
2024-11-19,39.81999969482422,40.22999954223633,39.630001068115234,40.224998474121094
2024-11-20,40.29999923706055,40.435001373291016,40.04499816894531,40.244998931884766
2024-11-21,40.30500030517578,40.994998931884766,40.11000061035156,40.94499969482422
2024-11-22,41.07500076293945,41.1349983215332,40.709999084472656,40.724998474121094
2024-11-25,41.04999923706055,41.125,40.5,40.79999923706055
2024-11-26,40.915000915527344,41.474998474121094,40.810001373291016,41.45000076293945
2024-11-27,41.57500076293945,41.70500183105469,41.40999984741211,41.45000076293945
2024-11-29,41.584999084472656,41.6150016784668,41.375,41.46500015258789
2024-12-02,41.459999084472656,41.474998474121094,40.560001373291016,40.57500076293945
2024-12-03,40.81999969482422,40.95000076293945,40.21500015258789,40.224998474121094
2024-12-04,40.349998474121094,40.45000076293945,40.064998626708984,40.220001220703125
2024-12-05,40.26499938964844,40.56999969482422,40.15999984741211,40.345001220703125
2024-12-06,40.3650016784668,40.459999084472656,39.77000045776367,39.845001220703125
2024-12-09,39.845001220703125,39.900001525878906,39.31999969482422,39.345001220703125
2024-12-10,39.279998779296875,39.279998779296875,38.744998931884766,39.060001373291016
2024-12-11,39.165000915527344,39.19499969482422,38.744998931884766,38.814998626708984
2024-12-12,39.0,39.125,38.7599983215332,38.79499816894531
2024-12-13,38.849998474121094,39.025001525878906,38.755001068115234,38.81999969482422
2024-12-16,38.85499954223633,38.95500183105469,38.494998931884766,38.5099983215332
2024-12-17,38.27000045776367,38.5099983215332,38.19499969482422,38.349998474121094
2024-12-18,38.32500076293945,38.380001068115234,37.41999816894531,37.44499969482422
2024-12-19,37.47999954223633,38.040000915527344,37.470001220703125,37.6150016784668
2024-12-20,37.400001525878906,38.29999923706055,37.349998474121094,38.21500015258789
2024-12-23,37.80500030517578,38.060001373291016,37.435001373291016,38.029998779296875
2024-12-24,38.029998779296875,38.25,37.915000915527344,38.2400016784668
2024-12-26,38.08000183105469,38.255001068115234,37.994998931884766,38.150001525878906
2024-12-27,37.95000076293945,38.150001525878906,37.79499816894531,38.040000915527344
2024-12-30,37.869998931884766,37.974998474121094,37.53499984741211,37.880001068115234
2024-12-31,37.95500183105469,38.06999969482422,37.665000915527344,37.845001220703125
2025-01-02,38.119998931884766,38.33000183105469,37.86000061035156,38.1349983215332
2025-01-03,38.35499954223633,38.744998931884766,38.189998626708984,38.540000915527344
2025-01-06,38.540000915527344,38.56999969482422,37.98500061035156,38.11000061035156
2025-01-07,38.2400016784668,38.404998779296875,37.915000915527344,38.01499938964844
2025-01-08,37.95000076293945,38.04499816894531,37.380001068115234,38.005001068115234
2025-01-10,38.125,38.41999816894531,37.61000061035156,37.790000915527344
2025-01-13,37.75,37.790000915527344,36.95500183105469,37.349998474121094
2025-01-14,37.494998931884766,37.95500183105469,37.400001525878906,37.84000015258789
2025-01-15,38.5,38.775001525878906,38.35499954223633,38.39500045776367
2025-01-16,38.375,39.380001068115234,38.36000061035156,39.3650016784668
2025-01-17,39.34000015258789,39.599998474121094,39.21500015258789,39.41999816894531
2025-01-21,39.8650016784668,40.220001220703125,39.76499938964844,40.025001525878906
2025-01-22,40.1349983215332,40.1349983215332,39.13999938964844,39.15999984741211
2025-01-23,39.30500030517578,39.630001068115234,39.23500061035156,39.345001220703125
2025-01-24,39.28499984741211,39.86000061035156,39.20000076293945,39.744998931884766
2025-01-27,38.94499969482422,39.040000915527344,37.915000915527344,38.82500076293945
2025-01-28,38.80500030517578,38.80500030517578,37.95000076293945,38.290000915527344
2025-01-29,38.279998779296875,38.810001373291016,38.2400016784668,38.369998931884766
2025-01-30,38.814998626708984,39.22999954223633,38.779998779296875,39.16999816894531
2025-01-31,39.20500183105469,39.2400016784668,38.849998474121094,38.939998626708984
2025-02-03,38.42499923706055,39.29499816894531,38.3650016784668,39.150001525878906
2025-02-04,38.92499923706055,38.9900016784668,38.415000915527344,38.80500030517578
2025-02-05,39.189998626708984,39.459999084472656,38.869998931884766,39.19499969482422
2025-02-06,39.3650016784668,39.3650016784668,38.869998931884766,39.150001525878906
2025-02-07,39.13999938964844,39.415000915527344,39.025001525878906,39.06999969482422
2025-02-10,39.18000030517578,39.5099983215332,38.96500015258789,39.494998931884766
2025-02-11,39.34000015258789,39.71500015258789,39.0099983215332,39.69499969482422
2025-02-12,39.185001373291016,39.720001220703125,39.0099983215332,39.625
2025-02-13,39.70000076293945,39.790000915527344,39.470001220703125,39.71500015258789
2025-02-14,39.69499969482422,40.01499938964844,39.525001525878906,39.54999923706055
2025-02-18,39.71500015258789,39.98500061035156,39.58000183105469,39.91999816894531
2025-02-19,39.875,40.25,39.834999084472656,40.130001068115234
2025-02-20,40.0,40.220001220703125,39.64500045776367,40.125
2025-02-21,40.130001068115234,40.26499938964844,39.939998626708984,40.1349983215332
2025-02-24,40.25,40.255001068115234,39.755001068115234,39.935001373291016
2025-02-25,39.70000076293945,39.814998626708984,39.15999984741211,39.73500061035156
2025-02-26,39.810001373291016,40.25,39.68000030517578,39.900001525878906
2025-02-27,39.790000915527344,39.880001068115234,38.974998474121094,39.01499938964844
2025-02-28,39.27000045776367,39.625,39.060001373291016,39.61000061035156
2025-03-03,39.56999969482422,39.790000915527344,39.400001525878906,39.665000915527344
2025-03-04,39.665000915527344,39.875,38.959999084472656,39.02000045776367
2025-03-05,38.7599983215332,39.02000045776367,38.43000030517578,38.744998931884766
2025-03-06,38.44499969482422,38.47999954223633,37.83000183105469,37.939998626708984
2025-03-07,38.025001525878906,38.814998626708984,37.915000915527344,38.64500045776367
2025-03-10,38.5099983215332,39.185001373291016,38.5099983215332,39.06999969482422
2025-03-11,39.04999923706055,39.20000076293945,38.5,38.70500183105469
2025-03-12,38.70000076293945,38.92499923706055,38.349998474121094,38.584999084472656
2025-03-13,38.71500015258789,38.84000015258789,38.435001373291016,38.68000030517578
2025-03-14,38.79499816894531,39.47999954223633,38.654998779296875,39.435001373291016
2025-03-17,39.42499923706055,39.83000183105469,39.22999954223633,39.599998474121094
2025-03-18,39.3650016784668,39.435001373291016,39.06999969482422,39.32500076293945
2025-03-19,39.345001220703125,39.525001525878906,39.20500183105469,39.470001220703125
2025-03-20,39.474998474121094,39.689998626708984,39.38999938964844,39.630001068115234
2025-03-21,39.474998474121094,39.665000915527344,39.130001068115234,39.375
2025-03-24,39.25,39.560001373291016,39.04999923706055,39.084999084472656
2025-03-25,39.04499816894531,39.05500030517578,38.279998779296875,38.459999084472656
2025-03-26,38.46500015258789,38.80500030517578,38.46500015258789,38.71500015258789
2025-03-27,38.68000030517578,39.025001525878906,38.59000015258789,38.70500183105469
2025-03-28,38.939998626708984,39.23500061035156,38.869998931884766,38.9900016784668
2025-03-31,39.04999923706055,39.584999084472656,39.040000915527344,39.42499923706055
2025-04-01,39.400001525878906,39.63999938964844,39.14500045776367,39.525001525878906
2025-04-02,39.494998931884766,39.79999923706055,39.29499816894531,39.709999084472656
2025-04-03,39.65999984741211,40.10499954223633,39.40999984741211,39.459999084472656
2025-04-04,39.64500045776367,39.64500045776367,37.02000045776367,37.26499938964844
2025-04-07,36.69499969482422,37.81999969482422,35.88999938964844,36.69499969482422
2025-04-08,37.349998474121094,37.6150016784668,36.119998931884766,36.54499816894531
2025-04-09,36.22999954223633,38.084999084472656,35.5099983215332,37.98500061035156
2025-04-10,37.70000076293945,38.13999938964844,36.915000915527344,37.70000076293945
2025-04-11,37.68000030517578,38.290000915527344,37.21500015258789,38.15999984741211
2025-04-14,38.459999084472656,38.970001220703125,38.23500061035156,38.845001220703125
2025-04-15,38.93000030517578,39.185001373291016,38.790000915527344,38.84000015258789
2025-04-16,38.935001373291016,39.084999084472656,38.36000061035156,38.4900016784668
2025-04-17,38.63999938964844,39.375,38.63999938964844,38.8849983215332
2025-04-21,38.709999084472656,38.755001068115234,37.51499938964844,37.96500015258789
2025-04-22,38.369998931884766,39.084999084472656,38.34000015258789,39.0
2025-04-23,39.3849983215332,39.60499954223633,38.810001373291016,39.165000915527344
2025-04-24,39.1349983215332,39.404998779296875,38.85499954223633,39.224998474121094
2025-04-25,39.2599983215332,39.28499984741211,38.93000030517578,39.10499954223633
2025-04-28,39.125,39.42499923706055,38.85499954223633,39.345001220703125
2025-04-29,39.290000915527344,39.71500015258789,39.125,39.650001525878906
2025-04-30,39.494998931884766,39.584999084472656,38.77000045776367,39.45000076293945
2025-05-01,39.69499969482422,40.064998626708984,39.435001373291016,39.564998626708984
2025-05-02,39.709999084472656,39.994998931884766,39.494998931884766,39.875
2025-05-05,39.744998931884766,39.89500045776367,39.3849983215332,39.775001525878906
2025-05-06,39.779998779296875,40.540000915527344,39.744998931884766,40.2599983215332
2025-05-07,40.189998626708984,40.61000061035156,40.04999923706055,40.375
2025-05-08,40.39500045776367,40.494998931884766,39.994998931884766,40.04999923706055
2025-05-09,40.154998779296875,40.165000915527344,39.86000061035156,40.119998931884766
2025-05-12,40.30500030517578,40.40999984741211,39.70000076293945,39.880001068115234
2025-05-13,39.81999969482422,40.1349983215332,39.60499954223633,39.82500076293945
2025-05-14,39.7400016784668,39.755001068115234,39.05500030517578,39.650001525878906
2025-05-15,39.810001373291016,40.60499954223633,39.78499984741211,40.494998931884766
2025-05-16,40.55500030517578,41.10499954223633,40.45500183105469,41.09000015258789
2025-05-19,40.744998931884766,41.28499984741211,40.73500061035156,41.26499938964844
2025-05-20,41.20000076293945,41.525001525878906,41.20000076293945,41.3849983215332
2025-05-21,41.25,41.33000183105469,40.54999923706055,40.630001068115234
2025-05-22,40.28499984741211,40.28499984741211,39.584999084472656,40.04999923706055
2025-05-23,40.31999969482422,40.564998626708984,39.849998474121094,40.529998779296875
2025-05-27,40.845001220703125,40.939998626708984,40.525001525878906,40.834999084472656
2025-05-28,40.810001373291016,40.83000183105469,40.09000015258789,40.26499938964844
2025-05-29,40.28499984741211,40.61000061035156,40.10499954223633,40.54499816894531
2025-05-30,40.46500015258789,41.029998779296875,40.38999938964844,40.959999084472656
2025-06-02,40.78499984741211,41.14500045776367,40.619998931884766,41.09000015258789
2025-06-03,41.584999084472656,41.584999084472656,40.869998931884766,41.20000076293945
2025-06-04,41.130001068115234,41.130001068115234,40.47999954223633,40.47999954223633
2025-06-05,40.595001220703125,40.595001220703125,40.334999084472656,40.415000915527344
2025-06-06,40.619998931884766,40.665000915527344,40.25,40.595001220703125
2025-06-09,40.525001525878906,40.68000030517578,40.27000045776367,40.334999084472656
2025-06-10,40.439998626708984,40.525001525878906,40.130001068115234,40.43000030517578
2025-06-11,40.54999923706055,40.60499954223633,40.32500076293945,40.45500183105469
2025-06-12,40.47999954223633,40.970001220703125,40.459999084472656,40.94499969482422
2025-06-13,40.8849983215332,40.95500183105469,40.59000015258789,40.709999084472656
2025-06-16,40.90999984741211,41.130001068115234,40.314998626708984,40.5099983215332
2025-06-17,40.45000076293945,40.54999923706055,39.88999938964844,40.17499923706055
2025-06-18,40.27000045776367,40.47999954223633,40.06999969482422,40.279998779296875
2025-06-20,40.3650016784668,40.720001220703125,40.334999084472656,40.38999938964844
2025-06-23,40.31999969482422,40.685001373291016,40.23500061035156,40.619998931884766
2025-06-24,40.665000915527344,40.90999984741211,40.595001220703125,40.79499816894531
2025-06-25,40.70000076293945,40.70000076293945,40.17499923706055,40.25
2025-06-26,40.32500076293945,40.60499954223633,40.25,40.584999084472656
2025-06-27,40.689998626708984,40.994998931884766,40.540000915527344,40.665000915527344
2025-06-30,40.470001220703125,40.875,40.34000015258789,40.83000183105469
2025-07-01,40.814998626708984,41.0,40.34000015258789,40.970001220703125
2025-07-02,40.81999969482422,41.005001068115234,40.41999816894531,40.6150016784668
2025-07-03,40.6349983215332,41.084999084472656,40.564998626708984,40.91999816894531
2025-07-07,40.83000183105469,41.03499984741211,40.744998931884766,41.005001068115234
2025-07-08,40.720001220703125,40.720001220703125,40.17499923706055,40.56999969482422
2025-07-09,40.72999954223633,41.029998779296875,40.44499969482422,40.95000076293945
2025-07-10,40.810001373291016,41.3650016784668,40.685001373291016,41.28499984741211
2025-07-11,40.95500183105469,41.3849983215332,40.84000015258789,41.224998474121094
2025-07-14,41.19499969482422,41.525001525878906,40.970001220703125,41.38999938964844
2025-07-15,41.3849983215332,41.3849983215332,40.790000915527344,40.994998931884766
2025-07-16,41.02000045776367,41.18000030517578,40.69499969482422,41.01499938964844
2025-07-17,40.9900016784668,41.310001373291016,40.92499923706055,41.185001373291016
2025-07-18,41.31999969482422,42.02000045776367,41.26499938964844,41.875
2025-07-21,41.97999954223633,42.26499938964844,41.845001220703125,42.0099983215332
2025-07-22,42.16999816894531,42.54999923706055,42.05500030517578,42.525001525878906
2025-07-23,42.904998779296875,43.0099983215332,42.03499984741211,42.20500183105469
2025-07-24,42.2599983215332,42.349998474121094,42.040000915527344,42.150001525878906
2025-07-25,42.21500015258789,42.30500030517578,42.05500030517578,42.2599983215332
2025-07-28,42.255001068115234,42.26499938964844,41.70500183105469,41.810001373291016
2025-07-29,41.970001220703125,42.314998626708984,41.880001068115234,42.290000915527344
2025-07-30,42.415000915527344,42.98500061035156,42.375,42.60499954223633
2025-07-31,42.474998474121094,42.900001525878906,42.439998626708984,42.834999084472656
2025-08-01,42.78499984741211,43.130001068115234,42.45500183105469,42.900001525878906
2025-08-04,43.11000061035156,43.779998779296875,43.02000045776367,43.65999984741211
2025-08-05,43.67499923706055,43.834999084472656,43.064998626708984,43.19499969482422
2025-08-06,43.2599983215332,43.275001525878906,42.775001525878906,42.810001373291016
2025-08-07,42.66999816894531,43.39500045776367,42.59000015258789,43.275001525878906
2025-08-08,43.39500045776367,43.474998474121094,42.98500061035156,43.09000015258789
2025-08-11,43.20000076293945,43.22999954223633,42.744998931884766,42.95500183105469
2025-08-12,43.095001220703125,43.150001525878906,42.755001068115234,43.13999938964844
2025-08-13,43.20000076293945,43.26499938964844,42.834999084472656,43.23500061035156
2025-08-14,43.07500076293945,43.20500183105469,42.88999938964844,42.935001373291016
2025-08-15,42.869998931884766,43.04499816894531,42.54499816894531,42.810001373291016
2025-08-18,42.875,43.03499984741211,42.564998626708984,42.625
2025-08-19,42.63999938964844,43.060001373291016,42.564998626708984,43.040000915527344
2025-08-20,43.11000061035156,43.36000061035156,42.93000030517578,43.084999084472656
2025-08-21,43.09000015258789,43.310001373291016,42.66999816894531,42.790000915527344
2025-08-22,43.084999084472656,43.27000045776367,42.89500045776367,43.02000045776367
2025-08-25,42.875,43.0,42.4900016784668,42.53499984741211
2025-08-26,42.57500076293945,42.724998474121094,42.380001068115234,42.630001068115234
2025-08-27,42.630001068115234,42.7400016784668,42.5099983215332,42.63999938964844
2025-08-28,42.66999816894531,42.685001373291016,42.25,42.314998626708984
2025-08-29,42.290000915527344,42.380001068115234,42.095001220703125,42.15999984741211
2025-09-02,42.0,42.06999969482422,41.755001068115234,42.02000045776367
2025-09-03,41.875,41.994998931884766,41.689998626708984,41.915000915527344
2025-09-04,42.209999084472656,42.31999969482422,41.64500045776367,41.8650016784668
2025-09-05,41.974998474121094,42.07500076293945,41.404998779296875,41.73500061035156
2025-09-08,41.7599983215332,41.779998779296875,41.150001525878906,41.310001373291016
2025-09-09,41.29999923706055,41.73500061035156,41.224998474121094,41.595001220703125
2025-09-10,41.744998931884766,42.380001068115234,41.744998931884766,42.310001373291016
2025-09-11,42.255001068115234,42.564998626708984,42.19499969482422,42.53499984741211
2025-09-12,42.415000915527344,42.875,42.34000015258789,42.75
2025-09-15,42.755001068115234,43.04999923706055,42.755001068115234,42.849998474121094
2025-09-16,42.775001525878906,42.790000915527344,42.04999923706055,42.06999969482422
2025-09-17,42.345001220703125,42.53499984741211,42.09000015258789,42.17499923706055
2025-09-18,42.099998474121094,42.474998474121094,41.90999984741211,42.20500183105469
2025-09-19,42.310001373291016,42.64500045776367,42.084999084472656,42.474998474121094
2025-09-22,42.209999084472656,42.69499969482422,42.11000061035156,42.599998474121094
2025-09-23,42.53499984741211,42.88999938964844,42.45500183105469,42.81999969482422
2025-09-24,42.900001525878906,43.20000076293945,42.775001525878906,43.125
2025-09-25,43.084999084472656,43.17499923706055,42.709999084472656,42.709999084472656
2025-09-26,42.85499954223633,43.41999816894531,42.814998626708984,43.404998779296875
2025-09-29,43.3849983215332,43.599998474121094,43.08000183105469,43.529998779296875
2025-09-30,43.584999084472656,43.775001525878906,43.29499816894531,43.60499954223633
2025-10-01,43.689998626708984,44.119998931884766,43.6349983215332,44.025001525878906
2025-10-02,43.90999984741211,43.959999084472656,43.619998931884766,43.94499969482422
2025-10-03,44.08000183105469,44.8650016784668,44.04499816894531,44.45500183105469
2025-10-06,44.71500015258789,44.935001373291016,44.40999984741211,44.8849983215332
2025-10-07,45.06999969482422,45.28499984741211,44.95000076293945,45.09000015258789
2025-10-08,45.40999984741211,45.46500015258789,45.064998626708984,45.400001525878906
2025-10-09,45.54999923706055,45.685001373291016,45.19499969482422,45.28499984741211
2025-10-10,45.435001373291016,45.685001373291016,45.04999923706055,45.099998474121094
2025-10-13,45.130001068115234,45.654998779296875,45.11000061035156,45.44499969482422
2025-10-14,45.3650016784668,46.0,45.290000915527344,45.849998474121094
2025-10-15,46.05500030517578,46.59000015258789,46.05500030517578,46.45000076293945
2025-10-16,46.59000015258789,46.8849983215332,45.935001373291016,45.94499969482422
2025-10-17,46.029998779296875,46.095001220703125,45.59000015258789,45.78499984741211
2025-10-20,46.1349983215332,46.244998931884766,45.595001220703125,45.77000045776367
2025-10-21,45.814998626708984,45.869998931884766,45.084999084472656,45.30500030517578
2025-10-22,45.404998779296875,45.43000030517578,44.98500061035156,45.20000076293945
2025-10-23,45.494998931884766,45.52000045776367,44.915000915527344,45.165000915527344
2025-10-24,45.42499923706055,45.91999816894531,45.380001068115234,45.69499969482422
2025-10-27,45.69499969482422,45.8650016784668,45.2599983215332,45.81999969482422
2025-10-28,45.98500061035156,45.98500061035156,45.0099983215332,45.064998626708984
2025-10-29,45.060001373291016,45.35499954223633,44.8650016784668,45.04999923706055
2025-10-30,45.0,45.42499923706055,44.845001220703125,44.86000061035156
2025-10-31,44.65999984741211,44.790000915527344,44.314998626708984,44.54999923706055
2025-11-03,44.51499938964844,44.70000076293945,44.05500030517578,44.57500076293945
2025-11-04,44.55500030517578,44.59000015258789,44.224998474121094,44.415000915527344
2025-11-05,44.404998779296875,44.6349983215332,44.220001220703125,44.42499923706055
2025-11-06,44.345001220703125,44.68000030517578,44.209999084472656,44.22999954223633
2025-11-07,44.04999923706055,44.85499954223633,44.04999923706055,44.845001220703125
2025-11-10,44.974998474121094,45.18000030517578,44.44499969482422,44.83000183105469
2025-11-11,44.849998474121094,45.029998779296875,44.60499954223633,44.85499954223633
2025-11-12,44.8849983215332,45.0,44.709999084472656,44.959999084472656
2025-11-13,44.845001220703125,44.845001220703125,44.30500030517578,44.34000015258789
2025-11-14,44.21500015258789,44.720001220703125,44.11000061035156,44.380001068115234
2025-11-17,44.46500015258789,44.93000030517578,44.41999816894531,44.779998779296875
2025-11-18,44.81999969482422,45.03499984741211,44.595001220703125,44.61000061035156
2025-11-19,44.64500045776367,44.77000045776367,44.13999938964844,44.23500061035156
2025-11-20,44.584999084472656,44.86000061035156,43.97999954223633,44.0099983215332
2025-11-21,44.19499969482422,44.25,43.7599983215332,44.07500076293945
2025-11-24,44.13999938964844,44.689998626708984,43.8650016784668,44.57500076293945
2025-11-25,44.689998626708984,44.7599983215332,44.224998474121094,44.404998779296875
2025-11-26,44.64500045776367,45.04999923706055,44.560001373291016,44.994998931884766
2025-11-28,45.06999969482422,45.349998474121094,45.025001525878906,45.314998626708984
2025-12-01,45.060001373291016,45.060001373291016,44.22999954223633,44.255001068115234
2025-12-02,44.459999084472656,44.459999084472656,43.8849983215332,43.939998626708984
2025-12-03,43.974998474121094,44.099998474121094,43.630001068115234,43.79999923706055
2025-12-04,43.775001525878906,44.060001373291016,43.560001373291016,43.709999084472656
2025-12-05,43.720001220703125,43.779998779296875,43.279998779296875,43.29999923706055
2025-12-08,43.380001068115234,43.40999984741211,42.65999984741211,42.720001220703125
2025-12-09,42.95000076293945,43.16999816894531,42.72999954223633,42.75
2025-12-10,42.79999923706055,42.83000183105469,42.41999816894531,42.72999954223633
2025-12-11,42.650001525878906,43.150001525878906,42.650001525878906,43.040000915527344
2025-12-12,43.16999816894531,43.380001068115234,42.77000045776367,42.83000183105469
2025-12-15,43.11000061035156,43.290000915527344,42.83000183105469,43.220001220703125
2025-12-16,43.20000076293945,43.310001373291016,42.779998779296875,43.040000915527344
2025-12-17,43.060001373291016,43.13999938964844,42.540000915527344,42.7599983215332
2025-12-18,43.029998779296875,43.41999816894531,42.970001220703125,43.18000030517578
2025-12-19,43.119998931884766,43.369998931884766,42.599998474121094,42.630001068115234
2025-12-22,42.290000915527344,42.529998779296875,42.029998779296875,42.470001220703125
2025-12-23,42.400001525878906,42.75,42.380001068115234,42.619998931884766
2025-12-24,42.61000061035156,42.86000061035156,42.54999923706055,42.810001373291016
2025-12-26,42.790000915527344,42.869998931884766,42.630001068115234,42.779998779296875
2025-12-29,42.810001373291016,43.11000061035156,42.77000045776367,42.86000061035156
2025-12-30,42.880001068115234,43.040000915527344,42.810001373291016,42.959999084472656
2025-12-31,42.970001220703125,43.0099983215332,42.68000030517578,42.689998626708984
2026-01-02,42.88999938964844,43.38999938964844,42.65999984741211,43.18000030517578
2026-01-05,43.189998626708984,43.290000915527344,42.060001373291016,42.70000076293945
2026-01-06,42.75,42.959999084472656,42.52000045776367,42.90999984741211
2026-01-07,42.95000076293945,42.970001220703125,41.7400016784668,41.869998931884766
2026-01-08,41.81999969482422,42.290000915527344,41.810001373291016,41.9900016784668
2026-01-09,42.52000045776367,42.88999938964844,42.4900016784668,42.5099983215332
2026-01-12,42.380001068115234,42.709999084472656,42.29999923706055,42.58000183105469
2026-01-13,42.619998931884766,42.959999084472656,42.41999816894531,42.849998474121094
2026-01-14,42.810001373291016,43.31999969482422,42.77000045776367,43.16999816894531
2026-01-15,43.31999969482422,43.81999969482422,43.31999969482422,43.61000061035156
2026-01-16,43.16999816894531,43.52000045776367,42.939998626708984,43.38999938964844
2026-01-20,43.119998931884766,43.36000061035156,42.83000183105469,42.959999084472656
2026-01-21,43.310001373291016,43.310001373291016,42.689998626708984,43.02000045776367
2026-01-22,43.20000076293945,43.27000045776367,42.599998474121094,42.709999084472656
2026-01-23,42.709999084472656,42.75,42.29999923706055,42.560001373291016
2026-01-26,42.70000076293945,43.18000030517578,42.65999984741211,42.869998931884766
2026-01-27,42.81999969482422,43.54999923706055,42.599998474121094,43.43000030517578
2026-01-28,43.5,43.66999816894531,43.130001068115234,43.33000183105469
2026-01-29,43.5099983215332,43.77000045776367,43.08000183105469,43.33000183105469
2026-01-30,43.22999954223633,43.380001068115234,42.77000045776367,43.25
2026-02-02,43.29999923706055,43.47999954223633,42.54999923706055,42.619998931884766
2026-02-03,42.65999984741211,43.41999816894531,42.65999984741211,43.2400016784668
2026-02-04,43.470001220703125,43.650001525878906,42.9900016784668,43.08000183105469
2026-02-05,43.220001220703125,43.369998931884766,42.869998931884766,43.099998474121094
2026-02-06,43.4900016784668,43.86000061035156,42.97999954223633,43.349998474121094
2026-02-09,43.369998931884766,43.54999923706055,43.060001373291016,43.47999954223633
2026-02-10,43.75,44.529998779296875,43.560001373291016,44.20000076293945
2026-02-11,44.36000061035156,44.630001068115234,44.13999938964844,44.59000015258789
2026-02-12,44.790000915527344,45.7400016784668,44.7400016784668,45.25
2026-02-13,45.20000076293945,46.599998474121094,45.20000076293945,46.5
2026-02-17,46.79999923706055,47.08000183105469,46.2400016784668,46.380001068115234
2026-02-18,46.61000061035156,46.61000061035156,45.5099983215332,45.61000061035156
2026-02-19,45.779998779296875,46.18000030517578,45.68000030517578,46.11000061035156
2026-02-20,46.29999923706055,46.4900016784668,45.880001068115234,46.33000183105469
2026-02-23,46.470001220703125,46.959999084472656,46.369998931884766,46.68000030517578
2026-02-24,46.63999938964844,47.22999954223633,46.290000915527344,47.20000076293945
2026-02-25,47.209999084472656,47.43000030517578,46.599998474121094,47.36000061035156
2026-02-26,47.27000045776367,47.38999938964844,46.90999984741211,47.18000030517578
2026-02-27,47.20000076293945,47.79999923706055,47.130001068115234,47.72999954223633
2026-03-02,47.40999984741211,47.7400016784668,47.36000061035156,47.369998931884766
2026-03-03,46.70000076293945,47.45000076293945,45.959999084472656,47.06999969482422
2026-03-04,47.09000015258789,47.41999816894531,46.7599983215332,47.27000045776367
2026-03-05,46.95000076293945,47.02000045776367,46.470001220703125,46.900001525878906
2026-03-06,46.630001068115234,46.959999084472656,46.34000015258789,46.7400016784668
2026-03-09,46.560001373291016,46.95000076293945,46.040000915527344,46.849998474121094
2026-03-10,46.63999938964844,47.040000915527344,46.470001220703125,46.560001373291016
2026-03-11,46.5,46.560001373291016,46.0,46.16999816894531
2026-03-12,46.0,47.040000915527344,45.959999084472656,46.5
2026-03-13,46.970001220703125,47.31999969482422,46.86000061035156,46.959999084472656
2026-03-16,47.45000076293945,47.5,46.95000076293945,47.2599983215332
2026-03-17,47.52000045776367,47.63999938964844,47.08000183105469,47.130001068115234
2026-03-18,46.95000076293945,47.150001525878906,46.72999954223633,46.72999954223633
2026-03-19,46.650001525878906,46.900001525878906,46.040000915527344,46.540000915527344
2026-03-20,46.459999084472656,46.65999984741211,44.43000030517578,44.650001525878906
2026-03-23,44.93000030517578,45.189998626708984,44.56999969482422,44.779998779296875
2026-03-24,44.560001373291016,45.540000915527344,44.4900016784668,45.09000015258789
2026-03-25,45.52000045776367,45.650001525878906,45.209999084472656,45.25
2026-03-26,45.2400016784668,45.47999954223633,45.02000045776367,45.33000183105469
2026-03-27,45.369998931884766,46.08000183105469,45.29999923706055,45.59000015258789
2026-03-30,46.16999816894531,46.34000015258789,45.7599983215332,45.91999816894531
2026-03-31,45.849998474121094,45.95000076293945,45.2599983215332,45.88999938964844
2026-04-01,45.779998779296875,46.279998779296875,45.70000076293945,46.11000061035156
2026-04-02,46.040000915527344,46.59000015258789,45.90999984741211,46.34000015258789
2026-04-06,46.150001525878906,46.5,46.09000015258789,46.16999816894531
2026-04-07,46.060001373291016,46.43000030517578,46.040000915527344,46.27000045776367
2026-04-08,46.290000915527344,46.779998779296875,45.97999954223633,46.779998779296875
2026-04-09,46.65999984741211,47.709999084472656,46.619998931884766,47.150001525878906
2026-04-10,47.060001373291016,47.459999084472656,46.869998931884766,46.959999084472656
2026-04-13,46.84000015258789,46.880001068115234,46.119998931884766,46.38999938964844
2026-04-14,46.400001525878906,46.560001373291016,45.900001525878906,46.470001220703125
2026-04-15,46.310001373291016,46.31999969482422,45.880001068115234,46.02000045776367
2026-04-16,46.0,46.369998931884766,45.84000015258789,46.349998474121094
2026-04-17,46.22999954223633,46.279998779296875,45.63999938964844,46.15999984741211
2026-04-20,46.119998931884766,46.34000015258789,45.650001525878906,45.75
2026-04-21,45.90999984741211,45.95000076293945,44.90999984741211,44.95000076293945
2026-04-22,45.34000015258789,45.619998931884766,44.709999084472656,44.869998931884766
2026-04-23,45.369998931884766,46.13999938964844,45.20000076293945,46.09000015258789
2026-04-24,46.029998779296875,46.29999923706055,45.7400016784668,46.18000030517578
2026-04-27,46.369998931884766,46.5,46.16999816894531,46.189998626708984
2026-04-28,46.439998626708984,46.52000045776367,46.040000915527344,46.25
2026-04-29,46.06999969482422,46.27000045776367,45.560001373291016,45.68000030517578
2026-04-30,45.849998474121094,46.88999938964844,45.849998474121094,46.849998474121094
2026-05-01,46.84000015258789,47.29999923706055,46.52000045776367,46.54999923706055
2026-05-04,46.2599983215332,46.849998474121094,46.09000015258789,46.369998931884766
2026-05-05,46.529998779296875,46.81999969482422,46.36000061035156,46.369998931884766
2026-05-06,46.279998779296875,46.380001068115234,45.63999938964844,45.709999084472656
2026-05-07,45.619998931884766,45.68000030517578,45.0,45.119998931884766
2026-05-08,45.36000061035156,45.5099983215332,44.689998626708984,44.720001220703125
2026-05-11,45.099998474121094,45.310001373291016,44.83000183105469,45.13999938964844
2026-05-12,45.060001373291016,45.380001068115234,44.79999923706055,45.189998626708984
2026-05-13,44.79999923706055,44.81999969482422,44.36000061035156,44.66999816894531
2026-05-14,44.630001068115234,44.91999816894531,44.54999923706055,44.900001525878906
2026-05-15,44.709999084472656,44.77000045776367,43.83000183105469,43.869998931884766
2026-05-18,44.06999969482422,44.209999084472656,43.529998779296875,43.939998626708984
2026-05-19,43.81999969482422,44.40999984741211,43.619998931884766,44.34000015258789
2026-05-20,44.65999984741211,44.86000061035156,44.40999984741211,44.5099983215332
2026-05-21,44.54999923706055,45.0099983215332,44.439998626708984,45.0
2026-05-22,45.060001373291016,45.439998626708984,44.91999816894531,45.349998474121094
2026-05-26,45.59000015258789,45.63999938964844,45.33000183105469,45.33000183105469
2026-05-27,45.25,45.369998931884766,44.95000076293945,45.13999938964844
2026-05-28,45.029998779296875,45.27000045776367,44.58000183105469,44.630001068115234
2026-05-29,44.66999816894531,44.720001220703125,44.25,44.41999816894531
2026-06-01,43.900001525878906,43.959999084472656,43.06999969482422,43.099998474121094
2026-06-02,43.209999084472656,43.959999084472656,43.18000030517578,43.900001525878906
2026-06-03,43.959999084472656,44.47999954223633,43.68000030517578,43.709999084472656
2026-06-04,43.869998931884766,44.11000061035156,43.34000015258789,43.939998626708984
2026-06-05,44.040000915527344,44.619998931884766,43.970001220703125,44.349998474121094
2026-06-08,44.31999969482422,44.380001068115234,43.470001220703125,43.52000045776367
2026-06-09,43.63999938964844,44.08000183105469,43.470001220703125,43.97999954223633
2026-06-10,44.220001220703125,44.279998779296875,43.790000915527344,44.0
2026-06-11,44.220001220703125,44.52000045776367,44.0099983215332,44.04999923706055
2026-06-12,44.189998626708984,44.61000061035156,44.189998626708984,44.529998779296875
2026-06-15,44.47999954223633,45.0,44.189998626708984,44.7400016784668
2026-06-16,44.84000015258789,45.5,44.7599983215332,45.060001373291016
2026-06-17,44.81999969482422,45.16999816894531,44.2400016784668,44.459999084472656
2026-06-18,44.599998474121094,45.34000015258789,44.529998779296875,44.7599983215332
2026-06-22,44.47999954223633,44.970001220703125,44.43000030517578,44.720001220703125
2026-06-23,44.75,45.20000076293945,44.459999084472656,45.06999969482422
2026-06-24,45.290000915527344,45.599998474121094,45.09000015258789,45.540000915527344
2026-06-25,45.65999984741211,46.189998626708984,45.5,45.849998474121094
2026-06-26,46.0,46.22999954223633,45.88999938964844,46.20000076293945
2026-06-29,46.20000076293945,46.310001373291016,45.77000045776367,46.02000045776367
2026-06-30,45.86000061035156,45.95000076293945,45.31999969482422,45.34000015258789
2026-07-01,45.2400016784668,45.36000061035156,44.63999938964844,44.77000045776367
2026-07-02,45.029998779296875,45.79999923706055,45.0,45.7599983215332
2026-07-06,45.709999084472656,45.83000183105469,45.11000061035156,45.29999923706055
2026-07-07,45.630001068115234,46.31999969482422,45.529998779296875,45.70000076293945
2026-07-08,45.7400016784668,45.81999969482422,45.310001373291016,45.36000061035156
2026-07-09,45.560001373291016,45.65999984741211,45.040000915527344,45.130001068115234
2026-07-10,45.119998931884766,45.47999954223633,45.09000015258789,45.40999984741211
2026-07-13,45.45000076293945,45.880001068115234,45.43000030517578,45.720001220703125
2026-07-14,45.93000030517578,46.279998779296875,45.81999969482422,45.839900970458984
