Date,Open,High,Low,Close
2018-01-02,83.81999969482422,85.19999694824219,83.66000366210938,85.02999877929688
2018-01-03,85.16000366210938,86.97000122070312,84.81999969482422,86.69999694824219
2018-01-04,86.79000091552734,87.22000122070312,86.43000030517578,86.81999969482422
2018-01-05,86.75,86.87999725341797,85.70999908447266,86.75
2018-01-08,86.69999694824219,87.1500015258789,86.5999984741211,87.13999938964844
2018-01-09,86.94000244140625,87.1500015258789,86.6500015258789,86.7699966430664
2018-01-10,87.0,87.19000244140625,85.9800033569336,86.08000183105469
2018-01-11,86.36000061035156,87.37000274658203,85.93000030517578,86.93000030517578
2018-01-12,87.19999694824219,87.98999786376953,87.18000030517578,87.5199966430664
2018-01-16,87.73999786376953,87.76000213623047,86.5999984741211,86.97000122070312
2018-01-17,87.19999694824219,88.20999908447266,86.93000030517578,88.0
2018-01-18,87.7699966430664,88.19000244140625,87.33999633789062,87.43000030517578
2018-01-19,87.56999969482422,87.76000213623047,86.61000061035156,87.1500015258789
2018-01-22,87.16999816894531,88.29000091552734,87.05000305175781,88.25
2018-01-23,88.25,88.45999908447266,87.73999786376953,88.30000305175781
2018-01-24,88.48999786376953,88.91999816894531,88.01000213623047,88.52999877929688
2018-01-25,88.55000305175781,88.87000274658203,88.19999694824219,88.37000274658203
2018-01-26,88.63999938964844,89.0,88.47000122070312,89.0
2018-01-29,88.58999633789062,89.30000305175781,87.94999694824219,88.01000213623047
2018-01-30,87.54000091552734,88.37999725341797,86.77999877929688,86.77999877929688
2018-01-31,86.55999755859375,87.47000122070312,86.33000183105469,87.30000305175781
2018-02-01,87.5,89.25,87.3499984741211,89.06999969482422
2018-02-02,85.12999725341797,86.01000213623047,83.0,84.52999877929688
2018-02-05,83.27999877929688,83.98999786376953,78.12999725341797,79.72000122070312
2018-02-06,78.51000213623047,80.3499984741211,76.9000015258789,78.3499984741211
2018-02-07,78.44000244140625,79.41000366210938,76.91999816894531,76.94000244140625
2018-02-08,77.44000244140625,77.58000183105469,76.02999877929688,76.06999969482422
2018-02-09,76.25,76.4800033569336,73.9000015258789,75.77999877929688
2018-02-12,77.05000305175781,77.62000274658203,75.83999633789062,76.41999816894531
2018-02-13,76.0999984741211,76.75,75.7300033569336,76.30000305175781
2018-02-14,75.79000091552734,76.66000366210938,75.16999816894531,76.45999908447266
2018-02-15,76.62000274658203,76.69999694824219,75.44999694824219,76.20999908447266
2018-02-16,76.1500015258789,77.12000274658203,75.8499984741211,76.54000091552734
2018-02-20,76.47000122070312,77.47000122070312,75.45999908447266,75.75
2018-02-21,75.81999969482422,76.44000244140625,74.87000274658203,74.88999938964844
2018-02-22,75.30000305175781,76.83999633789062,75.19000244140625,75.86000061035156
2018-02-23,76.08999633789062,77.62000274658203,75.94999694824219,77.52999877929688
2018-02-26,77.73999786376953,78.93000030517578,77.55999755859375,78.83999633789062
2018-02-27,79.0,79.87000274658203,77.5,77.5
2018-02-28,78.16000366210938,78.25,75.69999694824219,75.73999786376953
2018-03-01,75.52999877929688,76.68000030517578,74.86000061035156,75.19999694824219
2018-03-02,74.88999938964844,75.87000274658203,74.4800033569336,75.55000305175781
2018-03-05,75.2300033569336,76.55999755859375,75.12000274658203,76.2699966430664
2018-03-06,76.66999816894531,76.9800033569336,75.86000061035156,76.18000030517578
2018-03-07,75.0,75.23999786376953,73.55999755859375,74.26000213623047
2018-03-08,74.5,74.7699966430664,73.69000244140625,74.12000274658203
2018-03-09,74.81999969482422,75.05999755859375,74.20999908447266,74.55999755859375
2018-03-12,74.87000274658203,75.58000183105469,74.69000244140625,75.23999786376953
2018-03-13,75.33000183105469,75.81999969482422,74.25,74.52999877929688
2018-03-14,74.63999938964844,74.79000091552734,73.52999877929688,73.5999984741211
2018-03-15,74.3499984741211,75.0,74.0999984741211,74.41999816894531
2018-03-16,74.36000061035156,75.12000274658203,74.36000061035156,75.12000274658203
2018-03-19,75.0,75.01000213623047,73.86000061035156,74.1500015258789
2018-03-20,74.22000122070312,74.69999694824219,73.94999694824219,73.98999786376953
2018-03-21,74.2300033569336,75.63999938964844,73.9800033569336,75.04000091552734
2018-03-22,74.41999816894531,74.69999694824219,73.38999938964844,73.5
2018-03-23,73.80999755859375,74.20999908447266,72.66999816894531,72.88999938964844
2018-03-26,73.6500015258789,74.1500015258789,72.75,74.0
2018-03-27,74.0,74.88999938964844,73.27999877929688,73.69999694824219
2018-03-28,73.73999786376953,74.01000213623047,72.77999877929688,72.80999755859375
2018-03-29,73.33000183105469,74.88999938964844,73.26000213623047,74.61000061035156
2018-04-02,74.2699966430664,74.4000015258789,72.16000366210938,73.22000122070312
2018-04-03,73.44999694824219,75.13999938964844,73.0999984741211,75.0199966430664
2018-04-04,74.05000305175781,75.05999755859375,73.44000244140625,74.87000274658203
2018-04-05,75.05999755859375,76.31999969482422,75.0199966430664,76.0199966430664
2018-04-06,75.63999938964844,76.12000274658203,74.22000122070312,74.87000274658203
2018-04-09,75.22000122070312,75.79000091552734,74.80000305175781,74.87000274658203
2018-04-10,76.08000183105469,77.7699966430664,76.05999755859375,77.06999969482422
2018-04-11,77.11000061035156,78.04000091552734,76.75,77.43000030517578
2018-04-12,77.86000061035156,78.13999938964844,77.01000213623047,77.22000122070312
2018-04-13,77.80000305175781,78.19000244140625,77.5999984741211,77.83999633789062
2018-04-16,78.12000274658203,79.08000183105469,77.70999908447266,78.54000091552734
2018-04-17,78.54000091552734,78.76000213623047,78.04000091552734,78.33000183105469
2018-04-18,79.04000091552734,79.76000213623047,78.94000244140625,79.22000122070312
2018-04-19,79.31999969482422,79.81999969482422,78.80999755859375,79.41999816894531
2018-04-20,79.31999969482422,79.4000015258789,78.33000183105469,79.0
2018-04-23,78.91999816894531,79.5999984741211,78.75,79.56999969482422
2018-04-24,79.80000305175781,79.93000030517578,77.97000122070312,78.3499984741211
2018-04-25,78.19999694824219,79.62000274658203,77.48999786376953,79.5
2018-04-26,79.5999984741211,80.9000015258789,79.52999877929688,80.86000061035156
2018-04-27,76.94999694824219,78.6500015258789,76.4800033569336,77.79000091552734
2018-04-30,77.91000366210938,78.55999755859375,77.73999786376953,77.75
2018-05-01,77.26000213623047,77.26000213623047,75.9800033569336,76.94999694824219
2018-05-02,76.44999694824219,77.2300033569336,76.30000305175781,76.80000305175781
2018-05-03,76.38999938964844,76.61000061035156,75.4000015258789,76.54000091552734
2018-05-04,76.12999725341797,77.22000122070312,75.94000244140625,76.9000015258789
2018-05-07,77.73999786376953,79.08000183105469,77.4000015258789,77.73999786376953
2018-05-08,77.80000305175781,78.16000366210938,76.37000274658203,78.08999633789062
2018-05-09,78.9800033569336,80.23999786376953,78.94999694824219,79.93000030517578
2018-05-10,80.63999938964844,81.79000091552734,80.5,81.72000122070312
2018-05-11,81.18000030517578,81.97000122070312,80.91000366210938,81.27999877929688
2018-05-14,81.69999694824219,82.31999969482422,81.61000061035156,81.83000183105469
2018-05-15,81.8499984741211,82.02999877929688,81.4000015258789,81.79000091552734
2018-05-16,81.76000213623047,82.05000305175781,81.16999816894531,82.0199966430664
2018-05-17,82.19999694824219,82.27999877929688,81.44000244140625,81.87999725341797
2018-05-18,81.55000305175781,81.80000305175781,81.26000213623047,81.30000305175781
2018-05-21,81.7300033569336,82.3499984741211,81.5199966430664,82.27999877929688
2018-05-22,82.44000244140625,82.6500015258789,81.3499984741211,81.63999938964844
2018-05-23,80.94999694824219,82.2300033569336,80.56999969482422,82.1500015258789
2018-05-24,81.3499984741211,81.36000061035156,79.94999694824219,80.2699966430664
2018-05-25,79.27999877929688,79.33000183105469,78.08999633789062,78.70999908447266
2018-05-29,78.1500015258789,78.7300033569336,77.52999877929688,78.41999816894531
2018-05-30,79.25,81.66000366210938,79.22000122070312,81.5
2018-05-31,80.80999755859375,81.55000305175781,80.69000244140625,81.23999786376953
2018-06-01,81.87000274658203,82.3499984741211,81.55000305175781,81.83000183105469
2018-06-04,82.05000305175781,82.52999877929688,80.80999755859375,80.97000122070312
2018-06-05,80.58999633789062,81.6500015258789,80.41000366210938,80.68000030517578
2018-06-06,81.4800033569336,82.08999633789062,80.87000274658203,82.05999755859375
2018-06-07,82.7300033569336,83.29000091552734,82.55999755859375,82.87999725341797
2018-06-08,83.11000061035156,83.66000366210938,82.5,83.5999984741211
2018-06-11,83.72000122070312,83.79000091552734,82.93000030517578,83.0999984741211
2018-06-12,83.11000061035156,83.75,82.31999969482422,82.41999816894531
2018-06-13,82.44000244140625,82.5999984741211,81.47000122070312,81.51000213623047
2018-06-14,81.94000244140625,82.30000305175781,81.5,81.88999938964844
2018-06-15,81.72000122070312,81.81999969482422,80.51000213623047,80.66000366210938
2018-06-18,80.4000015258789,81.37999725341797,80.30000305175781,80.81999969482422
2018-06-19,79.88999938964844,80.95999908447266,79.70999908447266,80.69999694824219
2018-06-20,80.8499984741211,81.12999725341797,80.2699966430664,80.44999694824219
2018-06-21,80.0199966430664,80.37999725341797,79.33000183105469,79.69000244140625
2018-06-22,81.16000366210938,81.94000244140625,80.91999816894531,81.37999725341797
2018-06-25,80.77999877929688,81.23999786376953,79.30000305175781,79.73999786376953
2018-06-26,80.1500015258789,81.01000213623047,79.97000122070312,80.63999938964844
2018-06-27,81.05999755859375,82.4800033569336,81.05999755859375,81.70999908447266
2018-06-28,81.7300033569336,82.06999969482422,81.02999877929688,81.97000122070312
2018-06-29,82.44999694824219,83.54000091552734,82.29000091552734,82.7300033569336
2018-07-02,81.88999938964844,82.12999725341797,81.31999969482422,81.76000213623047
2018-07-03,82.58000183105469,83.44999694824219,82.08000183105469,82.23999786376953
2018-07-05,82.58999633789062,82.7699966430664,82.05000305175781,82.30999755859375
2018-07-06,81.95999908447266,82.69999694824219,81.66000366210938,82.33000183105469
2018-07-09,82.80999755859375,83.12999725341797,82.55999755859375,82.9000015258789
2018-07-10,83.69999694824219,84.12000274658203,83.51000213623047,83.66000366210938
2018-07-11,83.02999877929688,83.52999877929688,82.02999877929688,82.58999633789062
2018-07-12,83.01000213623047,83.23999786376953,82.30999755859375,82.69000244140625
2018-07-13,82.68000030517578,83.75,82.55999755859375,83.30999755859375
2018-07-16,82.5199966430664,82.79000091552734,82.0,82.48999786376953
2018-07-17,82.26000213623047,82.75,82.04000091552734,82.30999755859375
2018-07-18,81.80000305175781,82.31999969482422,81.48999786376953,82.22000122070312
2018-07-19,82.19999694824219,82.62000274658203,81.72000122070312,82.01000213623047
2018-07-20,81.72000122070312,81.93000030517578,81.25,81.4000015258789
2018-07-23,81.94999694824219,82.0,81.18000030517578,81.4000015258789
2018-07-24,81.5199966430664,83.0199966430664,81.4800033569336,83.01000213623047
2018-07-25,83.01000213623047,83.73999786376953,82.51000213623047,83.58999633789062
2018-07-26,83.83000183105469,84.4000015258789,83.37000274658203,84.23999786376953
2018-07-27,80.97000122070312,82.37999725341797,80.80999755859375,81.91999816894531
2018-07-30,82.12999725341797,82.12999725341797,80.70999908447266,81.73999786376953
2018-07-31,81.63999938964844,82.1500015258789,81.44000244140625,81.51000213623047
2018-08-01,80.88999938964844,80.93000030517578,80.22000122070312,80.38999938964844
2018-08-02,79.88999938964844,80.26000213623047,79.44999694824219,79.91000366210938
2018-08-03,79.97000122070312,80.30000305175781,79.62999725341797,80.19999694824219
2018-08-06,80.25,80.43000030517578,79.73999786376953,80.18000030517578
2018-08-07,80.91000366210938,81.58999633789062,80.30999755859375,81.2699966430664
2018-08-08,81.0199966430664,81.2300033569336,80.3499984741211,80.7300033569336
2018-08-09,80.7300033569336,80.91000366210938,80.11000061035156,80.31999969482422
2018-08-10,79.51000213623047,79.5199966430664,78.86000061035156,79.41999816894531
2018-08-13,79.44999694824219,79.75,78.43000030517578,78.55999755859375
2018-08-14,78.98999786376953,79.06999969482422,78.08000183105469,78.30999755859375
2018-08-15,77.77999877929688,77.9000015258789,76.51000213623047,76.94000244140625
2018-08-16,77.27999877929688,78.0999984741211,77.19999694824219,78.0
2018-08-17,78.33999633789062,78.48999786376953,77.80000305175781,78.26000213623047
2018-08-20,78.26000213623047,79.0,78.16999816894531,78.80999755859375
2018-08-21,79.05000305175781,79.58000183105469,78.66999816894531,78.83000183105469
2018-08-22,79.11000061035156,80.05000305175781,79.0199966430664,79.95999908447266
2018-08-23,79.55999755859375,79.62999725341797,78.9000015258789,79.08000183105469
2018-08-24,79.5199966430664,80.05000305175781,79.41999816894531,79.62000274658203
2018-08-27,79.91000366210938,80.47000122070312,79.86000061035156,80.4000015258789
2018-08-28,80.58000183105469,80.81999969482422,80.19999694824219,80.27999877929688
2018-08-29,80.44000244140625,81.04000091552734,80.0999984741211,80.86000061035156
2018-08-30,80.44999694824219,80.77999877929688,80.12000274658203,80.51000213623047
2018-08-31,80.23999786376953,80.45999908447266,79.7699966430664,80.16999816894531
2018-09-04,80.41000366210938,80.69000244140625,79.80999755859375,80.29000091552734
2018-09-05,79.9000015258789,81.43000030517578,79.5999984741211,81.36000061035156
2018-09-06,81.11000061035156,81.63999938964844,80.33999633789062,80.45999908447266
2018-09-07,80.1500015258789,81.93000030517578,79.81999969482422,81.83000183105469
2018-09-10,82.23999786376953,82.73999786376953,81.66000366210938,81.70999908447266
2018-09-11,81.95999908447266,83.19000244140625,81.62999725341797,82.86000061035156
2018-09-12,83.25,83.77999877929688,82.87000274658203,83.12999725341797
2018-09-13,83.1500015258789,83.25,82.01000213623047,82.31999969482422
2018-09-14,82.41999816894531,83.1500015258789,82.2699966430664,82.91999816894531
2018-09-17,83.0,83.61000061035156,82.98999786376953,83.41000366210938
2018-09-18,83.9000015258789,84.12999725341797,83.44999694824219,83.62999725341797
2018-09-19,83.63999938964844,84.7699966430664,83.63999938964844,84.62999725341797
2018-09-20,84.86000061035156,85.33999633789062,84.54000091552734,84.81999969482422
2018-09-21,85.01000213623047,85.43000030517578,84.5199966430664,85.16999816894531
2018-09-24,85.79000091552734,87.08999633789062,85.72000122070312,86.5999984741211
2018-09-25,87.02999877929688,87.36000061035156,86.37000274658203,86.5
2018-09-26,86.0199966430664,86.5,85.69000244140625,85.77999877929688
2018-09-27,86.08999633789062,86.37999725341797,85.58999633789062,85.7699966430664
2018-09-28,85.25,85.93000030517578,84.98999786376953,85.0199966430664
2018-10-01,85.3499984741211,86.02999877929688,85.26000213623047,85.80999755859375
2018-10-02,85.80000305175781,86.66999816894531,85.62000274658203,86.45999908447266
2018-10-03,86.51000213623047,86.88999938964844,85.9800033569336,86.1500015258789
2018-10-04,85.5,86.08000183105469,85.25,85.58000183105469
2018-10-05,85.30999755859375,85.69999694824219,84.93000030517578,85.33999633789062
2018-10-08,84.79000091552734,86.30999755859375,84.6500015258789,86.12999725341797
2018-10-09,86.37999725341797,86.87999725341797,85.73999786376953,86.51000213623047
2018-10-10,86.7300033569336,86.81999969482422,84.5,84.5199966430664
2018-10-11,83.94000244140625,84.16999816894531,81.16999816894531,81.5999984741211
2018-10-12,82.12999725341797,82.23999786376953,80.2699966430664,81.37999725341797
2018-10-15,81.37999725341797,81.73999786376953,80.81999969482422,80.81999969482422
2018-10-16,80.51000213623047,81.2699966430664,80.01000213623047,81.19999694824219
2018-10-17,80.94000244140625,81.5199966430664,80.33999633789062,81.5
2018-10-18,81.19999694824219,82.47000122070312,81.19999694824219,81.8499984741211
2018-10-19,81.66000366210938,82.45999908447266,81.51000213623047,81.97000122070312
2018-10-22,82.0,82.18000030517578,80.63999938964844,81.1500015258789
2018-10-23,80.05999755859375,80.45999908447266,78.72000122070312,79.83999633789062
2018-10-24,80.12999725341797,80.26000213623047,77.55000305175781,77.62000274658203
2018-10-25,78.48999786376953,79.05000305175781,77.73999786376953,78.30999755859375
2018-10-26,77.87000274658203,78.41000366210938,76.95999908447266,77.52999877929688
2018-10-29,78.06999969482422,78.43000030517578,76.22000122070312,77.05000305175781
2018-10-30,77.62000274658203,79.02999877929688,77.41999816894531,78.77999877929688
2018-10-31,79.33999633789062,80.3499984741211,78.9000015258789,79.68000030517578
2018-11-01,79.83000183105469,80.75,79.30000305175781,80.66999816894531
2018-11-02,81.76000213623047,82.44999694824219,80.2300033569336,81.94999694824219
2018-11-05,82.5,82.87000274658203,81.44000244140625,81.63999938964844
2018-11-06,81.73999786376953,82.0999984741211,81.3499984741211,81.98999786376953
2018-11-07,82.20999908447266,83.13999938964844,81.66000366210938,83.02999877929688
2018-11-08,83.12999725341797,83.75,81.54000091552734,81.70999908447266
2018-11-09,80.26000213623047,81.4000015258789,79.69000244140625,80.87000274658203
2018-11-12,81.66000366210938,81.7300033569336,79.7300033569336,79.83000183105469
2018-11-13,79.80000305175781,79.8499984741211,77.63999938964844,78.0
2018-11-14,78.86000061035156,79.08999633789062,76.75,77.38999938964844
2018-11-15,76.66999816894531,78.19000244140625,75.91000366210938,78.19000244140625
2018-11-16,78.37000274658203,79.19000244140625,78.0999984741211,78.95999908447266
2018-11-19,78.45999908447266,79.36000061035156,78.43000030517578,79.22000122070312
2018-11-20,78.41999816894531,78.9000015258789,76.37000274658203,76.97000122070312
2018-11-21,77.43000030517578,78.37999725341797,77.26000213623047,77.55999755859375
2018-11-23,76.05000305175781,76.19999694824219,74.69999694824219,75.48999786376953
2018-11-26,76.23999786376953,77.31999969482422,76.12000274658203,76.9800033569336
2018-11-27,76.56999969482422,77.44999694824219,76.4000015258789,77.05000305175781
2018-11-28,77.04000091552734,78.44999694824219,76.83999633789062,78.44999694824219
2018-11-29,78.22000122070312,79.52999877929688,78.19000244140625,79.05999755859375
2018-11-30,78.44999694824219,79.5999984741211,78.31999969482422,79.5
2018-12-03,80.23999786376953,81.45999908447266,80.13999938964844,81.22000122070312
2018-12-04,81.37999725341797,81.94999694824219,79.3499984741211,79.43000030517578
2018-12-06,78.0,78.44000244140625,76.91999816894531,78.38999938964844
2018-12-07,79.38999938964844,80.36000061035156,77.33000183105469,77.63999938964844
2018-12-10,77.86000061035156,77.86000061035156,74.80000305175781,76.54000091552734
2018-12-11,77.69999694824219,77.80000305175781,75.68000030517578,76.68000030517578
2018-12-12,78.04000091552734,78.19999694824219,76.0199966430664,76.0199966430664
2018-12-13,76.02999877929688,77.22000122070312,75.94999694824219,76.9800033569336
2018-12-14,76.72000122070312,76.87000274658203,75.08999633789062,75.58000183105469
2018-12-17,75.26000213623047,75.5999984741211,73.4800033569336,74.04000091552734
2018-12-18,73.62999725341797,73.86000061035156,71.62000274658203,72.0
2018-12-19,72.44999694824219,73.2699966430664,70.30000305175781,70.77999877929688
2018-12-20,70.08999633789062,70.66000366210938,68.05000305175781,68.62999725341797
2018-12-21,68.13999938964844,70.37000274658203,67.66999816894531,68.12000274658203
2018-12-24,66.87000274658203,67.52999877929688,65.44000244140625,65.51000213623047
2018-12-26,66.18000030517578,68.66000366210938,64.6500015258789,68.63999938964844
2018-12-27,67.73999786376953,68.94000244140625,66.08000183105469,68.94000244140625
2018-12-28,69.18000030517578,69.58000183105469,67.81999969482422,68.16999816894531
2018-12-31,68.31999969482422,69.1500015258789,67.66000366210938,68.19000244140625
2019-01-02,67.3499984741211,69.87000274658203,67.26000213623047,69.69000244140625
2019-01-03,70.0,70.25,68.36000061035156,68.62000274658203
2019-01-04,69.63999938964844,71.2699966430664,69.36000061035156,71.1500015258789
2019-01-07,71.25,72.0999984741211,70.73999786376953,71.5199966430664
2019-01-08,72.54000091552734,72.58999633789062,71.94000244140625,72.04000091552734
2019-01-09,72.5999984741211,72.5999984741211,71.6500015258789,72.41999816894531
2019-01-10,72.06999969482422,72.08000183105469,71.12000274658203,72.05000305175781
2019-01-11,71.8499984741211,71.88999938964844,71.06999969482422,71.72000122070312
2019-01-14,71.20999908447266,71.77999877929688,71.12000274658203,71.62999725341797
2019-01-15,71.94999694824219,72.36000061035156,71.31999969482422,71.66999816894531
2019-01-16,71.41999816894531,72.37999725341797,71.30999755859375,71.63999938964844
2019-01-17,71.19000244140625,72.33999633789062,70.9000015258789,72.12999725341797
2019-01-18,73.2699966430664,73.29000091552734,72.12999725341797,72.98999786376953
2019-01-22,72.38999938964844,72.70999908447266,71.68000030517578,71.88999938964844
2019-01-23,72.01000213623047,72.30000305175781,70.93000030517578,71.30000305175781
2019-01-24,71.0999984741211,71.97000122070312,70.63999938964844,71.4000015258789
2019-01-25,72.06999969482422,72.2699966430664,71.54000091552734,71.72000122070312
2019-01-28,71.0199966430664,71.27999877929688,70.37000274658203,71.23999786376953
2019-01-29,71.69999694824219,72.19000244140625,71.4800033569336,71.51000213623047
2019-01-30,71.7699966430664,72.56999969482422,71.51000213623047,72.29000091552734
2019-01-31,72.29000091552734,73.48999786376953,72.0199966430664,73.27999877929688
2019-02-01,74.91999816894531,76.48999786376953,74.31999969482422,75.91999816894531
2019-02-04,75.76000213623047,75.76000213623047,74.4000015258789,74.81999969482422
2019-02-05,75.18000030517578,75.63999938964844,75.01000213623047,75.58999633789062
2019-02-06,75.58000183105469,75.7699966430664,75.12999725341797,75.26000213623047
2019-02-07,74.94999694824219,75.19000244140625,73.9000015258789,74.68000030517578
2019-02-08,73.76000213623047,74.06999969482422,72.7300033569336,73.9800033569336
2019-02-11,73.87999725341797,74.22000122070312,73.4000015258789,74.0999984741211
2019-02-12,75.08000183105469,75.44999694824219,74.81999969482422,75.4000015258789
2019-02-13,75.58000183105469,76.54000091552734,75.51000213623047,76.25
2019-02-14,76.26000213623047,76.6500015258789,75.70999908447266,76.2699966430664
2019-02-15,76.94000244140625,77.76000213623047,76.75,77.70999908447266
2019-02-19,77.55999755859375,78.4800033569336,77.44999694824219,78.2300033569336
2019-02-20,78.30000305175781,78.80999755859375,78.0,78.52999877929688
2019-02-21,78.20999908447266,78.66000366210938,77.61000061035156,77.81999969482422
2019-02-22,78.70999908447266,78.94999694824219,77.62000274658203,78.41999816894531
2019-02-25,78.43000030517578,78.8499984741211,78.19999694824219,78.5
2019-02-26,78.68000030517578,79.12999725341797,78.38999938964844,78.66000366210938
2019-02-27,78.87999725341797,79.75,78.66000366210938,79.47000122070312
2019-02-28,79.44999694824219,79.75,78.70999908447266,79.02999877929688
2019-03-01,79.37999725341797,80.0,79.02999877929688,80.0
2019-03-04,80.23999786376953,80.55000305175781,79.01000213623047,80.30999755859375
2019-03-05,80.12000274658203,80.4000015258789,79.75,80.19000244140625
2019-03-06,78.8499984741211,79.37999725341797,77.86000061035156,79.27999877929688
2019-03-07,79.55000305175781,80.26000213623047,79.31999969482422,80.16000366210938
2019-03-08,78.88999938964844,79.31999969482422,78.25,79.01000213623047
2019-03-11,79.9800033569336,80.29000091552734,79.6500015258789,79.77999877929688
2019-03-12,80.11000061035156,80.58000183105469,79.88999938964844,80.0
2019-03-13,80.58999633789062,80.76000213623047,80.19999694824219,80.70999908447266
2019-03-14,80.80000305175781,80.91000366210938,80.3499984741211,80.44000244140625
2019-03-15,80.18000030517578,80.55000305175781,80.0999984741211,80.1500015258789
2019-03-18,80.44000244140625,81.25,80.44000244140625,81.08000183105469
2019-03-19,81.58000183105469,82.0,80.63999938964844,80.87000274658203
2019-03-20,80.75,81.91999816894531,80.55999755859375,81.31999969482422
2019-03-21,80.80999755859375,81.88999938964844,80.80000305175781,81.79000091552734
2019-03-22,81.2300033569336,81.44000244140625,80.30000305175781,80.4800033569336
2019-03-25,80.0,80.44000244140625,79.58999633789062,79.91999816894531
2019-03-26,80.33000183105469,81.2699966430664,80.18000030517578,80.95999908447266
2019-03-27,80.97000122070312,81.30999755859375,79.81999969482422,80.33999633789062
2019-03-28,80.02999877929688,80.79000091552734,80.0199966430664,80.73999786376953
2019-03-29,81.33000183105469,81.4800033569336,80.4800033569336,80.80000305175781
2019-04-01,81.2300033569336,81.77999877929688,81.08000183105469,81.7300033569336
2019-04-02,81.75,81.94999694824219,81.11000061035156,81.37999725341797
2019-04-03,81.7699966430664,81.7699966430664,80.61000061035156,80.9000015258789
2019-04-04,81.12000274658203,82.08000183105469,80.7699966430664,82.05000305175781
2019-04-05,82.1500015258789,82.52999877929688,81.94999694824219,82.48999786376953
2019-04-08,82.66999816894531,83.19999694824219,82.58999633789062,83.0
2019-04-09,82.5199966430664,82.58000183105469,81.73999786376953,81.93000030517578
2019-04-10,81.91999816894531,82.08000183105469,81.41000366210938,81.55999755859375
2019-04-11,81.54000091552734,82.06999969482422,81.0199966430664,81.94999694824219
2019-04-12,82.80999755859375,82.80999755859375,80.58000183105469,80.91999816894531
2019-04-15,80.88999938964844,81.05999755859375,80.5199966430664,80.6500015258789
2019-04-16,80.80999755859375,81.3499984741211,80.69000244140625,81.19999694824219
2019-04-17,81.55000305175781,81.69999694824219,81.08000183105469,81.43000030517578
2019-04-18,81.55999755859375,81.83000183105469,81.06999969482422,81.12999725341797
2019-04-22,81.87000274658203,83.22000122070312,81.63999938964844,82.9000015258789
2019-04-23,83.19000244140625,83.48999786376953,82.68000030517578,83.37999725341797
2019-04-24,83.01000213623047,83.08000183105469,81.7300033569336,81.76000213623047
2019-04-25,81.6500015258789,82.83999633789062,81.4000015258789,82.22000122070312
2019-04-26,80.2699966430664,80.62999725341797,79.55999755859375,80.48999786376953
2019-04-29,80.12000274658203,80.37999725341797,79.66000366210938,79.97000122070312
2019-04-30,80.37000274658203,80.52999877929688,79.93000030517578,80.27999877929688
2019-05-01,79.94000244140625,80.26000213623047,78.62000274658203,78.66999816894531
2019-05-02,78.27999877929688,78.5,77.23999786376953,77.29000091552734
2019-05-03,77.79000091552734,78.20999908447266,77.44000244140625,77.47000122070312
2019-05-06,76.91999816894531,77.66000366210938,76.70999908447266,77.12999725341797
2019-05-07,76.5,76.79000091552734,75.7699966430664,76.72000122070312
2019-05-08,76.54000091552734,77.29000091552734,76.41999816894531,76.83999633789062
2019-05-09,76.3499984741211,76.87999725341797,75.95999908447266,76.7699966430664
2019-05-10,76.18000030517578,76.79000091552734,75.16999816894531,76.55999755859375
2019-05-13,75.6500015258789,76.2300033569336,75.36000061035156,75.70999908447266
2019-05-14,76.12999725341797,76.80000305175781,75.76000213623047,75.80999755859375
2019-05-15,75.56999969482422,76.55000305175781,75.20999908447266,76.37000274658203
2019-05-16,76.4000015258789,76.94999694824219,76.22000122070312,76.36000061035156
2019-05-17,75.6500015258789,76.30000305175781,75.58999633789062,75.91000366210938
2019-05-20,76.05000305175781,76.36000061035156,75.66999816894531,75.9000015258789
2019-05-21,76.2699966430664,76.45999908447266,75.93000030517578,76.25
2019-05-22,76.0199966430664,76.22000122070312,75.38999938964844,75.55999755859375
2019-05-23,74.7699966430664,74.80000305175781,73.04000091552734,73.79000091552734
2019-05-24,74.13999938964844,74.25,73.44000244140625,74.0999984741211
2019-05-28,74.23999786376953,74.25,72.48999786376953,72.61000061035156
2019-05-29,71.88999938964844,72.43000030517578,71.62000274658203,72.16000366210938
2019-05-30,72.0199966430664,72.12999725341797,71.52999877929688,71.97000122070312
2019-05-31,71.19000244140625,71.55000305175781,70.62999725341797,70.7699966430664
2019-06-03,71.08999633789062,72.01000213623047,70.97000122070312,71.87999725341797
2019-06-04,72.44999694824219,73.66000366210938,72.16999816894531,73.58999633789062
2019-06-05,73.63999938964844,73.63999938964844,72.58000183105469,72.9800033569336
2019-06-06,73.70999908447266,74.62000274658203,73.58999633789062,74.30999755859375
2019-06-07,74.51000213623047,74.95999908447266,74.43000030517578,74.58000183105469
2019-06-10,75.19000244140625,75.33000183105469,74.44999694824219,74.91000366210938
2019-06-11,75.51000213623047,75.80999755859375,74.81999969482422,74.83999633789062
2019-06-12,74.4800033569336,74.61000061035156,73.80999755859375,74.02999877929688
2019-06-13,74.69999694824219,75.16999816894531,74.37999725341797,74.68000030517578
2019-06-14,74.68000030517578,74.80999755859375,74.2300033569336,74.3499984741211
2019-06-17,74.16000366210938,75.19000244140625,74.04000091552734,75.08999633789062
2019-06-18,75.41999816894531,76.22000122070312,75.3499984741211,75.73999786376953
2019-06-19,75.4000015258789,75.8499984741211,75.16999816894531,75.31999969482422
2019-06-20,76.23999786376953,76.97000122070312,76.08000183105469,76.61000061035156
2019-06-21,77.13999938964844,77.76000213623047,76.87000274658203,77.69000244140625
2019-06-24,77.52999877929688,77.76000213623047,76.80999755859375,76.94999694824219
2019-06-25,77.08000183105469,77.22000122070312,76.19000244140625,76.2699966430664
2019-06-26,76.68000030517578,77.12999725341797,76.47000122070312,76.5999984741211
2019-06-27,76.58999633789062,76.75,75.76000213623047,75.81999969482422
2019-06-28,76.19000244140625,76.7300033569336,75.94000244140625,76.62999725341797
2019-07-01,77.12999725341797,77.93000030517578,76.29000091552734,76.55999755859375
2019-07-02,76.13999938964844,76.2699966430664,75.41000366210938,75.72000122070312
2019-07-03,75.81999969482422,76.5,75.62999725341797,76.44000244140625
2019-07-05,76.19000244140625,76.3499984741211,75.58999633789062,76.12999725341797
2019-07-08,76.13999938964844,76.69999694824219,75.91999816894531,76.4800033569336
2019-07-09,76.44999694824219,76.7699966430664,75.7300033569336,76.43000030517578
2019-07-10,76.80000305175781,77.62999725341797,76.73999786376953,77.51000213623047
2019-07-11,77.41000366210938,77.61000061035156,77.05000305175781,77.56999969482422
2019-07-12,77.75,77.87999725341797,77.5,77.62999725341797
2019-07-15,77.62999725341797,77.73999786376953,76.88999938964844,77.08000183105469
2019-07-16,76.91999816894531,77.06999969482422,75.79000091552734,75.93000030517578
2019-07-17,75.73999786376953,75.95999908447266,75.3499984741211,75.4800033569336
2019-07-18,75.02999877929688,75.2699966430664,74.18000030517578,74.83999633789062
2019-07-19,74.9000015258789,75.25,74.54000091552734,74.98999786376953
2019-07-22,75.23999786376953,75.30000305175781,74.5,75.06999969482422
2019-07-23,75.1500015258789,75.7699966430664,74.75,75.37000274658203
2019-07-24,75.38999938964844,76.05000305175781,74.8499984741211,75.36000061035156
2019-07-25,75.77999877929688,75.77999877929688,74.80000305175781,74.93000030517578
2019-07-26,74.87000274658203,75.08000183105469,74.5999984741211,74.80999755859375
2019-07-29,74.87999725341797,75.37999725341797,74.69999694824219,75.33999633789062
2019-07-30,75.05999755859375,75.55999755859375,74.88999938964844,75.3499984741211
2019-07-31,75.04000091552734,75.66000366210938,74.26000213623047,74.36000061035156
2019-08-01,73.73999786376953,74.2699966430664,72.2699966430664,72.45999908447266
2019-08-02,72.61000061035156,73.26000213623047,71.18000030517578,71.75
2019-08-05,70.77999877929688,70.91999816894531,69.61000061035156,70.27999877929688
2019-08-06,70.29000091552734,71.01000213623047,70.27999877929688,70.95999908447266
2019-08-07,69.86000061035156,70.87999725341797,69.4000015258789,70.5
2019-08-08,70.8499984741211,72.41000366210938,70.62000274658203,72.37999725341797
2019-08-09,72.12999725341797,72.25,70.47000122070312,70.83999633789062
2019-08-12,70.05999755859375,70.16000366210938,69.33000183105469,69.62999725341797
2019-08-13,69.2699966430664,70.62000274658203,68.91999816894531,70.48999786376953
2019-08-14,69.06999969482422,69.08999633789062,67.6500015258789,67.6500015258789
2019-08-15,67.45999908447266,67.55999755859375,66.52999877929688,67.25
2019-08-16,67.77999877929688,68.45999908447266,67.2699966430664,68.30000305175781
2019-08-19,68.97000122070312,69.6500015258789,68.86000061035156,69.44999694824219
2019-08-20,69.30000305175781,69.30000305175781,68.70999908447266,69.02999877929688
2019-08-21,69.95999908447266,69.9800033569336,69.37000274658203,69.72000122070312
2019-08-22,69.91000366210938,69.95999908447266,69.25,69.56999969482422
2019-08-23,68.81999969482422,69.52999877929688,67.02999877929688,67.48999786376953
2019-08-26,68.12000274658203,68.26000213623047,67.52999877929688,67.8499984741211
2019-08-27,68.12999725341797,68.44000244140625,66.97000122070312,67.19000244140625
2019-08-28,67.52999877929688,67.9800033569336,67.16000366210938,67.68000030517578
2019-08-29,68.30000305175781,68.66999816894531,68.08999633789062,68.43000030517578
2019-08-30,68.61000061035156,69.08000183105469,68.05999755859375,68.4800033569336
2019-09-03,67.88999938964844,68.68000030517578,67.62999725341797,68.55999755859375
2019-09-04,69.5,69.61000061035156,69.08999633789062,69.29000091552734
2019-09-05,69.83999633789062,70.55000305175781,69.69999694824219,70.2699966430664
2019-09-06,70.3499984741211,70.94999694824219,70.12000274658203,70.93000030517578
2019-09-09,71.16000366210938,72.06999969482422,70.9800033569336,71.48999786376953
2019-09-10,72.13999938964844,72.8499984741211,71.62000274658203,72.06999969482422
2019-09-11,72.77999877929688,72.83999633789062,71.55000305175781,71.93000030517578
2019-09-12,70.9800033569336,72.16000366210938,70.69999694824219,71.9800033569336
2019-09-13,72.26000213623047,72.72000122070312,72.05999755859375,72.63999938964844
2019-09-16,75.04000091552734,75.18000030517578,73.5999984741211,73.7300033569336
2019-09-17,73.81999969482422,74.08000183105469,72.62999725341797,73.16999816894531
2019-09-18,72.6500015258789,72.97000122070312,72.33000183105469,72.81999969482422
2019-09-19,72.97000122070312,73.19000244140625,72.19000244140625,72.33000183105469
2019-09-20,72.48999786376953,72.5,71.86000061035156,72.08000183105469
2019-09-23,71.5199966430664,72.36000061035156,71.45999908447266,72.12999725341797
2019-09-24,71.80999755859375,71.87000274658203,70.81999969482422,71.13999938964844
2019-09-25,70.9800033569336,71.47000122070312,70.81999969482422,71.3499984741211
2019-09-26,71.22000122070312,71.3499984741211,70.68000030517578,70.97000122070312
2019-09-27,70.69999694824219,71.66999816894531,70.62999725341797,71.4800033569336
2019-09-30,71.23999786376953,71.44999694824219,70.58000183105469,70.61000061035156
2019-10-01,70.83000183105469,70.91000366210938,68.91000366210938,68.94999694824219
2019-10-02,68.2699966430664,68.58999633789062,67.01000213623047,67.1500015258789
2019-10-03,67.0,68.0,66.30999755859375,67.9800033569336
2019-10-04,68.11000061035156,69.06999969482422,67.81999969482422,68.97000122070312
2019-10-07,68.69999694824219,69.02999877929688,68.0199966430664,68.0199966430664
2019-10-08,67.54000091552734,67.91999816894531,66.63999938964844,66.69999694824219
2019-10-09,67.30000305175781,67.69999694824219,67.19999694824219,67.44000244140625
2019-10-10,67.43000030517578,68.36000061035156,67.37999725341797,68.25
2019-10-11,68.9800033569336,69.48999786376953,68.88999938964844,68.9800033569336
2019-10-14,68.5999984741211,69.37000274658203,68.58999633789062,69.18000030517578
2019-10-15,69.05999755859375,70.0,69.01000213623047,69.41999816894531
2019-10-16,69.20999908447266,69.52999877929688,68.20999908447266,68.2300033569336
2019-10-17,68.4800033569336,68.87999725341797,68.08000183105469,68.13999938964844
2019-10-18,67.87000274658203,68.1500015258789,67.61000061035156,67.61000061035156
2019-10-21,67.81999969482422,68.7699966430664,67.81999969482422,68.73999786376953
2019-10-22,68.77999877929688,69.76000213623047,68.6500015258789,69.08999633789062
2019-10-23,68.95999908447266,69.76000213623047,68.77999877929688,69.75
2019-10-24,69.95999908447266,70.05000305175781,69.0199966430664,69.08999633789062
2019-10-25,68.9000015258789,69.4800033569336,68.9000015258789,69.25
2019-10-28,69.45999908447266,69.66999816894531,68.58000183105469,68.63999938964844
2019-10-29,68.4800033569336,69.02999877929688,68.23999786376953,68.44000244140625
2019-10-30,68.37000274658203,68.37000274658203,67.2699966430664,67.72000122070312
2019-10-31,67.45999908447266,67.72000122070312,67.13999938964844,67.56999969482422
2019-11-01,68.38999938964844,69.61000061035156,68.30999755859375,69.5999984741211
2019-11-04,70.06999969482422,71.87000274658203,69.94000244140625,71.66999816894531
2019-11-05,72.04000091552734,73.12000274658203,71.8499984741211,73.08999633789062
2019-11-06,72.7300033569336,72.87000274658203,71.19999694824219,71.48999786376953
2019-11-07,72.02999877929688,73.02999877929688,72.0,73.01000213623047
2019-11-08,71.61000061035156,71.80000305175781,70.66000366210938,70.7699966430664
2019-11-11,70.20999908447266,70.61000061035156,69.97000122070312,70.33999633789062
2019-11-12,70.2699966430664,70.41000366210938,68.9800033569336,69.37000274658203
2019-11-13,69.0199966430664,69.1500015258789,68.5999984741211,68.80000305175781
2019-11-14,68.86000061035156,68.97000122070312,68.18000030517578,68.5
2019-11-15,68.70999908447266,69.30000305175781,68.66999816894531,69.19000244140625
2019-11-18,68.69999694824219,68.81999969482422,68.30000305175781,68.5199966430664
2019-11-19,68.4000015258789,68.55999755859375,67.77999877929688,67.81999969482422
2019-11-20,67.66999816894531,68.54000091552734,67.31999969482422,68.02999877929688
2019-11-21,68.0199966430664,69.75,67.91999816894531,69.66999816894531
2019-11-22,69.70999908447266,70.18000030517578,69.33000183105469,69.37000274658203
2019-11-25,69.37000274658203,69.44000244140625,68.70999908447266,68.91000366210938
2019-11-26,68.91999816894531,69.04000091552734,68.44000244140625,68.73999786376953
2019-11-27,68.76000213623047,69.08999633789062,68.41000366210938,68.69999694824219
2019-11-29,68.33000183105469,68.52999877929688,68.0,68.12999725341797
2019-12-02,68.5,68.87999725341797,68.37000274658203,68.41999816894531
2019-12-03,68.0,68.25,67.5199966430664,67.87999725341797
2019-12-04,68.25,68.76000213623047,68.13999938964844,68.6500015258789
2019-12-05,68.88999938964844,68.97000122070312,68.20999908447266,68.41000366210938
2019-12-06,68.76000213623047,69.87000274658203,68.76000213623047,69.51000213623047
2019-12-09,69.08000183105469,69.97000122070312,69.0199966430664,69.66000366210938
2019-12-10,69.66000366210938,70.1500015258789,68.69999694824219,69.05999755859375
2019-12-11,68.73999786376953,69.76000213623047,68.66999816894531,68.95999908447266
2019-12-12,68.95999908447266,70.37999725341797,68.9000015258789,70.33999633789062
2019-12-13,70.4800033569336,70.54000091552734,69.12000274658203,69.2300033569336
2019-12-16,69.69999694824219,70.25,69.69999694824219,70.0
2019-12-17,69.9800033569336,70.37999725341797,69.30999755859375,69.68000030517578
2019-12-18,69.62999725341797,70.29000091552734,69.27999877929688,69.87000274658203
2019-12-19,69.98999786376953,70.05000305175781,69.23999786376953,69.38999938964844
2019-12-20,69.86000061035156,70.2300033569336,69.38999938964844,69.94000244140625
2019-12-23,69.86000061035156,70.30000305175781,69.52999877929688,70.29000091552734
2019-12-24,70.3499984741211,70.5,69.91000366210938,70.0199966430664
2019-12-26,70.19000244140625,70.5,70.01000213623047,70.12999725341797
2019-12-27,70.19999694824219,70.30999755859375,69.87999725341797,69.88999938964844
2019-12-30,70.08999633789062,70.44000244140625,69.4000015258789,69.4800033569336
2019-12-31,69.0199966430664,69.80000305175781,69.01000213623047,69.77999877929688
2020-01-02,70.23999786376953,71.0199966430664,70.23999786376953,70.9000015258789
2020-01-03,71.33999633789062,71.37000274658203,70.16000366210938,70.33000183105469
2020-01-06,70.31999969482422,71.36000061035156,70.2300033569336,70.87000274658203
2020-01-07,70.5,70.5199966430664,69.51000213623047,70.29000091552734
2020-01-08,70.11000061035156,70.29000091552734,69.16999816894531,69.2300033569336
2020-01-09,69.13999938964844,69.9000015258789,68.62999725341797,69.76000213623047
2020-01-10,69.93000030517578,69.95999908447266,69.12000274658203,69.13999938964844
2020-01-13,69.19999694824219,69.87000274658203,69.11000061035156,69.80000305175781
2020-01-14,69.37999725341797,69.58000183105469,68.88999938964844,69.19999694824219
2020-01-15,69.19999694824219,69.58999633789062,68.88999938964844,69.08999633789062
2020-01-16,69.30000305175781,69.58000183105469,68.80000305175781,68.81999969482422
2020-01-17,68.75,69.08000183105469,68.29000091552734,68.55999755859375
2020-01-21,68.37999725341797,68.41999816894531,67.51000213623047,67.58000183105469
2020-01-22,67.55999755859375,67.69999694824219,67.0,67.19000244140625
2020-01-23,66.70999908447266,66.93000030517578,66.05000305175781,66.7699966430664
2020-01-24,66.54000091552734,66.68000030517578,66.04000091552734,66.31999969482422
2020-01-27,65.41999816894531,65.7300033569336,64.69999694824219,64.73999786376953
2020-01-28,65.11000061035156,65.19999694824219,64.62999725341797,64.6500015258789
2020-01-29,65.02999877929688,65.12999725341797,63.900001525878906,64.11000061035156
2020-01-30,63.779998779296875,64.87999725341797,63.43000030517578,64.79000091552734
2020-01-31,63.20000076293945,63.20000076293945,61.86000061035156,62.119998931884766
2020-02-03,61.380001068115234,61.41999816894531,60.369998931884766,60.72999954223633
2020-02-04,61.45000076293945,61.90999984741211,59.88999938964844,59.970001220703125
2020-02-05,60.75,62.93000030517578,60.599998474121094,62.72999954223633
2020-02-06,62.93000030517578,63.0099983215332,61.779998779296875,61.880001068115234
2020-02-07,61.40999984741211,61.65999984741211,61.060001373291016,61.470001220703125
2020-02-10,60.47999954223633,60.52000045776367,59.619998931884766,59.959999084472656
2020-02-11,60.58000183105469,60.88999938964844,60.16999816894531,60.529998779296875
2020-02-12,61.34000015258789,61.529998779296875,60.560001373291016,61.27000045776367
2020-02-13,61.060001373291016,61.41999816894531,60.560001373291016,60.93000030517578
2020-02-14,61.150001525878906,61.15999984741211,60.279998779296875,60.650001525878906
2020-02-18,60.150001525878906,60.38999938964844,59.45000076293945,59.880001068115234
2020-02-19,60.11000061035156,60.619998931884766,59.83000183105469,60.34000015258789
2020-02-20,60.22999954223633,60.540000915527344,59.720001220703125,59.86000061035156
2020-02-21,59.5099983215332,59.5099983215332,58.790000915527344,59.130001068115234
2020-02-24,57.619998931884766,57.79999923706055,56.36000061035156,56.36000061035156
2020-02-25,56.75,56.75,53.970001220703125,54.20000076293945
2020-02-26,54.54999923706055,54.81999969482422,52.93000030517578,53.0099983215332
2020-02-27,51.709999084472656,52.439998626708984,49.79999923706055,49.81999969482422
2020-02-28,48.77000045776367,51.439998626708984,48.0099983215332,51.439998626708984
2020-03-02,52.59000015258789,53.88999938964844,51.130001068115234,53.880001068115234
2020-03-03,53.95000076293945,54.150001525878906,50.97999954223633,51.29999923706055
2020-03-04,52.22999954223633,52.47999954223633,51.119998931884766,52.41999816894531
2020-03-05,50.41999816894531,50.70000076293945,49.040000915527344,50.11000061035156
2020-03-06,48.84000015258789,49.0099983215332,47.20000076293945,47.689998626708984
2020-03-09,41.709999084472656,44.56999969482422,40.79999923706055,41.86000061035156
2020-03-10,46.16999816894531,46.2599983215332,41.45000076293945,43.40999984741211
2020-03-11,42.38999938964844,43.47999954223633,41.75,41.97999954223633
2020-03-12,39.900001525878906,40.650001525878906,37.0,37.18000030517578
2020-03-13,40.0099983215332,40.13999938964844,35.0,38.119998931884766
2020-03-16,34.400001525878906,37.880001068115234,33.25,34.4900016784668
2020-03-17,35.209999084472656,37.380001068115234,34.20000076293945,36.810001373291016
2020-03-18,34.54999923706055,36.709999084472656,31.229999542236328,33.119998931884766
2020-03-19,33.72999954223633,34.900001525878906,32.349998474121094,34.43000030517578
2020-03-20,34.84000015258789,35.18000030517578,31.559999465942383,32.7400016784668
2020-03-23,32.529998779296875,32.70000076293945,30.110000610351562,31.450000762939453
2020-03-24,34.41999816894531,36.16999816894531,33.33000183105469,35.439998626708984
2020-03-25,36.5099983215332,38.59000015258789,35.18000030517578,37.290000915527344
2020-03-26,37.5,39.560001373291016,36.720001220703125,38.81999969482422
2020-03-27,37.130001068115234,37.68000030517578,36.20000076293945,36.95000076293945
2020-03-30,36.22999954223633,38.150001525878906,35.86000061035156,37.5
2020-03-31,38.34000015258789,39.45000076293945,37.369998931884766,37.970001220703125
2020-04-01,36.86000061035156,38.70000076293945,36.34000015258789,37.529998779296875
2020-04-02,38.7400016784668,41.959999084472656,37.900001525878906,40.400001525878906
2020-04-03,41.45000076293945,42.18000030517578,38.52000045776367,39.209999084472656
2020-04-06,39.880001068115234,40.83000183105469,39.22999954223633,40.470001220703125
2020-04-07,42.900001525878906,43.31999969482422,41.15999984741211,41.2400016784668
2020-04-08,41.95000076293945,44.040000915527344,41.470001220703125,43.849998474121094
2020-04-09,45.459999084472656,46.709999084472656,41.7400016784668,43.130001068115234
2020-04-13,44.45000076293945,44.689998626708984,41.970001220703125,42.7599983215332
2020-04-14,43.0,43.75,41.90999984741211,42.43000030517578
2020-04-15,41.0,41.060001373291016,39.380001068115234,40.47999954223633
2020-04-16,40.47999954223633,40.47999954223633,38.93000030517578,39.150001525878906
2020-04-17,39.880001068115234,43.31999969482422,39.869998931884766,43.220001220703125
2020-04-20,40.75,42.7400016784668,40.540000915527344,41.18000030517578
2020-04-21,40.400001525878906,42.130001068115234,39.630001068115234,40.959999084472656
2020-04-22,42.599998474121094,42.93000030517578,41.86000061035156,42.130001068115234
2020-04-23,43.130001068115234,44.65999984741211,42.810001373291016,43.45000076293945
2020-04-24,44.400001525878906,44.88999938964844,43.130001068115234,43.72999954223633
2020-04-27,43.59000015258789,44.31999969482422,42.22999954223633,43.939998626708984
2020-04-28,44.369998931884766,45.38999938964844,44.11000061035156,44.970001220703125
2020-04-29,46.2599983215332,47.599998474121094,46.15999984741211,47.459999084472656
2020-04-30,47.68000030517578,47.68000030517578,45.77000045776367,46.470001220703125
2020-05-01,45.630001068115234,46.38999938964844,43.0,43.13999938964844
2020-05-04,42.5099983215332,44.939998626708984,42.220001220703125,44.880001068115234
2020-05-05,46.2599983215332,47.150001525878906,44.65999984741211,44.83000183105469
2020-05-06,44.93000030517578,45.27000045776367,43.900001525878906,43.9900016784668
2020-05-07,44.959999084472656,45.27000045776367,43.970001220703125,44.2400016784668
2020-05-08,45.310001373291016,46.220001220703125,44.97999954223633,46.18000030517578
2020-05-11,46.11000061035156,46.20000076293945,45.5099983215332,45.7400016784668
2020-05-12,45.41999816894531,45.66999816894531,44.119998931884766,44.119998931884766
2020-05-13,43.7400016784668,43.869998931884766,41.599998474121094,41.93000030517578
2020-05-14,41.06999969482422,42.54999923706055,40.20000076293945,42.29999923706055
2020-05-15,42.380001068115234,43.0099983215332,41.849998474121094,42.0
2020-05-18,44.400001525878906,45.58000183105469,44.060001373291016,45.34000015258789
2020-05-19,45.54999923706055,46.630001068115234,43.93000030517578,43.939998626708984
2020-05-20,44.619998931884766,45.58000183105469,44.56999969482422,45.369998931884766
2020-05-21,45.439998626708984,45.790000915527344,44.38999938964844,44.560001373291016
2020-05-22,44.04999923706055,44.66999816894531,43.45000076293945,44.599998474121094
2020-05-26,45.7400016784668,46.29999923706055,45.470001220703125,45.90999984741211
2020-05-27,46.65999984741211,47.13999938964844,45.40999984741211,46.2400016784668
2020-05-28,46.43000030517578,46.459999084472656,44.93000030517578,45.040000915527344
2020-05-29,44.81999969482422,45.689998626708984,44.369998931884766,45.470001220703125
2020-06-01,45.31999969482422,46.45000076293945,44.79999923706055,46.279998779296875
2020-06-02,46.86000061035156,47.45000076293945,46.75,47.310001373291016
2020-06-03,48.0,49.400001525878906,47.95000076293945,49.2400016784668
2020-06-04,48.880001068115234,49.150001525878906,48.15999984741211,49.099998474121094
2020-06-05,51.650001525878906,53.45000076293945,51.599998474121094,53.08000183105469
2020-06-08,54.720001220703125,55.36000061035156,53.459999084472656,54.7400016784668
2020-06-09,52.880001068115234,53.970001220703125,52.45000076293945,53.52000045776367
2020-06-10,53.5,53.5,50.599998474121094,50.650001525878906
2020-06-11,47.529998779296875,48.84000015258789,46.099998474121094,46.18000030517578
2020-06-12,48.040000915527344,48.619998931884766,45.90999984741211,47.16999816894531
2020-06-15,45.349998474121094,47.7599983215332,44.75,47.13999938964844
2020-06-16,49.56999969482422,49.75,47.2400016784668,48.20000076293945
2020-06-17,48.0,48.130001068115234,46.599998474121094,46.630001068115234
2020-06-18,46.11000061035156,47.33000183105469,45.77000045776367,46.91999816894531
2020-06-19,48.220001220703125,48.2599983215332,45.97999954223633,45.97999954223633
2020-06-22,45.689998626708984,46.439998626708984,45.400001525878906,46.41999816894531
2020-06-23,46.900001525878906,47.220001220703125,46.5,46.70000076293945
2020-06-24,45.90999984741211,45.959999084472656,44.25,44.5
2020-06-25,44.04999923706055,45.2400016784668,43.689998626708984,45.16999816894531
2020-06-26,44.880001068115234,44.939998626708984,43.5,43.619998931884766
2020-06-29,43.810001373291016,44.58000183105469,43.540000915527344,44.31999969482422
2020-06-30,43.43000030517578,44.970001220703125,43.15999984741211,44.720001220703125
2020-07-01,44.4900016784668,45.380001068115234,43.66999816894531,43.709999084472656
2020-07-02,44.619998931884766,45.189998626708984,43.93000030517578,44.08000183105469
2020-07-06,44.66999816894531,45.08000183105469,43.84000015258789,44.38999938964844
2020-07-07,43.900001525878906,44.0,43.11000061035156,43.2400016784668
2020-07-08,43.150001525878906,43.93000030517578,42.84000015258789,43.13999938964844
2020-07-09,42.900001525878906,43.099998474121094,41.290000915527344,41.36000061035156
2020-07-10,41.119998931884766,42.709999084472656,41.099998474121094,42.650001525878906
2020-07-13,42.97999954223633,43.290000915527344,42.22999954223633,42.65999984741211
2020-07-14,42.529998779296875,44.189998626708984,42.2599983215332,44.06999969482422
2020-07-15,45.029998779296875,45.09000015258789,44.209999084472656,44.630001068115234
2020-07-16,44.310001373291016,44.810001373291016,43.790000915527344,44.279998779296875
2020-07-17,44.33000183105469,44.689998626708984,43.38999938964844,43.52000045776367
2020-07-20,43.209999084472656,43.5099983215332,42.47999954223633,42.5
2020-07-21,43.150001525878906,45.189998626708984,43.11000061035156,44.650001525878906
2020-07-22,44.150001525878906,44.150001525878906,43.369998931884766,43.61000061035156
2020-07-23,43.400001525878906,43.81999969482422,43.02000045776367,43.70000076293945
2020-07-24,43.880001068115234,44.41999816894531,43.189998626708984,43.43000030517578
2020-07-27,43.22999954223633,44.09000015258789,42.970001220703125,44.06999969482422
2020-07-28,43.90999984741211,44.25,43.459999084472656,43.54999923706055
2020-07-29,43.709999084472656,44.09000015258789,43.34000015258789,44.029998779296875
2020-07-30,43.130001068115234,43.18000030517578,41.83000183105469,41.869998931884766
2020-07-31,41.15999984741211,42.16999816894531,40.90999984741211,42.08000183105469
2020-08-03,42.04999923706055,42.5,41.470001220703125,42.25
2020-08-04,42.34000015258789,43.599998474121094,42.2400016784668,43.470001220703125
2020-08-05,44.150001525878906,44.310001373291016,43.529998779296875,43.849998474121094
2020-08-06,43.400001525878906,43.900001525878906,43.25,43.63999938964844
2020-08-07,43.22999954223633,43.52000045776367,42.810001373291016,43.439998626708984
2020-08-10,43.9900016784668,44.599998474121094,43.599998474121094,44.5099983215332
2020-08-11,45.5,46.41999816894531,44.72999954223633,44.970001220703125
2020-08-12,44.459999084472656,44.939998626708984,43.630001068115234,44.09000015258789
2020-08-13,43.5,43.869998931884766,42.91999816894531,43.0099983215332
2020-08-14,42.599998474121094,43.279998779296875,42.40999984741211,43.20000076293945
2020-08-17,43.16999816894531,43.16999816894531,42.470001220703125,42.63999938964844
2020-08-18,42.59000015258789,43.189998626708984,42.290000915527344,42.43000030517578
2020-08-19,42.349998474121094,42.65999984741211,41.869998931884766,41.959999084472656
2020-08-20,41.689998626708984,41.88999938964844,41.29999923706055,41.31999969482422
2020-08-21,41.29999923706055,41.34000015258789,40.709999084472656,41.0099983215332
2020-08-24,41.279998779296875,42.5099983215332,41.09000015258789,42.220001220703125
2020-08-25,41.65999984741211,42.06999969482422,40.70000076293945,40.880001068115234
2020-08-26,40.63999938964844,40.84000015258789,40.0,40.0099983215332
2020-08-27,40.0,40.29999923706055,39.310001373291016,39.7400016784668
2020-08-28,39.84000015258789,40.91999816894531,39.7599983215332,40.689998626708984
2020-08-31,40.63999938964844,40.720001220703125,39.900001525878906,39.939998626708984
2020-09-01,39.75,39.75,39.04999923706055,39.43000030517578
2020-09-02,39.22999954223633,39.720001220703125,38.95000076293945,39.189998626708984
2020-09-03,39.20000076293945,40.029998779296875,38.880001068115234,39.11000061035156
2020-09-04,39.459999084472656,39.790000915527344,38.650001525878906,39.08000183105469
2020-09-08,38.25,38.68000030517578,37.349998474121094,38.18000030517578
2020-09-09,38.349998474121094,38.84000015258789,37.91999816894531,37.95000076293945
2020-09-10,38.27000045776367,38.369998931884766,36.900001525878906,37.0
2020-09-11,37.130001068115234,37.310001373291016,36.4900016784668,36.900001525878906
2020-09-14,36.90999984741211,37.0099983215332,36.4900016784668,36.65999984741211
2020-09-15,36.79999923706055,37.380001068115234,36.209999084472656,36.27000045776367
2020-09-16,36.459999084472656,38.150001525878906,36.27000045776367,37.810001373291016
2020-09-17,37.349998474121094,37.97999954223633,36.970001220703125,37.79999923706055
2020-09-18,37.529998779296875,37.81999969482422,36.70000076293945,37.189998626708984
2020-09-21,36.43000030517578,36.709999084472656,35.68000030517578,36.43000030517578
2020-09-22,36.459999084472656,36.84000015258789,35.470001220703125,35.529998779296875
2020-09-23,35.650001525878906,35.790000915527344,34.349998474121094,34.38999938964844
2020-09-24,34.400001525878906,34.81999969482422,33.7599983215332,34.31999969482422
2020-09-25,34.0,34.939998626708984,33.880001068115234,34.63999938964844
2020-09-28,35.13999938964844,35.900001525878906,35.099998474121094,35.310001373291016
2020-09-29,35.0,35.11000061035156,33.9900016784668,34.279998779296875
2020-09-30,34.63999938964844,34.91999816894531,34.130001068115234,34.33000183105469
2020-10-01,33.790000915527344,34.099998474121094,32.939998626708984,33.130001068115234
2020-10-02,32.25,33.349998474121094,32.209999084472656,32.97999954223633
2020-10-05,33.31999969482422,33.75,33.16999816894531,33.7400016784668
2020-10-06,34.119998931884766,34.41999816894531,33.310001373291016,33.38999938964844
2020-10-07,33.63999938964844,33.7400016784668,33.209999084472656,33.5
2020-10-08,33.880001068115234,35.34000015258789,33.7599983215332,35.2599983215332
2020-10-09,35.68000030517578,35.95000076293945,34.650001525878906,34.7400016784668
2020-10-12,34.540000915527344,34.72999954223633,34.22999954223633,34.630001068115234
2020-10-13,34.72999954223633,34.869998931884766,34.099998474121094,34.220001220703125
2020-10-14,34.060001373291016,34.83000183105469,34.029998779296875,34.150001525878906
2020-10-15,33.70000076293945,34.459999084472656,33.27000045776367,34.45000076293945
2020-10-16,34.369998931884766,34.63999938964844,33.880001068115234,34.099998474121094
2020-10-19,34.099998474121094,34.369998931884766,33.38999938964844,33.41999816894531
2020-10-20,33.65999984741211,33.93000030517578,33.33000183105469,33.70000076293945
2020-10-21,33.5099983215332,33.619998931884766,33.13999938964844,33.15999984741211
2020-10-22,33.18000030517578,34.959999084472656,33.02000045776367,34.86000061035156
2020-10-23,34.970001220703125,35.08000183105469,33.86000061035156,34.15999984741211
2020-10-26,33.61000061035156,33.77000045776367,32.95000076293945,33.349998474121094
2020-10-27,33.150001525878906,33.20000076293945,32.70000076293945,32.81999969482422
2020-10-28,32.099998474121094,32.380001068115234,31.520000457763672,31.56999969482422
2020-10-29,31.40999984741211,33.130001068115234,31.110000610351562,32.970001220703125
2020-10-30,32.40999984741211,33.13999938964844,32.0099983215332,32.619998931884766
2020-11-02,33.13999938964844,34.459999084472656,32.56999969482422,33.9900016784668
2020-11-03,34.4900016784668,34.4900016784668,33.130001068115234,33.40999984741211
2020-11-04,33.27000045776367,34.13999938964844,32.529998779296875,33.22999954223633
2020-11-05,33.369998931884766,33.91999816894531,33.13999938964844,33.16999816894531
2020-11-06,33.099998474121094,33.65999984741211,32.619998931884766,32.779998779296875
2020-11-09,36.41999816894531,38.0099983215332,36.060001373291016,36.93000030517578
2020-11-10,37.04999923706055,37.43000030517578,35.97999954223633,36.86000061035156
2020-11-11,37.09000015258789,37.119998931884766,36.189998626708984,36.47999954223633
2020-11-12,35.86000061035156,36.290000915527344,34.869998931884766,35.22999954223633
2020-11-13,35.400001525878906,36.25,35.380001068115234,36.08000183105469
2020-11-16,37.59000015258789,38.16999816894531,37.099998474121094,38.15999984741211
2020-11-17,37.810001373291016,38.709999084472656,37.380001068115234,38.66999816894531
2020-11-18,39.02000045776367,39.130001068115234,37.20000076293945,37.209999084472656
2020-11-19,36.86000061035156,37.5,36.560001373291016,37.400001525878906
2020-11-20,37.349998474121094,37.40999984741211,36.779998779296875,36.939998626708984
2020-11-23,37.5,39.43000030517578,37.279998779296875,39.36000061035156
2020-11-24,40.5099983215332,42.08000183105469,40.220001220703125,41.97999954223633
2020-11-25,41.66999816894531,41.709999084472656,40.650001525878906,40.810001373291016
2020-11-27,40.70000076293945,40.939998626708984,39.869998931884766,40.189998626708984
2020-11-30,39.79999923706055,39.880001068115234,37.970001220703125,38.130001068115234
2020-12-01,38.959999084472656,39.650001525878906,38.470001220703125,38.5
2020-12-02,38.38999938964844,40.41999816894531,38.34000015258789,39.939998626708984
2020-12-03,40.06999969482422,40.63999938964844,39.72999954223633,40.209999084472656
2020-12-04,40.77000045776367,41.7599983215332,40.650001525878906,41.68000030517578
2020-12-07,41.41999816894531,41.540000915527344,40.66999816894531,40.900001525878906
2020-12-08,40.529998779296875,42.59000015258789,40.439998626708984,42.2400016784668
2020-12-09,42.709999084472656,43.72999954223633,42.380001068115234,42.79999923706055
2020-12-10,43.20000076293945,44.470001220703125,42.7599983215332,44.0099983215332
2020-12-11,43.70000076293945,43.93000030517578,43.209999084472656,43.79999923706055
2020-12-14,44.34000015258789,44.459999084472656,42.18000030517578,42.220001220703125
2020-12-15,42.439998626708984,43.220001220703125,42.060001373291016,43.040000915527344
2020-12-16,43.75,44.11000061035156,42.959999084472656,43.70000076293945
2020-12-17,44.0,44.040000915527344,43.400001525878906,43.47999954223633
2020-12-18,43.27000045776367,43.779998779296875,42.41999816894531,42.72999954223633
2020-12-21,41.11000061035156,42.08000183105469,40.529998779296875,41.95000076293945
2020-12-22,41.58000183105469,41.900001525878906,41.22999954223633,41.2400016784668
2020-12-23,41.5099983215332,42.38999938964844,41.459999084472656,41.77000045776367
2020-12-24,41.650001525878906,41.849998474121094,41.380001068115234,41.599998474121094
2020-12-28,41.689998626708984,42.54999923706055,41.52000045776367,41.7400016784668
2020-12-29,42.040000915527344,42.119998931884766,41.20000076293945,41.27000045776367
2020-12-30,41.33000183105469,42.41999816894531,41.27000045776367,41.599998474121094
2020-12-31,41.470001220703125,41.68000030517578,40.970001220703125,41.220001220703125
2021-01-04,41.45000076293945,42.25,41.0,41.5
2021-01-05,41.84000015258789,44.79999923706055,41.83000183105469,43.5
2021-01-06,44.40999984741211,45.099998474121094,43.70000076293945,44.61000061035156
2021-01-07,45.0,45.56999969482422,44.529998779296875,44.959999084472656
2021-01-08,45.20000076293945,45.81999969482422,44.95000076293945,45.459999084472656
2021-01-11,45.040000915527344,47.13999938964844,44.75,46.84000015258789
2021-01-12,47.459999084472656,48.16999816894531,46.90999984741211,47.880001068115234
2021-01-13,48.529998779296875,48.709999084472656,47.689998626708984,48.41999816894531
2021-01-14,48.5,51.08000183105469,48.5,50.310001373291016
2021-01-15,48.90999984741211,49.08000183105469,47.290000915527344,47.88999938964844
2021-01-19,48.45000076293945,49.439998626708984,48.349998474121094,48.84000015258789
2021-01-20,49.11000061035156,49.7400016784668,48.9900016784668,49.529998779296875
2021-01-21,49.33000183105469,49.38999938964844,47.68000030517578,48.11000061035156
2021-01-22,47.0099983215332,47.63999938964844,46.63999938964844,47.43000030517578
2021-01-25,46.900001525878906,47.04999923706055,46.15999984741211,46.900001525878906
2021-01-26,47.2599983215332,47.86000061035156,45.849998474121094,45.869998931884766
2021-01-27,45.0,46.65999984741211,44.529998779296875,45.349998474121094
2021-01-28,45.939998626708984,46.59000015258789,45.689998626708984,46.060001373291016
2021-01-29,45.54999923706055,46.040000915527344,44.5099983215332,44.84000015258789
2021-02-01,45.58000183105469,45.58000183105469,44.290000915527344,44.91999816894531
2021-02-02,45.810001373291016,46.9900016784668,45.279998779296875,45.630001068115234
2021-02-03,45.630001068115234,47.66999816894531,45.41999816894531,47.41999816894531
2021-02-04,47.880001068115234,48.380001068115234,47.25,48.33000183105469
2021-02-05,49.18000030517578,50.119998931884766,49.040000915527344,49.95000076293945
2021-02-08,50.91999816894531,52.36000061035156,50.709999084472656,52.099998474121094
2021-02-09,50.66999816894531,50.959999084472656,49.77000045776367,50.630001068115234
2021-02-10,50.630001068115234,51.41999816894531,50.38999938964844,51.119998931884766
2021-02-11,50.88999938964844,50.93000030517578,48.779998779296875,49.84000015258789
2021-02-12,49.43000030517578,50.709999084472656,49.40999984741211,50.52000045776367
2021-02-16,51.959999084472656,52.529998779296875,51.619998931884766,52.040000915527344
2021-02-17,52.349998474121094,53.27000045776367,51.79999923706055,52.849998474121094
2021-02-18,52.810001373291016,52.939998626708984,51.86000061035156,52.02000045776367
2021-02-19,52.11000061035156,52.560001373291016,51.91999816894531,52.369998931884766
2021-02-22,52.59000015258789,54.810001373291016,52.59000015258789,54.29999923706055
2021-02-23,54.97999954223633,55.2599983215332,53.7400016784668,55.04999923706055
2021-02-24,55.189998626708984,57.0,54.869998931884766,56.70000076293945
2021-02-25,56.97999954223633,57.25,55.349998474121094,55.7599983215332
2021-02-26,54.40999984741211,55.060001373291016,53.119998931884766,54.369998931884766
2021-03-01,56.470001220703125,57.61000061035156,56.130001068115234,56.400001525878906
2021-03-02,56.650001525878906,56.959999084472656,56.02000045776367,56.06999969482422
2021-03-03,56.41999816894531,57.959999084472656,55.880001068115234,56.52000045776367
2021-03-04,57.119998931884766,59.470001220703125,57.099998474121094,58.709999084472656
2021-03-05,59.83000183105469,61.04999923706055,59.11000061035156,60.93000030517578
2021-03-08,61.58000183105469,61.61000061035156,59.81999969482422,60.869998931884766
2021-03-09,60.61000061035156,61.38999938964844,59.470001220703125,59.93000030517578
2021-03-10,60.52000045776367,61.91999816894531,60.029998779296875,61.77000045776367
2021-03-11,61.779998779296875,62.54999923706055,61.2599983215332,61.310001373291016
2021-03-12,61.54999923706055,62.369998931884766,61.5,61.970001220703125
2021-03-15,61.4900016784668,61.86000061035156,59.869998931884766,60.38999938964844
2021-03-16,59.540000915527344,59.65999984741211,58.439998626708984,59.11000061035156
2021-03-17,58.689998626708984,59.72999954223633,58.619998931884766,59.369998931884766
2021-03-18,58.810001373291016,58.970001220703125,56.52000045776367,56.810001373291016
2021-03-19,56.709999084472656,57.470001220703125,55.810001373291016,56.4900016784668
2021-03-22,56.5,56.86000061035156,55.900001525878906,55.90999984741211
2021-03-23,54.939998626708984,56.290000915527344,54.45000076293945,55.220001220703125
2021-03-24,56.08000183105469,57.279998779296875,56.08000183105469,56.34000015258789
2021-03-25,55.209999084472656,56.5,54.5,56.18000030517578
2021-03-26,57.29999923706055,57.779998779296875,56.52000045776367,57.709999084472656
2021-03-29,57.34000015258789,57.81999969482422,56.7400016784668,57.400001525878906
2021-03-30,56.86000061035156,57.36000061035156,56.4900016784668,56.689998626708984
2021-03-31,56.349998474121094,56.630001068115234,55.79999923706055,55.83000183105469
2021-04-01,56.31999969482422,57.45000076293945,56.13999938964844,57.38999938964844
2021-04-05,57.29999923706055,57.31999969482422,56.13999938964844,56.5
2021-04-06,56.84000015258789,57.540000915527344,56.2599983215332,56.34000015258789
2021-04-07,56.38999938964844,56.77000045776367,56.2400016784668,56.59000015258789
2021-04-08,55.93000030517578,56.08000183105469,55.31999969482422,56.0
2021-04-09,56.0,56.439998626708984,55.529998779296875,55.869998931884766
2021-04-12,56.7599983215332,56.790000915527344,55.310001373291016,55.5
2021-04-13,55.29999923706055,55.97999954223633,55.09000015258789,55.709999084472656
2021-04-14,56.40999984741211,58.0099983215332,56.25,57.31999969482422
2021-04-15,57.41999816894531,57.41999816894531,56.779998779296875,56.97999954223633
2021-04-16,57.36000061035156,57.68000030517578,56.439998626708984,56.65999984741211
2021-04-19,56.75,57.13999938964844,55.959999084472656,56.47999954223633
2021-04-20,56.470001220703125,56.470001220703125,54.779998779296875,55.290000915527344
2021-04-21,54.5,56.130001068115234,54.29999923706055,56.0
2021-04-22,55.9900016784668,55.9900016784668,55.02000045776367,55.27000045776367
2021-04-23,55.27000045776367,55.939998626708984,55.18000030517578,55.56999969482422
2021-04-26,55.470001220703125,56.290000915527344,55.439998626708984,55.68000030517578
2021-04-27,56.0099983215332,56.630001068115234,55.810001373291016,56.40999984741211
2021-04-28,56.90999984741211,58.459999084472656,56.790000915527344,58.11000061035156
2021-04-29,58.91999816894531,59.47999954223633,58.150001525878906,58.939998626708984
2021-04-30,58.33000183105469,58.88999938964844,57.15999984741211,57.2400016784668
2021-05-03,57.97999954223633,58.9900016784668,57.7400016784668,58.81999969482422
2021-05-04,59.0,59.5,58.5099983215332,59.189998626708984
2021-05-05,59.77000045776367,61.04999923706055,59.400001525878906,60.970001220703125
2021-05-06,60.86000061035156,61.63999938964844,60.029998779296875,61.54999923706055
2021-05-07,61.06999969482422,62.470001220703125,60.849998474121094,62.43000030517578
2021-05-10,63.2400016784668,64.0199966430664,62.529998779296875,62.58000183105469
2021-05-11,61.630001068115234,62.38999938964844,60.38999938964844,60.59000015258789
2021-05-12,60.0099983215332,61.68000030517578,59.75,60.040000915527344
2021-05-13,59.0,60.45000076293945,58.75,59.29999923706055
2021-05-14,59.93000030517578,60.880001068115234,59.93000030517578,60.77000045776367
2021-05-17,60.540000915527344,62.25,60.43000030517578,62.189998626708984
2021-05-18,62.0,62.29999923706055,60.400001525878906,60.43000030517578
2021-05-19,59.099998474121094,59.86000061035156,58.41999816894531,58.97999954223633
2021-05-20,58.95000076293945,59.150001525878906,58.2400016784668,58.84000015258789
2021-05-21,59.41999816894531,59.83000183105469,58.849998474121094,58.91999816894531
2021-05-24,59.08000183105469,59.79999923706055,58.689998626708984,59.61000061035156
2021-05-25,59.5,59.540000915527344,58.119998931884766,58.2599983215332
2021-05-26,58.25,59.119998931884766,57.900001525878906,58.939998626708984
2021-05-27,59.22999954223633,59.70000076293945,58.02000045776367,58.560001373291016
2021-05-28,58.72999954223633,58.79999923706055,58.11000061035156,58.369998931884766
2021-06-01,59.45000076293945,60.70000076293945,59.45000076293945,60.459999084472656
2021-06-02,60.75,61.310001373291016,60.16999816894531,60.939998626708984
2021-06-03,60.54999923706055,61.40999984741211,60.349998474121094,61.18000030517578
2021-06-04,61.459999084472656,61.70000076293945,60.779998779296875,61.45000076293945
2021-06-07,61.33000183105469,61.72999954223633,61.02000045776367,61.04999923706055
2021-06-08,61.5,62.47999954223633,60.66999816894531,62.130001068115234
2021-06-09,62.66999816894531,63.41999816894531,62.189998626708984,62.650001525878906
2021-06-10,63.61000061035156,63.97999954223633,62.25,62.75
2021-06-11,63.0099983215332,63.189998626708984,62.13999938964844,62.16999816894531
2021-06-14,62.29999923706055,62.779998779296875,61.56999969482422,62.06999969482422
2021-06-15,62.47999954223633,64.4000015258789,62.349998474121094,64.33000183105469
2021-06-16,64.31999969482422,64.80000305175781,63.560001373291016,64.0999984741211
2021-06-17,63.86000061035156,64.45999908447266,61.27000045776367,61.9900016784668
2021-06-18,61.0,61.54999923706055,60.2400016784668,60.400001525878906
2021-06-21,60.93000030517578,62.70000076293945,60.900001525878906,62.59000015258789
2021-06-22,62.849998474121094,64.01000213623047,62.22999954223633,63.790000915527344
2021-06-23,64.05000305175781,64.69999694824219,63.58000183105469,64.26000213623047
2021-06-24,64.1500015258789,64.55999755859375,63.810001373291016,64.5199966430664
2021-06-25,64.61000061035156,64.93000030517578,64.36000061035156,64.66000366210938
2021-06-28,64.55999755859375,64.55999755859375,62.75,63.0099983215332
2021-06-29,63.209999084472656,63.77000045776367,62.59000015258789,62.619998931884766
2021-06-30,62.70000076293945,63.22999954223633,62.45000076293945,63.08000183105469
2021-07-01,64.33000183105469,64.41999816894531,62.77000045776367,63.2599983215332
2021-07-02,63.0099983215332,63.31999969482422,62.41999816894531,63.16999816894531
2021-07-06,62.75,62.7599983215332,60.900001525878906,61.369998931884766
2021-07-07,61.18000030517578,61.810001373291016,59.619998931884766,60.40999984741211
2021-07-08,59.45000076293945,60.709999084472656,59.310001373291016,60.13999938964844
2021-07-09,60.70000076293945,61.45000076293945,60.2400016784668,61.22999954223633
2021-07-12,60.41999816894531,61.5,60.15999984741211,61.16999816894531
2021-07-13,61.0,61.5099983215332,60.5099983215332,60.880001068115234
2021-07-14,61.16999816894531,61.72999954223633,59.36000061035156,59.529998779296875
2021-07-15,59.16999816894531,59.70000076293945,58.77000045776367,58.95000076293945
2021-07-16,59.18000030517578,59.2599983215332,57.150001525878906,57.31999969482422
2021-07-19,55.63999938964844,56.20000076293945,54.599998474121094,55.349998474121094
2021-07-20,55.5,56.599998474121094,55.029998779296875,55.959999084472656
2021-07-21,56.86000061035156,58.29999923706055,56.83000183105469,57.7599983215332
2021-07-22,57.72999954223633,57.7400016784668,56.65999984741211,57.11000061035156
2021-07-23,57.290000915527344,57.290000915527344,56.470001220703125,57.040000915527344
2021-07-26,57.15999984741211,58.650001525878906,57.0,58.47999954223633
2021-07-27,58.0099983215332,58.0099983215332,57.209999084472656,57.83000183105469
2021-07-28,58.0,58.630001068115234,57.619998931884766,58.220001220703125
2021-07-29,59.0,59.33000183105469,58.560001373291016,58.93000030517578
2021-07-30,58.880001068115234,58.880001068115234,57.31999969482422,57.56999969482422
2021-08-02,57.54999923706055,59.060001373291016,57.400001525878906,57.58000183105469
2021-08-03,57.56999969482422,58.40999984741211,56.93000030517578,58.20000076293945
2021-08-04,57.189998626708984,57.880001068115234,56.810001373291016,56.84000015258789
2021-08-05,57.130001068115234,57.70000076293945,56.83000183105469,57.20000076293945
2021-08-06,57.65999984741211,58.06999969482422,57.529998779296875,57.86000061035156
2021-08-09,57.130001068115234,57.52000045776367,56.83000183105469,57.20000076293945
2021-08-10,57.41999816894531,58.36000061035156,57.29999923706055,58.18000030517578
2021-08-11,58.189998626708984,58.5,57.720001220703125,58.349998474121094
2021-08-12,57.400001525878906,57.790000915527344,56.869998931884766,57.349998474121094
2021-08-13,57.029998779296875,57.06999969482422,56.29999923706055,56.77000045776367
2021-08-16,56.02000045776367,56.09000015258789,55.27000045776367,55.939998626708984
2021-08-17,55.5,56.29999923706055,55.0,55.560001373291016
2021-08-18,55.41999816894531,55.810001373291016,54.310001373291016,54.38999938964844
2021-08-19,53.470001220703125,53.709999084472656,52.099998474121094,52.72999954223633
2021-08-20,52.27000045776367,53.13999938964844,52.11000061035156,52.7400016784668
2021-08-23,53.95000076293945,55.060001373291016,53.95000076293945,54.90999984741211
2021-08-24,55.290000915527344,55.849998474121094,55.0099983215332,55.36000061035156
2021-08-25,55.2400016784668,55.77000045776367,54.869998931884766,55.459999084472656
2021-08-26,55.20000076293945,55.540000915527344,54.630001068115234,54.709999084472656
2021-08-27,55.400001525878906,56.209999084472656,55.400001525878906,55.77000045776367
2021-08-30,56.2400016784668,56.34000015258789,55.119998931884766,55.15999984741211
2021-08-31,54.93000030517578,55.310001373291016,54.459999084472656,54.52000045776367
2021-09-01,54.4900016784668,54.7599983215332,53.599998474121094,53.77000045776367
2021-09-02,54.290000915527344,55.63999938964844,54.27000045776367,55.08000183105469
2021-09-03,55.119998931884766,55.31999969482422,54.599998474121094,54.869998931884766
2021-09-07,54.66999816894531,55.27000045776367,54.470001220703125,54.54999923706055
2021-09-08,54.790000915527344,55.18000030517578,54.0099983215332,54.04999923706055
2021-09-09,53.619998931884766,55.0,53.29999923706055,54.09000015258789
2021-09-10,55.189998626708984,55.22999954223633,53.95000076293945,53.97999954223633
2021-09-13,54.650001525878906,55.93000030517578,54.619998931884766,55.369998931884766
2021-09-14,55.689998626708984,55.77000045776367,54.40999984741211,54.58000183105469
2021-09-15,55.369998931884766,56.529998779296875,55.310001373291016,56.41999816894531
2021-09-16,56.459999084472656,56.459999084472656,55.5,55.81999969482422
2021-09-17,55.34000015258789,56.75,55.099998474121094,55.15999984741211
2021-09-20,53.779998779296875,54.16999816894531,52.959999084472656,53.689998626708984
2021-09-21,54.369998931884766,54.5099983215332,53.25,53.63999938964844
2021-09-22,54.43000030517578,55.90999984741211,54.369998931884766,55.209999084472656
2021-09-23,55.41999816894531,57.2400016784668,55.279998779296875,57.08000183105469
2021-09-24,56.70000076293945,57.81999969482422,56.68000030517578,57.59000015258789
2021-09-27,58.849998474121094,59.79999923706055,58.81999969482422,59.29999923706055
2021-09-28,59.900001525878906,60.47999954223633,59.5099983215332,59.91999816894531
2021-09-29,59.84000015258789,60.189998626708984,59.04999923706055,59.880001068115234
2021-09-30,60.119998931884766,60.16999816894531,58.810001373291016,58.81999969482422
2021-10-01,59.40999984741211,60.9900016784668,59.40999984741211,60.93000030517578
2021-10-04,61.31999969482422,62.06999969482422,60.95000076293945,61.720001220703125
2021-10-05,62.52000045776367,62.70000076293945,61.02000045776367,61.619998931884766
2021-10-06,60.470001220703125,61.119998931884766,59.75,60.4900016784668
2021-10-07,60.61000061035156,61.08000183105469,60.13999938964844,60.65999984741211
2021-10-08,61.25,62.41999816894531,61.25,62.18000030517578
2021-10-11,63.029998779296875,63.060001373291016,61.5,61.560001373291016
2021-10-12,61.56999969482422,61.97999954223633,60.849998474121094,61.2400016784668
2021-10-13,60.779998779296875,61.38999938964844,60.209999084472656,61.06999969482422
2021-10-14,61.709999084472656,62.220001220703125,61.16999816894531,62.0
2021-10-15,62.72999954223633,63.06999969482422,62.439998626708984,62.59000015258789
2021-10-18,63.09000015258789,63.13999938964844,62.27000045776367,62.560001373291016
2021-10-19,62.869998931884766,63.61000061035156,62.66999816894531,63.5
2021-10-20,62.88999938964844,63.869998931884766,62.720001220703125,63.849998474121094
2021-10-21,63.470001220703125,63.63999938964844,62.349998474121094,62.689998626708984
2021-10-22,62.77000045776367,63.220001220703125,62.349998474121094,63.119998931884766
2021-10-25,63.720001220703125,64.41999816894531,63.58000183105469,64.3499984741211
2021-10-26,64.48999786376953,65.94000244140625,64.36000061035156,65.83999633789062
2021-10-27,65.16000366210938,65.25,63.97999954223633,64.12999725341797
2021-10-28,63.81999969482422,64.47000122070312,63.630001068115234,64.30999755859375
2021-10-29,65.05000305175781,65.36000061035156,64.33000183105469,64.47000122070312
2021-11-01,65.06999969482422,66.08000183105469,65.0199966430664,65.62999725341797
2021-11-02,65.02999877929688,65.44999694824219,64.66000366210938,64.81999969482422
2021-11-03,64.04000091552734,64.44999694824219,63.65999984741211,63.93000030517578
2021-11-04,64.68000030517578,64.88999938964844,63.83000183105469,64.41000366210938
2021-11-05,65.05000305175781,65.33000183105469,64.55999755859375,65.0199966430664
2021-11-08,65.55000305175781,66.37999725341797,65.37999725341797,65.72000122070312
2021-11-09,65.7699966430664,66.37000274658203,65.30999755859375,66.36000061035156
2021-11-10,65.31999969482422,65.6500015258789,63.77000045776367,64.19000244140625
2021-11-11,64.19000244140625,64.83000183105469,64.0199966430664,64.30999755859375
2021-11-12,63.959999084472656,64.37000274658203,63.58000183105469,63.81999969482422
2021-11-15,63.7599983215332,64.7699966430664,63.220001220703125,64.37000274658203
2021-11-16,64.33999633789062,65.37000274658203,64.33999633789062,65.0199966430664
2021-11-17,64.37999725341797,65.23999786376953,64.18000030517578,64.30999755859375
2021-11-18,64.16000366210938,64.52999877929688,63.11000061035156,63.61000061035156
2021-11-19,61.88999938964844,62.029998779296875,60.40999984741211,60.66999816894531
2021-11-22,60.31999969482422,62.540000915527344,60.31999969482422,61.5099983215332
2021-11-23,62.189998626708984,63.380001068115234,61.91999816894531,63.130001068115234
2021-11-24,62.58000183105469,63.849998474121094,62.58000183105469,63.47999954223633
2021-11-26,60.52000045776367,61.41999816894531,59.540000915527344,61.25
2021-11-29,62.56999969482422,63.13999938964844,61.290000915527344,61.59000015258789
2021-11-30,60.459999084472656,61.189998626708984,59.65999984741211,59.84000015258789
2021-12-01,60.900001525878906,62.029998779296875,59.75,59.790000915527344
2021-12-02,59.7400016784668,61.58000183105469,59.13999938964844,61.279998779296875
2021-12-03,61.91999816894531,62.22999954223633,60.349998474121094,60.88999938964844
2021-12-06,61.720001220703125,62.15999984741211,61.41999816894531,61.58000183105469
2021-12-07,62.34000015258789,63.029998779296875,62.099998474121094,62.27000045776367
2021-12-08,62.61000061035156,63.189998626708984,62.34000015258789,62.45000076293945
2021-12-09,62.04999923706055,62.77000045776367,61.810001373291016,62.61000061035156
2021-12-10,63.27000045776367,63.349998474121094,62.22999954223633,63.0099983215332
2021-12-13,62.470001220703125,62.720001220703125,61.349998474121094,61.630001068115234
2021-12-14,61.2599983215332,62.470001220703125,61.220001220703125,61.540000915527344
2021-12-15,61.189998626708984,61.5,60.0099983215332,61.27000045776367
2021-12-16,61.439998626708984,62.45000076293945,61.29999923706055,61.369998931884766
2021-12-17,60.95000076293945,61.279998779296875,59.689998626708984,60.029998779296875
2021-12-20,58.790000915527344,59.25,57.959999084472656,59.15999984741211
2021-12-21,59.75,60.68000030517578,59.720001220703125,60.5
2021-12-22,60.34000015258789,61.369998931884766,59.970001220703125,60.9900016784668
2021-12-23,61.16999816894531,61.84000015258789,61.0,61.02000045776367
2021-12-27,60.93000030517578,61.95000076293945,60.41999816894531,61.88999938964844
2021-12-28,61.90999984741211,62.310001373291016,61.400001525878906,61.689998626708984
2021-12-29,61.47999954223633,61.599998474121094,60.91999816894531,61.150001525878906
2021-12-30,61.220001220703125,61.599998474121094,60.77000045776367,60.790000915527344
2021-12-31,60.7400016784668,61.470001220703125,60.70000076293945,61.189998626708984
2022-01-03,61.2400016784668,63.599998474121094,61.209999084472656,63.540000915527344
2022-01-04,64.12999725341797,66.19000244140625,64.0999984741211,65.93000030517578
2022-01-05,66.5,67.61000061035156,66.4800033569336,66.75
2022-01-06,68.0,68.4800033569336,67.06999969482422,68.31999969482422
2022-01-07,68.5199966430664,69.18000030517578,67.9800033569336,68.87999725341797
2022-01-10,68.97000122070312,69.16999816894531,67.94999694824219,68.47000122070312
2022-01-11,68.88999938964844,71.4000015258789,68.58000183105469,71.3499984741211
2022-01-12,71.13999938964844,71.80999755859375,70.63999938964844,71.13999938964844
2022-01-13,71.12000274658203,71.58000183105469,70.30999755859375,70.62999725341797
2022-01-14,70.6500015258789,72.1500015258789,70.5999984741211,71.87000274658203
2022-01-18,72.81999969482422,73.87999725341797,72.01000213623047,73.08000183105469
2022-01-19,73.75,73.86000061035156,72.55000305175781,73.11000061035156
2022-01-20,72.5,74.37000274658203,72.26000213623047,73.2699966430664
2022-01-21,73.18000030517578,73.18000030517578,71.04000091552734,72.16999816894531
2022-01-24,70.87999725341797,73.08000183105469,69.80999755859375,72.79000091552734
2022-01-25,72.58999633789062,75.23999786376953,71.38999938964844,74.93000030517578
2022-01-26,75.43000030517578,76.0,73.48999786376953,74.16999816894531
2022-01-27,75.45999908447266,76.01000213623047,73.98999786376953,75.12000274658203
2022-01-28,74.97000122070312,75.62000274658203,73.94999694824219,75.27999877929688
2022-01-31,74.97000122070312,76.41999816894531,74.2699966430664,75.95999908447266
2022-02-01,76.44999694824219,81.51000213623047,76.2699966430664,80.83000183105469
2022-02-02,80.05999755859375,80.80999755859375,79.1500015258789,80.62000274658203
2022-02-03,80.08999633789062,80.30999755859375,79.0199966430664,79.68000030517578
2022-02-04,80.87000274658203,82.52999877929688,80.87000274658203,81.41000366210938
2022-02-07,81.13999938964844,83.08000183105469,80.63999938964844,82.38999938964844
2022-02-08,82.2699966430664,82.5,79.91999816894531,80.26000213623047
2022-02-09,79.58000183105469,80.02999877929688,78.70999908447266,79.0
2022-02-10,78.72000122070312,79.68000030517578,77.79000091552734,78.23999786376953
2022-02-11,78.62000274658203,80.31999969482422,78.2300033569336,80.20999908447266
2022-02-14,79.58000183105469,79.83999633789062,77.05000305175781,78.9800033569336
2022-02-15,76.9000015258789,78.19000244140625,76.41999816894531,77.98999786376953
2022-02-16,78.79000091552734,79.7300033569336,78.04000091552734,78.3499984741211
2022-02-17,78.4800033569336,79.12000274658203,77.94999694824219,78.2300033569336
2022-02-18,77.16000366210938,78.16999816894531,76.88999938964844,77.36000061035156
2022-02-22,79.66999816894531,79.79000091552734,75.30999755859375,76.45999908447266
2022-02-23,76.45999908447266,77.47000122070312,76.12999725341797,76.7699966430664
2022-02-24,79.0,79.02999877929688,74.02999877929688,75.80000305175781
2022-02-25,76.69000244140625,77.98999786376953,76.26000213623047,77.83999633789062
2022-02-28,76.51000213623047,78.93000030517578,76.19999694824219,78.41999816894531
2022-03-01,78.7699966430664,80.6500015258789,78.33000183105469,79.16999816894531
2022-03-02,80.5999984741211,82.1500015258789,79.81999969482422,80.52999877929688
2022-03-03,79.86000061035156,81.7699966430664,79.62999725341797,81.04000091552734
2022-03-04,81.05000305175781,84.27999877929688,80.66000366210938,84.08999633789062
2022-03-07,84.91999816894531,87.2300033569336,83.9000015258789,87.12000274658203
2022-03-08,89.05000305175781,91.51000213623047,85.43000030517578,87.77999877929688
2022-03-09,84.02999877929688,86.56999969482422,81.5999984741211,82.79000091552734
2022-03-10,84.01000213623047,85.68000030517578,82.9000015258789,85.36000061035156
2022-03-11,84.06999969482422,86.2300033569336,83.97000122070312,84.91999816894531
2022-03-14,83.05999755859375,83.44999694824219,80.5,81.87999725341797
2022-03-15,78.81999969482422,79.16999816894531,76.37000274658203,77.22000122070312
2022-03-16,77.80999755859375,78.62000274658203,76.25,76.93000030517578
2022-03-17,78.18000030517578,79.1500015258789,77.06999969482422,78.9800033569336
2022-03-18,79.05999755859375,79.38999938964844,78.0999984741211,78.66999816894531
2022-03-21,80.12000274658203,82.5199966430664,79.73999786376953,82.19999694824219
2022-03-22,81.62999725341797,82.19999694824219,80.79000091552734,81.83999633789062
2022-03-23,83.33999633789062,84.2699966430664,83.05000305175781,83.12999725341797
2022-03-24,83.45999908447266,84.6500015258789,82.75,83.37999725341797
2022-03-25,82.91999816894531,85.48999786376953,82.79000091552734,85.19999694824219
2022-03-28,83.16999816894531,83.30999755859375,82.0199966430664,82.80999755859375
2022-03-29,80.80999755859375,82.48999786376953,79.76000213623047,82.37000274658203
2022-03-30,83.05999755859375,84.01000213623047,82.70999908447266,83.77999877929688
2022-03-31,82.87000274658203,84.4000015258789,82.55000305175781,82.58999633789062
2022-04-01,81.98999786376953,84.13999938964844,81.98999786376953,83.12000274658203
2022-04-04,83.55999755859375,83.66000366210938,82.05000305175781,83.16000366210938
2022-04-05,83.5,85.06999969482422,82.55999755859375,82.7300033569336
2022-04-06,83.41999816894531,84.69999694824219,82.94000244140625,83.6500015258789
2022-04-07,83.83000183105469,85.44000244140625,82.70999908447266,85.05000305175781
2022-04-08,85.16999816894531,87.20999908447266,85.16999816894531,86.83999633789062
2022-04-11,85.77999877929688,85.93000030517578,83.5,83.8499984741211
2022-04-12,85.70999908447266,86.81999969482422,85.37999725341797,85.5999984741211
2022-04-13,86.61000061035156,87.11000061035156,85.19000244140625,86.80999755859375
2022-04-14,86.66999816894531,88.45999908447266,86.2300033569336,87.83000183105469
2022-04-18,88.5,88.88999938964844,87.75,88.55000305175781
2022-04-19,88.01000213623047,88.66000366210938,87.2699966430664,87.76000213623047
2022-04-20,87.97000122070312,88.5,87.30000305175781,87.95999908447266
2022-04-21,88.94999694824219,89.80000305175781,86.79000091552734,87.02999877929688
2022-04-22,86.66000366210938,88.12000274658203,85.0,85.12999725341797
2022-04-25,82.37000274658203,82.66000366210938,79.29000091552734,82.26000213623047
2022-04-26,82.7300033569336,84.72000122070312,82.18000030517578,82.29000091552734
2022-04-27,83.38999938964844,85.4800033569336,82.27999877929688,84.63999938964844
2022-04-28,84.87999725341797,88.13999938964844,84.06999969482422,87.19999694824219
2022-04-29,88.13999938964844,88.13999938964844,84.69999694824219,85.25
2022-05-02,85.01000213623047,87.04000091552734,84.62999725341797,86.41000366210938
2022-05-03,86.26000213623047,88.77999877929688,86.12000274658203,88.19000244140625
2022-05-04,89.5,91.87999725341797,88.91000366210938,91.69999694824219
2022-05-05,92.04000091552734,92.05000305175781,88.38999938964844,90.30999755859375
2022-05-06,90.9800033569336,91.81999969482422,89.3499984741211,91.69000244140625
2022-05-09,89.44000244140625,89.55999755859375,84.0199966430664,84.45999908447266
2022-05-10,85.63999938964844,86.88999938964844,83.5199966430664,85.0199966430664
2022-05-11,86.43000030517578,88.94000244140625,86.27999877929688,86.79000091552734
2022-05-12,85.94999694824219,86.37999725341797,83.4000015258789,86.30000305175781
2022-05-13,87.36000061035156,88.94999694824219,86.3499984741211,88.86000061035156
2022-05-16,88.9800033569336,91.9800033569336,88.97000122070312,90.94999694824219
2022-05-17,91.7300033569336,92.44999694824219,91.12000274658203,92.11000061035156
2022-05-18,92.51000213623047,92.91999816894531,89.83000183105469,90.6500015258789
2022-05-19,89.0,92.30000305175781,89.0,91.13999938964844
2022-05-20,91.93000030517578,93.58999633789062,90.4000015258789,91.86000061035156
2022-05-23,92.66000366210938,94.7699966430664,92.55000305175781,93.88999938964844
2022-05-24,92.81999969482422,94.79000091552734,92.31999969482422,94.4000015258789
2022-05-25,94.58000183105469,96.52999877929688,94.47000122070312,96.30000305175781
2022-05-26,96.5999984741211,97.43000030517578,96.19999694824219,96.63999938964844
2022-05-27,95.94999694824219,97.93000030517578,95.30000305175781,97.58999633789062
2022-05-31,98.55999755859375,99.77999877929688,95.70999908447266,96.0
2022-06-01,97.0199966430664,98.70999908447266,96.62000274658203,97.83999633789062
2022-06-02,97.29000091552734,98.0999984741211,96.79000091552734,97.66999816894531
2022-06-03,97.9000015258789,99.66000366210938,97.9000015258789,99.08999633789062
2022-06-06,99.18000030517578,99.77999877929688,98.66999816894531,98.83999633789062
2022-06-07,99.69999694824219,103.43000030517578,99.48999786376953,103.37000274658203
2022-06-08,103.48999786376953,105.56999969482422,102.9800033569336,104.58999633789062
2022-06-09,103.41999816894531,104.56999969482422,102.16000366210938,102.33000183105469
2022-06-10,101.94000244140625,103.3499984741211,99.79000091552734,100.45999908447266
2022-06-13,97.5199966430664,97.7699966430664,93.91999816894531,95.8499984741211
2022-06-14,97.41000366210938,98.66999816894531,95.2699966430664,96.0999984741211
2022-06-15,95.98999786376953,96.56999969482422,93.2699966430664,94.88999938964844
2022-06-16,92.41000366210938,93.12999725341797,90.27999877929688,91.38999938964844
2022-06-17,90.95999908447266,91.3499984741211,85.66000366210938,86.12000274658203
2022-06-21,88.58000183105469,92.52999877929688,88.5199966430664,91.4800033569336
2022-06-22,87.54000091552734,89.76000213623047,87.52999877929688,87.86000061035156
2022-06-23,88.66000366210938,89.05000305175781,83.5199966430664,85.20999908447266
2022-06-24,86.94999694824219,88.4000015258789,85.80999755859375,86.9000015258789
2022-06-27,87.80999755859375,90.04000091552734,87.66999816894531,89.02999877929688
2022-06-28,91.12000274658203,93.23999786376953,90.3499984741211,91.5
2022-06-29,92.9800033569336,93.19999694824219,87.76000213623047,88.12000274658203
2022-06-30,86.13999938964844,87.5999984741211,84.66999816894531,85.63999938964844
2022-07-01,86.73999786376953,87.87999725341797,84.70999908447266,87.55000305175781
2022-07-05,86.33999633789062,86.69999694824219,83.01000213623047,84.80999755859375
2022-07-06,83.76000213623047,85.2300033569336,81.01000213623047,83.27999877929688
2022-07-07,85.37999725341797,86.76000213623047,85.30000305175781,85.94000244140625
2022-07-08,86.94999694824219,87.30000305175781,84.93000030517578,86.08000183105469
2022-07-11,85.16999816894531,86.12000274658203,84.36000061035156,85.63999938964844
2022-07-12,83.77999877929688,85.05000305175781,82.86000061035156,84.5
2022-07-13,83.37999725341797,86.30999755859375,83.30000305175781,84.83999633789062
2022-07-14,81.8499984741211,83.30999755859375,80.69000244140625,83.13999938964844
2022-07-15,84.80000305175781,84.87999725341797,82.9000015258789,84.54000091552734
2022-07-18,86.58000183105469,87.94000244140625,85.75,86.0999984741211
2022-07-19,86.41999816894531,88.5199966430664,86.25,88.2699966430664
2022-07-20,87.58000183105469,89.6500015258789,87.25,89.23999786376953
2022-07-21,86.93000030517578,87.80000305175781,85.20999908447266,87.75
2022-07-22,87.55000305175781,88.47000122070312,86.62999725341797,87.08000183105469
2022-07-25,88.16000366210938,90.12999725341797,87.41999816894531,89.9800033569336
2022-07-26,91.12999725341797,91.27999877929688,89.0,89.62999725341797
2022-07-27,90.27999877929688,92.0,89.4000015258789,91.56999969482422
2022-07-28,92.18000030517578,93.25,91.01000213623047,92.63999938964844
2022-07-29,94.44999694824219,97.5199966430664,94.0999984741211,96.93000030517578
2022-08-01,94.79000091552734,95.3499984741211,93.2300033569336,94.4800033569336
2022-08-02,94.69000244140625,95.19999694824219,93.81999969482422,94.06999969482422
2022-08-03,94.41999816894531,94.41999816894531,90.79000091552734,91.0199966430664
2022-08-04,90.30999755859375,90.33999633789062,86.43000030517578,87.19000244140625
2022-08-05,86.36000061035156,89.69000244140625,86.27999877929688,88.44999694824219
2022-08-08,88.61000061035156,89.5999984741211,88.22000122070312,88.94999694824219
2022-08-09,90.05000305175781,91.61000061035156,89.94999694824219,90.58999633789062
2022-08-10,90.68000030517578,91.79000091552734,89.19000244140625,91.44999694824219
2022-08-11,91.83999633789062,94.30000305175781,91.44000244140625,93.19000244140625
2022-08-12,92.4800033569336,94.0199966430664,92.11000061035156,94.0
2022-08-15,90.52999877929688,92.7300033569336,89.66000366210938,92.31999969482422
2022-08-16,92.02999877929688,92.88999938964844,91.29000091552734,91.45999908447266
2022-08-17,91.2699966430664,93.20999908447266,90.91999816894531,92.19999694824219
2022-08-18,93.1500015258789,95.30999755859375,93.08999633789062,94.37999725341797
2022-08-19,94.16000366210938,95.19999694824219,93.80000305175781,94.08000183105469
2022-08-22,93.41999816894531,94.48999786376953,91.86000061035156,94.01000213623047
2022-08-23,95.55000305175781,98.41000366210938,95.44999694824219,98.0
2022-08-24,98.01000213623047,98.97000122070312,97.36000061035156,98.58000183105469
2022-08-25,98.91999816894531,99.86000061035156,98.0999984741211,99.08999633789062
2022-08-26,98.7699966430664,99.91000366210938,97.41999816894531,97.87000274658203
2022-08-29,98.18000030517578,101.55999755859375,98.13999938964844,100.12000274658203
2022-08-30,98.36000061035156,98.62000274658203,95.81999969482422,96.30999755859375
2022-08-31,94.02999877929688,96.83999633789062,93.58999633789062,95.58999633789062
2022-09-01,94.41999816894531,95.06999969482422,92.29000091552734,93.87000274658203
2022-09-02,96.3499984741211,96.79000091552734,95.11000061035156,95.58999633789062
2022-09-06,96.16000366210938,96.58999633789062,94.51000213623047,94.94999694824219
2022-09-07,93.19000244140625,94.58999633789062,92.30000305175781,94.13999938964844
2022-09-08,94.66000366210938,95.41999816894531,93.72000122070312,94.91000366210938
2022-09-09,96.5199966430664,97.0,95.31999969482422,96.5
2022-09-12,97.6500015258789,99.19000244140625,96.87999725341797,97.61000061035156
2022-09-13,96.61000061035156,97.77999877929688,94.91000366210938,95.33000183105469
2022-09-14,96.19000244140625,98.55999755859375,96.1500015258789,97.66999816894531
2022-09-15,96.22000122070312,96.54000091552734,94.05000305175781,94.83000183105469
2022-09-16,95.06999969482422,95.33999633789062,92.0,93.20999908447266
2022-09-19,91.01000213623047,93.48999786376953,91.0,93.19999694824219
2022-09-20,92.7300033569336,92.93000030517578,91.63999938964844,92.44000244140625
2022-09-21,93.56999969482422,93.87999725341797,90.87000274658203,90.94999694824219
2022-09-22,92.19999694824219,92.66000366210938,90.5199966430664,90.56999969482422
2022-09-23,87.5,87.5,84.8499984741211,85.75
2022-09-26,84.9000015258789,86.22000122070312,83.88999938964844,83.9800033569336
2022-09-27,85.61000061035156,86.95999908447266,84.80999755859375,85.73999786376953
2022-09-28,86.12000274658203,89.30000305175781,85.91999816894531,88.86000061035156
2022-09-29,88.18000030517578,89.36000061035156,87.12999725341797,88.68000030517578
2022-09-30,88.16999816894531,89.04000091552734,87.30999755859375,87.30999755859375
2022-10-03,90.04000091552734,92.36000061035156,89.72000122070312,91.91999816894531
2022-10-04,93.23999786376953,95.36000061035156,92.70999908447266,95.2699966430664
2022-10-05,95.75,99.98999786376953,95.66000366210938,99.12000274658203
2022-10-06,98.47000122070312,102.18000030517578,98.33000183105469,102.05999755859375
2022-10-07,102.19000244140625,103.31999969482422,100.18000030517578,101.02999877929688
2022-10-10,101.48999786376953,102.02999877929688,98.72000122070312,98.83999633789062
2022-10-11,97.22000122070312,99.76000213623047,96.75,98.0
2022-10-12,97.5,98.91000366210938,97.2300033569336,98.43000030517578
2022-10-13,97.55000305175781,102.44999694824219,97.4000015258789,101.87000274658203
2022-10-14,101.12000274658203,102.23999786376953,99.04000091552734,99.19000244140625
2022-10-17,101.06999969482422,101.97000122070312,100.5,100.62000274658203
2022-10-18,101.54000091552734,102.3499984741211,99.2300033569336,100.80000305175781
2022-10-19,101.25,103.98999786376953,101.2300033569336,103.79000091552734
2022-10-20,104.31999969482422,105.0,103.41000366210938,103.93000030517578
2022-10-21,104.44999694824219,106.4000015258789,103.91000366210938,105.86000061035156
2022-10-24,105.66000366210938,107.68000030517578,105.12000274658203,106.5999984741211
2022-10-25,106.41000366210938,107.33000183105469,105.06999969482422,105.87999725341797
2022-10-26,106.26000213623047,107.83000183105469,106.0,107.13999938964844
2022-10-27,108.41000366210938,109.58000183105469,107.41999816894531,107.55000305175781
2022-10-28,109.45999908447266,111.20999908447266,108.12000274658203,110.69999694824219
2022-10-31,109.5,112.91000366210938,109.44000244140625,110.80999755859375
2022-11-01,112.37000274658203,112.56999969482422,110.6500015258789,111.91000366210938
2022-11-02,111.58000183105469,112.0999984741211,109.30999755859375,109.61000061035156
2022-11-03,108.58000183105469,111.81999969482422,108.30999755859375,111.0999984741211
2022-11-04,113.0,113.5,110.80000305175781,112.30999755859375
2022-11-07,112.41000366210938,113.98999786376953,112.12999725341797,113.63999938964844
2022-11-08,113.4800033569336,114.66000366210938,112.5999984741211,114.0
2022-11-09,113.0999984741211,113.27999877929688,108.56999969482422,108.9000015258789
2022-11-10,110.19000244140625,110.69999694824219,107.56999969482422,110.5
2022-11-11,112.58000183105469,114.5,112.48999786376953,113.94999694824219
2022-11-14,112.62999725341797,114.63999938964844,112.48999786376953,113.37000274658203
2022-11-15,113.80000305175781,114.52999877929688,112.87000274658203,114.12999725341797
2022-11-16,113.44000244140625,114.26000213623047,111.86000061035156,112.91000366210938
2022-11-17,111.29000091552734,113.19999694824219,110.75,113.05999755859375
2022-11-18,110.9000015258789,112.4800033569336,109.61000061035156,112.08000183105469
2022-11-21,109.98999786376953,111.19999694824219,107.4800033569336,110.97000122070312
2022-11-22,112.20999908447266,114.47000122070312,111.43000030517578,114.18000030517578
2022-11-23,112.31999969482422,113.94999694824219,112.0999984741211,113.61000061035156
2022-11-25,113.87999725341797,114.61000061035156,113.05999755859375,113.20999908447266
2022-11-28,110.66000366210938,111.45999908447266,109.62000274658203,109.80999755859375
2022-11-29,110.61000061035156,111.80000305175781,109.79000091552734,110.54000091552734
2022-11-30,111.54000091552734,111.9000015258789,109.77999877929688,111.33999633789062
2022-12-01,111.63999938964844,112.06999969482422,110.18000030517578,110.80000305175781
2022-12-02,109.51000213623047,111.70999908447266,109.19999694824219,109.86000061035156
2022-12-05,110.69999694824219,111.36000061035156,105.94000244140625,106.8499984741211
2022-12-06,105.9000015258789,107.04000091552734,103.1500015258789,103.87999725341797
2022-12-07,103.77999877929688,104.8499984741211,102.37000274658203,103.6500015258789
2022-12-08,106.27999877929688,106.80000305175781,103.70999908447266,104.41999816894531
2022-12-09,104.58999633789062,105.94999694824219,103.30000305175781,103.54000091552734
2022-12-12,103.83000183105469,106.23999786376953,103.58999633789062,106.08999633789062
2022-12-13,107.80000305175781,108.54000091552734,107.0199966430664,107.25
2022-12-14,107.98999786376953,108.30000305175781,105.75,106.45999908447266
2022-12-15,105.33000183105469,106.16999816894531,103.69999694824219,105.44000244140625
2022-12-16,103.69000244140625,105.58000183105469,103.12999725341797,104.69999694824219
2022-12-19,105.26000213623047,106.19999694824219,104.37999725341797,105.16999816894531
2022-12-20,105.16999816894531,107.51000213623047,105.06999969482422,106.69000244140625
2022-12-21,108.29000091552734,108.58999633789062,107.16000366210938,108.05999755859375
2022-12-22,107.88999938964844,108.19000244140625,104.0999984741211,105.87999725341797
2022-12-23,106.94999694824219,108.73999786376953,106.9000015258789,108.68000030517578
2022-12-27,109.2699966430664,110.47000122070312,108.83000183105469,110.19000244140625
2022-12-28,109.91000366210938,110.0,107.9000015258789,108.37999725341797
2022-12-29,107.98999786376953,109.72000122070312,107.98999786376953,109.19999694824219
2022-12-30,108.61000061035156,110.5,108.61000061035156,110.30000305175781
2023-01-03,109.77999877929688,110.0199966430664,105.48999786376953,106.51000213623047
2023-01-04,104.80000305175781,107.16000366210938,104.76000213623047,106.81999969482422
2023-01-05,106.33999633789062,109.94999694824219,106.30999755859375,109.20999908447266
2023-01-06,110.08000183105469,111.98999786376953,109.66999816894531,110.52999877929688
2023-01-09,111.63999938964844,111.63999938964844,107.80999755859375,108.47000122070312
2023-01-10,109.79000091552734,110.33000183105469,108.01000213623047,110.08999633789062
2023-01-11,110.98999786376953,111.44999694824219,109.08999633789062,111.37000274658203
2023-01-12,111.81999969482422,113.73999786376953,111.73999786376953,113.22000122070312
2023-01-13,113.11000061035156,113.48999786376953,112.16000366210938,113.1500015258789
2023-01-17,113.41000366210938,114.08000183105469,112.66999816894531,112.93000030517578
2023-01-18,113.26000213623047,114.12000274658203,110.4000015258789,110.61000061035156
2023-01-19,110.06999969482422,112.12999725341797,109.58000183105469,111.31999969482422
2023-01-20,111.36000061035156,113.44000244140625,110.61000061035156,113.3499984741211
2023-01-23,113.63999938964844,114.58999633789062,112.63999938964844,112.76000213623047
2023-01-24,109.16000366210938,114.0199966430664,104.87000274658203,113.80999755859375
2023-01-25,113.2300033569336,113.6500015258789,111.38999938964844,113.20999908447266
2023-01-26,114.72000122070312,117.77999877929688,114.33999633789062,117.76000213623047
2023-01-27,116.94999694824219,117.66999816894531,115.38999938964844,115.61000061035156
2023-01-30,115.08999633789062,115.48999786376953,113.1500015258789,113.55999755859375
2023-01-31,112.0999984741211,116.4000015258789,110.43000030517578,116.01000213623047
2023-02-01,115.83000183105469,117.37999725341797,113.33999633789062,114.73999786376953
2023-02-02,114.8499984741211,115.06999969482422,109.83000183105469,111.1500015258789
2023-02-03,111.9000015258789,114.11000061035156,111.55999755859375,111.91999816894531
2023-02-06,112.36000061035156,113.08999633789062,110.31999969482422,111.7300033569336
2023-02-07,112.38999938964844,115.30999755859375,112.0199966430664,114.91999816894531
2023-02-08,115.05000305175781,115.83000183105469,113.8499984741211,113.91999816894531
2023-02-09,114.62000274658203,116.23999786376953,114.18000030517578,114.3499984741211
2023-02-10,116.51000213623047,119.62999725341797,116.16000366210938,119.16999816894531
2023-02-13,117.72000122070312,118.18000030517578,115.9000015258789,117.80000305175781
2023-02-14,117.01000213623047,117.80999755859375,116.0199966430664,116.41999816894531
2023-02-15,115.72000122070312,116.08999633789062,114.13999938964844,116.06999969482422
2023-02-16,115.30999755859375,116.77999877929688,114.80000305175781,115.7300033569336
2023-02-17,114.19000244140625,114.19000244140625,110.9800033569336,111.27999877929688
2023-02-21,110.80999755859375,112.37999725341797,110.80999755859375,111.16999816894531
2023-02-22,110.4800033569336,110.97000122070312,108.63999938964844,109.7300033569336
2023-02-23,110.7300033569336,111.83000183105469,109.9000015258789,110.73999786376953
2023-02-24,109.33000183105469,110.95999908447266,109.0199966430664,110.75
2023-02-27,110.80000305175781,111.26000213623047,109.95999908447266,110.55000305175781
2023-02-28,111.23999786376953,111.36000061035156,109.22000122070312,109.91000366210938
2023-03-01,109.30999755859375,111.86000061035156,109.23999786376953,110.88999938964844
2023-03-02,110.62000274658203,111.69999694824219,110.16999816894531,111.4000015258789
2023-03-03,110.05000305175781,113.37000274658203,109.94999694824219,112.80999755859375
2023-03-06,111.98999786376953,113.83999633789062,111.87000274658203,113.80999755859375
2023-03-07,112.80999755859375,113.16999816894531,111.16999816894531,111.61000061035156
2023-03-08,111.2300033569336,112.41999816894531,109.06999969482422,109.9800033569336
2023-03-09,110.87000274658203,112.2300033569336,109.02999877929688,109.12999725341797
2023-03-10,109.55999755859375,111.04000091552734,107.1500015258789,107.77999877929688
2023-03-13,105.33999633789062,107.86000061035156,103.72000122070312,106.54000091552734
2023-03-14,106.3499984741211,109.01000213623047,104.95999908447266,106.94000244140625
2023-03-15,102.81999969482422,104.19999694824219,100.22000122070312,101.62000274658203
2023-03-16,99.11000061035156,101.68000030517578,98.0199966430664,101.02999877929688
2023-03-17,100.5999984741211,101.61000061035156,99.13999938964844,99.83999633789062
2023-03-20,99.62999725341797,102.4800033569336,99.5,102.44999694824219
2023-03-21,104.16999816894531,107.27999877929688,104.12999725341797,107.04000091552734
2023-03-22,106.80000305175781,107.18000030517578,104.55999755859375,104.58999633789062
2023-03-23,105.36000061035156,106.33999633789062,102.44000244140625,103.41000366210938
2023-03-24,101.47000122070312,103.8499984741211,100.91000366210938,103.52999877929688
2023-03-27,104.73999786376953,106.4800033569336,103.91000366210938,105.80000305175781
2023-03-28,105.44000244140625,107.6500015258789,105.19000244140625,107.12000274658203
2023-03-29,108.05999755859375,109.16000366210938,107.48999786376953,108.95999908447266
2023-03-30,109.55000305175781,109.56999969482422,108.5199966430664,109.48999786376953
2023-03-31,109.68000030517578,110.16999816894531,109.05000305175781,109.66000366210938
2023-04-03,113.38999938964844,116.8499984741211,113.12000274658203,116.12999725341797
2023-04-04,116.26000213623047,116.69999694824219,114.16999816894531,115.0199966430664
2023-04-05,115.3499984741211,117.0,114.30999755859375,116.98999786376953
2023-04-06,116.86000061035156,117.18000030517578,114.7699966430664,115.05000305175781
2023-04-10,114.77999877929688,116.18000030517578,114.16999816894531,114.54000091552734
2023-04-11,114.95999908447266,116.19999694824219,114.37999725341797,115.3499984741211
2023-04-12,116.16000366210938,116.58999633789062,114.93000030517578,115.2300033569336
2023-04-13,114.5999984741211,115.88999938964844,114.12999725341797,115.7699966430664
2023-04-14,115.9000015258789,116.66000366210938,115.12000274658203,116.05000305175781
2023-04-17,115.48999786376953,116.51000213623047,114.41999816894531,114.69999694824219
2023-04-18,114.38999938964844,117.20999908447266,114.30000305175781,116.94000244140625
2023-04-19,116.08000183105469,116.9000015258789,115.7699966430664,116.56999969482422
2023-04-20,115.12999725341797,115.68000030517578,113.2300033569336,115.63999938964844
2023-04-21,116.48999786376953,116.87999725341797,115.26000213623047,116.01000213623047
2023-04-24,115.91999816894531,118.88999938964844,115.87999725341797,118.19999694824219
2023-04-25,117.55000305175781,117.73999786376953,115.62999725341797,116.5199966430664
2023-04-26,116.02999877929688,117.08999633789062,114.68000030517578,115.44999694824219
2023-04-27,115.62000274658203,117.01000213623047,114.87999725341797,116.83000183105469
2023-04-28,117.25,119.91999816894531,116.83000183105469,118.33999633789062
2023-05-01,115.98999786376953,117.30000305175781,114.44999694824219,114.66999816894531
2023-05-02,113.94000244140625,113.94000244140625,109.29000091552734,110.0999984741211
2023-05-03,109.08000183105469,109.80999755859375,107.76000213623047,107.93000030517578
2023-05-04,107.9000015258789,108.75,105.91000366210938,106.04000091552734
2023-05-05,108.55000305175781,109.43000030517578,107.52999877929688,108.68000030517578
2023-05-08,110.5,110.97000122070312,109.04000091552734,109.11000061035156
2023-05-09,108.33999633789062,110.2300033569336,108.20999908447266,109.13999938964844
2023-05-10,109.73999786376953,110.01000213623047,106.70999908447266,107.73999786376953
2023-05-11,106.48999786376953,106.81999969482422,104.93000030517578,105.79000091552734
2023-05-12,106.30999755859375,107.01000213623047,104.77999877929688,105.77999877929688
2023-05-15,105.51000213623047,105.93000030517578,104.58000183105469,105.06999969482422
2023-05-16,104.62999725341797,104.80999755859375,102.0199966430664,102.5199966430664
2023-05-17,103.38999938964844,105.2300033569336,102.8499984741211,104.81999969482422
2023-05-18,104.55000305175781,105.91000366210938,104.12999725341797,105.7699966430664
2023-05-19,106.56999969482422,107.05000305175781,105.81999969482422,106.26000213623047
2023-05-22,105.83999633789062,107.04000091552734,104.87999725341797,104.97000122070312
2023-05-23,105.98999786376953,108.22000122070312,105.75,106.4000015258789
2023-05-24,107.37999725341797,108.51000213623047,106.7300033569336,107.58999633789062
2023-05-25,105.94000244140625,106.43000030517578,104.70999908447266,105.66000366210938
2023-05-26,106.47000122070312,106.94999694824219,104.83000183105469,104.97000122070312
2023-05-30,103.29000091552734,104.12000274658203,102.61000061035156,104.04000091552734
2023-05-31,102.29000091552734,103.04000091552734,101.73999786376953,102.18000030517578
2023-06-01,101.75,105.58000183105469,101.26000213623047,103.36000061035156
2023-06-02,105.16000366210938,106.12999725341797,104.52999877929688,105.76000213623047
2023-06-05,107.19000244140625,107.19000244140625,105.08999633789062,105.29000091552734
2023-06-06,104.1500015258789,106.2699966430664,103.9800033569336,106.1500015258789
2023-06-07,106.79000091552734,108.88999938964844,106.7300033569336,108.52999877929688
2023-06-08,108.7699966430664,109.13999938964844,105.9000015258789,108.19000244140625
2023-06-09,108.45999908447266,108.61000061035156,107.16000366210938,107.38999938964844
2023-06-12,105.80999755859375,107.05999755859375,105.55999755859375,106.41999816894531
2023-06-13,107.37999725341797,108.33999633789062,106.27999877929688,106.44000244140625
2023-06-14,107.44999694824219,108.11000061035156,104.38999938964844,105.16000366210938
2023-06-15,105.5,107.02999877929688,105.44000244140625,105.88999938964844
2023-06-16,106.36000061035156,106.7699966430664,104.95999908447266,105.12999725341797
2023-06-20,104.68000030517578,104.7699966430664,102.12000274658203,102.72000122070312
2023-06-21,102.5,104.62999725341797,102.33000183105469,103.87000274658203
2023-06-22,102.83999633789062,103.88999938964844,102.6500015258789,103.30000305175781
2023-06-23,102.58999633789062,102.81999969482422,101.62000274658203,102.4000015258789
2023-06-26,102.19999694824219,104.91000366210938,102.19999694824219,104.29000091552734
2023-06-27,104.05000305175781,104.61000061035156,103.2699966430664,104.55000305175781
2023-06-28,104.30999755859375,105.81999969482422,103.19999694824219,105.4000015258789
2023-06-29,105.66000366210938,106.7300033569336,105.12999725341797,106.69999694824219
2023-06-30,107.31999969482422,107.87999725341797,106.80999755859375,107.25
2023-07-03,107.48999786376953,108.45999908447266,107.06999969482422,107.45999908447266
2023-07-05,107.62999725341797,107.91999816894531,106.0999984741211,106.91000366210938
2023-07-06,105.08999633789062,105.72000122070312,102.43000030517578,102.91999816894531
2023-07-07,101.91999816894531,104.0,101.55999755859375,103.16000366210938
2023-07-10,102.97000122070312,104.75,102.75,104.69000244140625
2023-07-11,105.26000213623047,106.16000366210938,104.80999755859375,105.97000122070312
2023-07-12,107.0,107.6500015258789,106.12999725341797,106.48999786376953
2023-07-13,105.97000122070312,106.2300033569336,103.31999969482422,104.54000091552734
2023-07-14,104.05000305175781,104.05000305175781,100.52999877929688,100.94000244140625
2023-07-17,100.72000122070312,101.66999816894531,100.22000122070312,101.37999725341797
2023-07-18,100.91999816894531,102.19999694824219,100.33999633789062,100.91999816894531
2023-07-19,101.05000305175781,102.4000015258789,100.80000305175781,101.62000274658203
2023-07-20,102.54000091552734,103.66000366210938,102.36000061035156,103.41000366210938
2023-07-21,104.16000366210938,104.37999725341797,103.26000213623047,103.88999938964844
2023-07-24,104.36000061035156,106.16000366210938,103.95999908447266,105.5199966430664
2023-07-25,105.05999755859375,106.08999633789062,104.54000091552734,105.68000030517578
2023-07-26,105.11000061035156,105.72000122070312,104.63999938964844,105.08999633789062
2023-07-27,106.0,106.98999786376953,104.73999786376953,105.41999816894531
2023-07-28,105.11000061035156,105.16000366210938,102.31999969482422,104.16000366210938
2023-07-31,105.19000244140625,107.86000061035156,105.19000244140625,107.23999786376953
2023-08-01,106.94999694824219,107.31999969482422,105.52999877929688,106.62000274658203
2023-08-02,106.26000213623047,106.37999725341797,104.56999969482422,105.29000091552734
2023-08-03,105.88999938964844,107.87999725341797,105.30000305175781,107.12000274658203
2023-08-04,107.95999908447266,109.23999786376953,107.33000183105469,107.41999816894531
2023-08-07,107.9000015258789,108.41999816894531,106.51000213623047,107.19999694824219
2023-08-08,106.04000091552734,107.75,104.83999633789062,107.7300033569336
2023-08-09,108.70999908447266,110.41999816894531,108.30999755859375,109.55999755859375
2023-08-10,110.19000244140625,111.62999725341797,109.44000244140625,110.12000274658203
2023-08-11,110.37000274658203,112.06999969482422,110.05000305175781,111.83000183105469
2023-08-14,111.68000030517578,111.9800033569336,110.77999877929688,111.91999816894531
2023-08-15,110.75,110.86000061035156,107.97000122070312,108.16000366210938
2023-08-16,108.27999877929688,109.33000183105469,106.27999877929688,106.33999633789062
2023-08-17,107.41999816894531,110.1500015258789,107.41999816894531,108.4000015258789
2023-08-18,107.63999938964844,110.19999694824219,107.62000274658203,110.04000091552734
2023-08-21,110.36000061035156,110.9800033569336,108.13999938964844,108.70999908447266
2023-08-22,109.16999816894531,109.72000122070312,107.94999694824219,108.0999984741211
2023-08-23,107.04000091552734,107.30000305175781,105.72000122070312,107.1500015258789
2023-08-24,106.41999816894531,107.7699966430664,106.06999969482422,106.3499984741211
2023-08-25,107.43000030517578,108.93000030517578,106.62000274658203,108.25
2023-08-28,108.44999694824219,110.04000091552734,108.44000244140625,109.16000366210938
2023-08-29,109.66000366210938,110.0199966430664,108.41999816894531,109.80999755859375
2023-08-30,110.44000244140625,111.13999938964844,109.9800033569336,110.87999725341797
2023-08-31,111.12000274658203,111.41999816894531,110.62000274658203,111.19000244140625
2023-09-01,112.19999694824219,113.81999969482422,112.19999694824219,113.5199966430664
2023-09-05,114.0999984741211,115.83000183105469,113.5,113.52999877929688
2023-09-06,113.4800033569336,114.58999633789062,113.2300033569336,114.51000213623047
2023-09-07,114.6500015258789,115.8499984741211,113.69999694824219,113.94999694824219
2023-09-08,114.52999877929688,116.05000305175781,114.31999969482422,115.61000061035156
2023-09-11,116.18000030517578,116.68000030517578,113.56999969482422,114.16000366210938
2023-09-12,115.33999633789062,117.66999816894531,115.2699966430664,117.48999786376953
2023-09-13,117.41000366210938,117.95999908447266,115.9000015258789,116.44000244140625
2023-09-14,117.55000305175781,118.66000366210938,117.33000183105469,118.5199966430664
2023-09-15,117.9000015258789,118.51000213623047,116.5,116.69999694824219
2023-09-18,117.52999877929688,118.23999786376953,116.69999694824219,117.63999938964844
2023-09-19,118.62000274658203,118.83999633789062,116.61000061035156,117.33000183105469
2023-09-20,116.54000091552734,118.0199966430664,116.31999969482422,116.4000015258789
2023-09-21,116.9800033569336,117.37000274658203,114.5999984741211,114.76000213623047
2023-09-22,115.70999908447266,116.68000030517578,114.80999755859375,114.94000244140625
2023-09-25,115.08999633789062,116.6500015258789,114.83000183105469,116.2300033569336
2023-09-26,115.5,116.7300033569336,115.37000274658203,116.41000366210938
2023-09-27,117.88999938964844,120.5,117.4000015258789,120.19999694824219
2023-09-28,119.9800033569336,120.69999694824219,118.19000244140625,119.47000122070312
2023-09-29,119.0999984741211,119.18000030517578,116.7300033569336,117.58000183105469
2023-10-02,117.52999877929688,117.79000091552734,114.55000305175781,115.62999725341797
2023-10-03,115.44000244140625,116.44000244140625,115.02999877929688,115.83000183105469
2023-10-04,114.05000305175781,114.08999633789062,110.5,111.5
2023-10-05,109.80000305175781,110.9000015258789,108.69999694824219,108.98999786376953
2023-10-06,105.7300033569336,108.2699966430664,105.11000061035156,107.16999816894531
2023-10-09,110.44000244140625,112.06999969482422,109.5199966430664,110.91999816894531
2023-10-10,111.0199966430664,111.44999694824219,110.12000274658203,110.44999694824219
2023-10-11,106.95999908447266,107.16999816894531,104.83000183105469,106.48999786376953
2023-10-12,107.58999633789062,107.83999633789062,106.08999633789062,106.47000122070312
2023-10-13,108.02999877929688,110.19999694824219,107.83999633789062,109.87000274658203
2023-10-16,110.5,110.68000030517578,109.12999725341797,109.94999694824219
2023-10-17,109.7300033569336,111.80000305175781,109.68000030517578,111.38999938964844
2023-10-18,111.81999969482422,113.38999938964844,111.69999694824219,112.94999694824219
2023-10-19,112.72000122070312,113.97000122070312,111.33000183105469,113.0199966430664
2023-10-20,112.91999816894531,113.31999969482422,110.79000091552734,111.08000183105469
2023-10-23,110.62999725341797,110.95999908447266,108.68000030517578,109.44999694824219
2023-10-24,109.69999694824219,109.81999969482422,108.12000274658203,108.38999938964844
2023-10-25,108.5199966430664,109.5,108.12999725341797,108.58999633789062
2023-10-26,107.44999694824219,108.33999633789062,106.5,107.5999984741211
2023-10-27,108.88999938964844,109.86000061035156,104.95999908447266,105.55000305175781
2023-10-30,105.73999786376953,106.41999816894531,105.20999908447266,105.87999725341797
2023-10-31,105.58000183105469,106.16000366210938,104.54000091552734,105.8499984741211
2023-11-01,106.52999877929688,107.16999816894531,105.45999908447266,105.63999938964844
2023-11-02,105.87999725341797,109.19000244140625,105.5,109.11000061035156
2023-11-03,108.4000015258789,108.77999877929688,106.54000091552734,107.77999877929688
2023-11-06,108.16999816894531,108.2699966430664,105.7699966430664,105.87000274658203
2023-11-07,104.47000122070312,104.86000061035156,103.29000091552734,104.20999908447266
2023-11-08,103.7300033569336,104.9000015258789,102.88999938964844,102.93000030517578
2023-11-09,103.66999816894531,103.97000122070312,102.86000061035156,102.95999908447266
2023-11-10,103.93000030517578,104.41000366210938,102.91000366210938,103.75
2023-11-13,104.05000305175781,105.13999938964844,103.80999755859375,104.83999633789062
2023-11-14,104.30000305175781,104.81999969482422,103.87000274658203,104.29000091552734
2023-11-15,103.95999908447266,105.1500015258789,103.5,103.66000366210938
2023-11-16,102.9000015258789,103.2699966430664,101.1500015258789,102.45999908447266
2023-11-17,103.05999755859375,105.43000030517578,102.75,104.95999908447266
2023-11-20,105.37999725341797,105.87999725341797,104.43000030517578,104.5
2023-11-21,104.20999908447266,104.69999694824219,103.22000122070312,104.45999908447266
2023-11-22,102.58000183105469,104.12000274658203,101.94000244140625,104.01000213623047
2023-11-24,104.0199966430664,105.47000122070312,103.91000366210938,104.56999969482422
2023-11-27,104.0999984741211,104.4000015258789,103.18000030517578,103.95999908447266
2023-11-28,104.23999786376953,104.91000366210938,103.87999725341797,103.9000015258789
2023-11-29,104.2699966430664,104.58000183105469,101.63999938964844,102.33999633789062
2023-11-30,103.11000061035156,104.4800033569336,101.80999755859375,102.73999786376953
2023-12-01,102.5,104.22000122070312,102.22000122070312,102.98999786376953
2023-12-04,102.12999725341797,103.36000061035156,101.58999633789062,102.43000030517578
2023-12-05,102.2699966430664,102.33999633789062,100.29000091552734,100.44000244140625
2023-12-06,100.0,100.72000122070312,98.33999633789062,99.11000061035156
2023-12-07,99.86000061035156,100.83999633789062,98.08999633789062,98.41999816894531
2023-12-08,99.0199966430664,99.79000091552734,98.75,99.55000305175781
2023-12-11,99.80000305175781,99.86000061035156,98.58000183105469,99.62000274658203
2023-12-12,98.68000030517578,98.68000030517578,97.4800033569336,98.05000305175781
2023-12-13,98.04000091552734,99.02999877929688,97.66000366210938,98.91999816894531
2023-12-14,99.8499984741211,102.13999938964844,99.72000122070312,101.58000183105469
2023-12-15,100.58999633789062,101.0,100.30999755859375,100.9000015258789
2023-12-18,102.12999725341797,103.11000061035156,101.5199966430664,101.6500015258789
2023-12-19,102.0,103.19000244140625,101.79000091552734,102.98999786376953
2023-12-20,103.5,103.94000244140625,101.12999725341797,101.2699966430664
2023-12-21,101.47000122070312,102.01000213623047,100.80999755859375,101.7300033569336
2023-12-22,102.30999755859375,102.94000244140625,101.81999969482422,101.91000366210938
2023-12-26,102.73999786376953,103.02999877929688,102.12000274658203,102.13999938964844
2023-12-27,102.04000091552734,102.55000305175781,101.33999633789062,101.66000366210938
2023-12-28,101.38999938964844,101.61000061035156,100.12999725341797,100.19000244140625
2023-12-29,100.37000274658203,100.58999633789062,99.62000274658203,99.9800033569336
2024-01-02,100.91999816894531,103.0999984741211,100.8499984741211,102.36000061035156
2024-01-03,102.2699966430664,103.62000274658203,101.66000366210938,103.22000122070312
2024-01-04,104.08000183105469,104.56999969482422,102.05000305175781,102.31999969482422
2024-01-05,103.16999816894531,103.4000015258789,102.12999725341797,102.62999725341797
2024-01-08,100.7300033569336,101.04000091552734,98.9000015258789,100.91999816894531
2024-01-09,101.29000091552734,101.29000091552734,99.19000244140625,99.66999816894531
2024-01-10,99.80000305175781,99.80000305175781,98.16000366210938,98.69000244140625
2024-01-11,99.04000091552734,99.5,98.55999755859375,98.66999816894531
2024-01-12,100.13999938964844,100.6500015258789,99.16999816894531,99.94999694824219
2024-01-16,99.81999969482422,100.01000213623047,97.52999877929688,97.69000244140625
2024-01-17,96.5999984741211,97.95999908447266,96.58000183105469,96.9800033569336
2024-01-18,97.0,97.08999633789062,95.81999969482422,96.80000305175781
2024-01-19,96.72000122070312,97.0199966430664,96.41000366210938,96.94999694824219
2024-01-22,96.69999694824219,97.0999984741211,95.7699966430664,96.81999969482422
2024-01-23,96.80999755859375,98.5,96.7300033569336,97.91000366210938
2024-01-24,98.31999969482422,99.6500015258789,97.73999786376953,99.5999984741211
2024-01-25,100.30999755859375,102.18000030517578,99.62000274658203,102.12999725341797
2024-01-26,101.97000122070312,103.08000183105469,101.19000244140625,103.0
2024-01-29,102.9800033569336,103.19999694824219,101.86000061035156,103.12999725341797
2024-01-30,102.41000366210938,104.87999725341797,102.0999984741211,104.8499984741211
2024-01-31,104.73999786376953,104.87999725341797,102.7699966430664,102.80999755859375
2024-02-01,103.56999969482422,104.01000213623047,101.62000274658203,102.38999938964844
2024-02-02,103.75,104.0,101.61000061035156,101.97000122070312
2024-02-05,101.44999694824219,102.37999725341797,100.5,101.55000305175781
2024-02-06,102.06999969482422,103.04000091552734,101.56999969482422,102.25
2024-02-07,102.25,102.7300033569336,101.18000030517578,102.22000122070312
2024-02-08,102.33999633789062,104.41999816894531,102.11000061035156,103.97000122070312
2024-02-09,104.0999984741211,104.83999633789062,101.69999694824219,101.7699966430664
2024-02-12,102.16000366210938,103.4000015258789,102.0,103.16999816894531
2024-02-13,102.76000213623047,103.08999633789062,100.5999984741211,101.33999633789062
2024-02-14,101.87000274658203,102.62000274658203,100.41999816894531,100.83999633789062
2024-02-15,100.5999984741211,103.94000244140625,100.5999984741211,103.7300033569336
2024-02-16,104.01000213623047,104.62999725341797,103.5199966430664,103.7300033569336
2024-02-20,103.83999633789062,104.12000274658203,102.6500015258789,102.75
2024-02-21,103.0199966430664,104.9800033569336,102.98999786376953,104.8499984741211
2024-02-22,104.16000366210938,105.41000366210938,103.44999694824219,104.76000213623047
2024-02-23,103.87999725341797,104.08999633789062,102.87999725341797,103.83999633789062
2024-02-26,103.72000122070312,104.94000244140625,103.05000305175781,104.25
2024-02-27,104.68000030517578,105.1500015258789,103.8499984741211,104.02999877929688
2024-02-28,104.47000122070312,105.43000030517578,104.0,104.31999969482422
2024-02-29,104.68000030517578,105.06999969482422,104.22000122070312,104.5199966430664
2024-03-01,105.72000122070312,106.38999938964844,105.37999725341797,105.83999633789062
2024-03-04,105.66000366210938,105.8499984741211,104.02999877929688,104.36000061035156
2024-03-05,104.52999877929688,106.2699966430664,104.31999969482422,105.63999938964844
2024-03-06,106.62000274658203,107.56999969482422,106.1500015258789,106.7699966430664
2024-03-07,106.5999984741211,107.9800033569336,106.5999984741211,107.37000274658203
2024-03-08,107.2300033569336,108.4000015258789,106.7699966430664,108.37999725341797
2024-03-11,108.25,109.12000274658203,107.33999633789062,109.0199966430664
2024-03-12,109.05999755859375,109.27999877929688,108.02999877929688,108.31999969482422
2024-03-13,109.13999938964844,110.3499984741211,109.11000061035156,109.52999877929688
2024-03-14,109.83000183105469,111.55000305175781,109.69000244140625,111.47000122070312
2024-03-15,110.8499984741211,112.30000305175781,110.8499984741211,111.2699966430664
2024-03-18,111.79000091552734,112.86000061035156,111.0999984741211,112.30000305175781
2024-03-19,112.22000122070312,113.48999786376953,112.05999755859375,113.08999633789062
2024-03-20,112.72000122070312,113.4000015258789,112.12999725341797,112.98999786376953
2024-03-21,112.91999816894531,113.91000366210938,112.56999969482422,113.48999786376953
2024-03-22,113.4800033569336,113.69000244140625,112.81999969482422,113.48999786376953
2024-03-25,113.83000183105469,115.77999877929688,113.83000183105469,114.6500015258789
2024-03-26,114.66000366210938,114.9800033569336,113.41000366210938,113.79000091552734
2024-03-27,113.4800033569336,115.05999755859375,113.41000366210938,114.97000122070312
2024-03-28,115.52999877929688,116.44999694824219,115.05999755859375,116.23999786376953
2024-04-01,116.41000366210938,117.23999786376953,115.37999725341797,116.98999786376953
2024-04-02,117.91999816894531,119.5999984741211,117.33000183105469,119.27999877929688
2024-04-03,119.4800033569336,119.75,118.7300033569336,119.30000305175781
2024-04-04,119.05000305175781,119.87999725341797,118.63999938964844,119.72000122070312
2024-04-05,119.9800033569336,122.1500015258789,119.63999938964844,121.37000274658203
2024-04-08,121.08000183105469,121.73999786376953,120.20999908447266,120.55000305175781
2024-04-09,121.0,121.6500015258789,120.33999633789062,121.18000030517578
2024-04-10,121.22000122070312,122.47000122070312,120.7300033569336,122.19999694824219
2024-04-11,122.69000244140625,122.69000244140625,120.33999633789062,121.79000091552734
2024-04-12,122.94999694824219,123.75,119.66999816894531,120.37000274658203
2024-04-15,121.08999633789062,121.69000244140625,119.44999694824219,119.68000030517578
2024-04-16,119.55999755859375,120.22000122070312,117.91999816894531,118.69000244140625
2024-04-17,118.55000305175781,119.3499984741211,117.12000274658203,118.62999725341797
2024-04-18,119.0,119.72000122070312,117.97000122070312,118.5199966430664
2024-04-19,119.16000366210938,120.93000030517578,118.94999694824219,119.87999725341797
2024-04-22,119.26000213623047,121.56999969482422,118.43000030517578,120.55999755859375
2024-04-23,120.0,121.05999755859375,119.44999694824219,121.02999877929688
2024-04-24,120.30000305175781,121.26000213623047,119.38999938964844,121.05000305175781
2024-04-25,121.02999877929688,121.76000213623047,119.4000015258789,121.33000183105469
2024-04-26,119.0,119.0999984741211,116.22000122070312,117.95999908447266
2024-04-29,117.76000213623047,120.05000305175781,117.76000213623047,119.63999938964844
2024-04-30,119.11000061035156,120.19999694824219,117.9800033569336,118.2699966430664
2024-05-01,118.27999877929688,118.47000122070312,115.66000366210938,116.02999877929688
2024-05-02,116.26000213623047,117.26000213623047,115.9000015258789,116.23999786376953
2024-05-03,116.0,116.06999969482422,114.12999725341797,116.0
2024-05-06,116.66999816894531,118.33999633789062,116.4000015258789,116.75
2024-05-07,117.27999877929688,117.58000183105469,115.93000030517578,116.16999816894531
2024-05-08,115.70999908447266,116.94999694824219,115.41000366210938,116.1500015258789
2024-05-09,116.19999694824219,118.52999877929688,116.19000244140625,118.44000244140625
2024-05-10,118.54000091552734,118.66000366210938,117.58000183105469,117.95999908447266
2024-05-13,118.41999816894531,119.04000091552734,117.12000274658203,117.91000366210938
2024-05-14,116.79000091552734,117.73999786376953,116.4800033569336,117.66999816894531
2024-05-15,117.61000061035156,118.83999633789062,116.08000183105469,118.58000183105469
2024-05-16,118.54000091552734,119.30000305175781,117.54000091552734,117.87000274658203
2024-05-17,118.30000305175781,119.83000183105469,117.95999908447266,119.63999938964844
2024-05-20,119.7300033569336,119.88999938964844,118.55000305175781,118.66999816894531
2024-05-21,118.4000015258789,119.44999694824219,117.77999877929688,117.8499984741211
2024-05-22,117.45999908447266,117.45999908447266,114.95999908447266,115.4800033569336
2024-05-23,115.5999984741211,117.51000213623047,113.36000061035156,113.51000213623047
2024-05-24,114.83999633789062,115.08000183105469,113.04000091552734,113.41999816894531
2024-05-28,113.5199966430664,115.11000061035156,113.06999969482422,114.86000061035156
2024-05-29,114.52999877929688,114.55000305175781,112.80999755859375,113.62999725341797
2024-05-30,113.2699966430664,114.12999725341797,112.95999908447266,113.98999786376953
2024-05-31,114.12000274658203,117.48999786376953,113.98999786376953,117.26000213623047
2024-06-03,116.30000305175781,116.36000061035156,113.76000213623047,114.44999694824219
2024-06-04,113.0,113.08999633789062,110.91999816894531,112.66999816894531
2024-06-05,112.88999938964844,113.19000244140625,111.4800033569336,113.12000274658203
2024-06-06,112.75,114.04000091552734,112.11000061035156,113.97000122070312
2024-06-07,113.79000091552734,114.9000015258789,112.66999816894531,112.75
2024-06-10,113.05999755859375,114.22000122070312,112.69999694824219,113.08000183105469
2024-06-11,112.48999786376953,112.66999816894531,111.30999755859375,112.16999816894531
2024-06-12,113.30000305175781,113.30000305175781,110.54000091552734,110.93000030517578
2024-06-13,110.83999633789062,110.86000061035156,109.72000122070312,110.04000091552734
2024-06-14,110.0199966430664,110.20999908447266,108.58999633789062,109.11000061035156
2024-06-17,109.16999816894531,109.45999908447266,108.18000030517578,108.36000061035156
2024-06-18,109.02999877929688,110.72000122070312,108.80000305175781,109.37999725341797
2024-06-20,109.91000366210938,112.62000274658203,109.58999633789062,111.73999786376953
2024-06-21,111.9000015258789,112.69999694824219,110.76000213623047,110.76000213623047
2024-06-24,111.63999938964844,114.52999877929688,111.63999938964844,114.05000305175781
2024-06-25,114.11000061035156,114.55000305175781,113.45999908447266,114.37000274658203
2024-06-26,114.38999938964844,114.81999969482422,113.13999938964844,114.41000366210938
2024-06-27,114.98999786376953,114.98999786376953,114.11000061035156,114.9000015258789
2024-06-28,115.86000061035156,116.54000091552734,114.68000030517578,115.12000274658203
2024-07-01,115.70999908447266,116.73999786376953,114.52999877929688,114.95999908447266
2024-07-02,115.9000015258789,115.94000244140625,113.48999786376953,114.18000030517578
2024-07-03,114.2699966430664,115.66000366210938,114.2699966430664,114.76000213623047
2024-07-05,114.61000061035156,114.62999725341797,112.69000244140625,113.37000274658203
2024-07-08,112.38999938964844,113.55000305175781,111.41999816894531,112.18000030517578
2024-07-09,111.11000061035156,112.54000091552734,110.62000274658203,110.94000244140625
2024-07-10,110.91999816894531,111.95999908447266,110.41999816894531,111.91999816894531
2024-07-11,111.43000030517578,113.31999969482422,110.93000030517578,113.25
2024-07-12,113.98999786376953,114.1500015258789,112.62999725341797,113.2699966430664
2024-07-15,114.2699966430664,116.16000366210938,113.58000183105469,115.20999908447266
2024-07-16,114.3499984741211,116.3499984741211,113.70999908447266,116.04000091552734
2024-07-17,116.73999786376953,118.18000030517578,116.55000305175781,117.63999938964844
2024-07-18,117.94999694824219,119.91999816894531,117.44000244140625,118.80000305175781
2024-07-19,118.58999633789062,118.87999725341797,115.87000274658203,116.06999969482422
2024-07-22,115.18000030517578,115.94000244140625,114.58000183105469,115.2699966430664
2024-07-23,114.80999755859375,115.16999816894531,113.16999816894531,113.41000366210938
2024-07-24,113.7699966430664,115.19999694824219,113.06999969482422,115.01000213623047
2024-07-25,115.16999816894531,118.02999877929688,114.55999755859375,117.43000030517578
2024-07-26,116.7699966430664,118.02999877929688,116.47000122070312,117.33000183105469
2024-07-29,117.31999969482422,117.38999938964844,115.37999725341797,116.0999984741211
2024-07-30,116.36000061035156,118.5999984741211,116.2300033569336,118.16999816894531
2024-07-31,119.63999938964844,119.76000213623047,118.55999755859375,118.58999633789062
2024-08-01,118.3499984741211,119.48999786376953,116.36000061035156,116.94999694824219
2024-08-02,115.97000122070312,118.87000274658203,115.41999816894531,116.87999725341797
2024-08-05,115.54000091552734,116.02999877929688,113.25,114.7699966430664
2024-08-06,114.44999694824219,115.62999725341797,113.62999725341797,114.16000366210938
2024-08-07,115.44999694824219,117.12000274658203,115.26000213623047,115.68000030517578
2024-08-08,116.08000183105469,118.11000061035156,115.7300033569336,117.88999938964844
2024-08-09,117.88999938964844,119.30999755859375,117.36000061035156,118.8499984741211
2024-08-12,119.55000305175781,120.16999816894531,118.0199966430664,119.0
2024-08-13,118.27999877929688,118.51000213623047,117.5,117.86000061035156
2024-08-14,118.0999984741211,119.9000015258789,117.62999725341797,118.94999694824219
2024-08-15,118.25,119.62999725341797,118.12000274658203,118.7300033569336
2024-08-16,117.98999786376953,118.4800033569336,117.66000366210938,118.16999816894531
2024-08-19,118.4000015258789,120.5,118.16999816894531,118.52999877929688
2024-08-20,118.6500015258789,118.6500015258789,114.51000213623047,114.58000183105469
2024-08-21,115.01000213623047,115.56999969482422,113.76000213623047,113.8499984741211
2024-08-22,113.77999877929688,115.01000213623047,113.63999938964844,114.7300033569336
2024-08-23,115.02999877929688,116.72000122070312,115.02999877929688,116.31999969482422
2024-08-26,117.76000213623047,118.94000244140625,116.91999816894531,118.80999755859375
2024-08-27,118.95999908447266,119.41000366210938,117.4000015258789,117.68000030517578
2024-08-28,117.0,117.58000183105469,116.26000213623047,116.5199966430664
2024-08-29,117.19999694824219,118.79000091552734,116.3499984741211,118.12999725341797
2024-08-30,116.79000091552734,118.0199966430664,116.29000091552734,117.94000244140625
2024-09-03,115.83999633789062,116.08999633789062,114.04000091552734,115.47000122070312
2024-09-04,115.29000091552734,116.1500015258789,113.9800033569336,114.05999755859375
2024-09-05,115.06999969482422,115.27999877929688,113.06999969482422,113.16999816894531
2024-09-06,113.58999633789062,114.18000030517578,111.7300033569336,112.63999938964844
2024-09-09,112.87000274658203,116.1500015258789,112.66000366210938,115.01000213623047
2024-09-10,115.0999984741211,115.4000015258789,110.16999816894531,110.81999969482422
2024-09-11,110.77999877929688,110.94999694824219,107.7699966430664,109.72000122070312
2024-09-12,109.9000015258789,111.33000183105469,109.76000213623047,111.2300033569336
2024-09-13,111.47000122070312,112.47000122070312,110.93000030517578,111.1500015258789
2024-09-16,112.05000305175781,113.08999633789062,111.69000244140625,112.70999908447266
2024-09-17,112.31999969482422,114.37000274658203,112.12000274658203,114.18000030517578
2024-09-18,114.11000061035156,115.62999725341797,113.80999755859375,114.58000183105469
2024-09-19,116.16000366210938,117.58000183105469,115.19000244140625,116.0
2024-09-20,115.45999908447266,115.51000213623047,114.25,115.2699966430664
2024-09-23,115.33000183105469,117.79000091552734,115.12000274658203,117.36000061035156
2024-09-24,117.83999633789062,118.16000366210938,116.83000183105469,117.05000305175781
2024-09-25,116.48999786376953,117.05000305175781,114.04000091552734,114.7699966430664
2024-09-26,111.13999938964844,113.4800033569336,111.13999938964844,112.80000305175781
2024-09-27,113.76000213623047,116.08999633789062,113.25,115.81999969482422
2024-09-30,115.45999908447266,117.38999938964844,114.95999908447266,117.22000122070312
2024-10-01,116.04000091552734,120.5999984741211,115.93000030517578,119.93000030517578
2024-10-02,121.93000030517578,122.81999969482422,120.19999694824219,121.5199966430664
2024-10-03,121.9000015258789,123.16999816894531,120.93000030517578,122.58000183105469
2024-10-04,123.19999694824219,125.19000244140625,122.43000030517578,124.83000183105469
2024-10-07,125.25,126.33999633789062,124.86000061035156,125.37000274658203
2024-10-08,123.87999725341797,124.0199966430664,121.26000213623047,122.04000091552734
2024-10-09,120.9000015258789,122.58000183105469,120.80000305175781,122.08999633789062
2024-10-10,123.16000366210938,123.69999694824219,122.29000091552734,123.13999938964844
2024-10-11,123.0999984741211,124.02999877929688,122.94000244140625,123.61000061035156
2024-10-14,123.23999786376953,124.26000213623047,122.62000274658203,124.08000183105469
2024-10-15,120.81999969482422,121.94999694824219,119.77999877929688,120.3499984741211
2024-10-16,120.88999938964844,121.44000244140625,120.5999984741211,120.66000366210938
2024-10-17,120.76000213623047,121.58000183105469,119.70999908447266,120.3499984741211
2024-10-18,120.44000244140625,120.63999938964844,119.1500015258789,120.01000213623047
2024-10-21,120.9800033569336,121.4800033569336,119.72000122070312,120.08000183105469
2024-10-22,120.26000213623047,121.19000244140625,119.94000244140625,120.69999694824219
2024-10-23,119.97000122070312,120.75,119.4000015258789,120.2699966430664
2024-10-24,120.0,120.44000244140625,119.12999725341797,119.58999633789062
2024-10-25,120.19999694824219,120.43000030517578,119.31999969482422,119.48999786376953
2024-10-28,116.79000091552734,119.01000213623047,116.7699966430664,118.9000015258789
2024-10-29,118.58000183105469,119.16999816894531,117.06999969482422,117.27999877929688
2024-10-30,117.66000366210938,118.2699966430664,116.4800033569336,116.69000244140625
2024-10-31,117.1500015258789,118.66999816894531,116.68000030517578,116.77999877929688
2024-11-01,119.93000030517578,119.94999694824219,114.83999633789062,114.94999694824219
2024-11-04,116.06999969482422,118.69999694824219,115.93000030517578,118.61000061035156
2024-11-05,119.08000183105469,119.20999908447266,118.01000213623047,118.95999908447266
2024-11-06,121.1500015258789,121.91000366210938,119.30000305175781,121.0
2024-11-07,121.30000305175781,121.5,119.61000061035156,121.1500015258789
2024-11-08,120.9800033569336,121.41999816894531,119.66000366210938,121.11000061035156
2024-11-11,121.0,121.62000274658203,120.06999969482422,120.47000122070312
2024-11-12,121.12999725341797,121.30999755859375,119.83999633789062,120.3499984741211
2024-11-13,120.56999969482422,122.05000305175781,118.80000305175781,121.47000122070312
2024-11-14,121.66000366210938,121.87999725341797,120.33000183105469,120.55999755859375
2024-11-15,120.4000015258789,121.23999786376953,119.12999725341797,119.30999755859375
2024-11-18,119.79000091552734,120.62000274658203,119.2699966430664,120.30999755859375
2024-11-19,119.75,119.75,118.19999694824219,118.62999725341797
2024-11-20,119.16999816894531,120.47000122070312,118.63999938964844,120.31999969482422
2024-11-21,121.08000183105469,122.55000305175781,120.2699966430664,121.93000030517578
2024-11-22,121.81999969482422,123.20999908447266,121.63999938964844,121.79000091552734
2024-11-25,121.43000030517578,121.87999725341797,119.61000061035156,119.97000122070312
2024-11-26,119.52999877929688,119.68000030517578,117.8499984741211,117.97000122070312
2024-11-27,118.08999633789062,118.7300033569336,117.43000030517578,117.66000366210938
2024-11-29,117.44000244140625,118.5,116.94999694824219,117.95999908447266
2024-12-02,118.05000305175781,118.19999694824219,116.81999969482422,117.8499984741211
2024-12-03,118.72000122070312,118.72000122070312,117.26000213623047,117.66999816894531
2024-12-04,117.5,117.55000305175781,113.86000061035156,114.27999877929688
2024-12-05,114.70999908447266,115.62000274658203,114.05999755859375,114.77999877929688
2024-12-06,114.54000091552734,114.7699966430664,113.5,113.56999969482422
2024-12-09,114.63999938964844,114.94000244140625,112.75,112.9000015258789
2024-12-10,113.58999633789062,113.87999725341797,111.75,112.66999816894531
2024-12-11,112.0,112.38999938964844,111.11000061035156,111.91999816894531
2024-12-12,111.58999633789062,112.37999725341797,110.77999877929688,111.81999969482422
2024-12-13,111.9000015258789,111.9000015258789,110.25,110.83999633789062
2024-12-16,110.19999694824219,110.4000015258789,108.16000366210938,108.47000122070312
2024-12-17,107.23999786376953,108.16999816894531,106.79000091552734,108.01000213623047
2024-12-18,107.56999969482422,108.83000183105469,106.30999755859375,106.41999816894531
2024-12-19,107.38999938964844,107.66999816894531,105.20999908447266,105.51000213623047
2024-12-20,105.44999694824219,106.13999938964844,104.83999633789062,105.87000274658203
2024-12-23,105.30999755859375,106.5999984741211,104.91999816894531,106.30000305175781
2024-12-24,106.5199966430664,107.19000244140625,105.69999694824219,106.4000015258789
2024-12-26,106.5199966430664,107.02999877929688,105.94000244140625,106.48999786376953
2024-12-27,106.30000305175781,107.98999786376953,105.7699966430664,106.4800033569336
2024-12-30,106.30000305175781,106.55999755859375,105.51000213623047,105.76000213623047
2024-12-31,106.16999816894531,107.9000015258789,105.77999877929688,107.56999969482422
2025-01-02,108.27999877929688,109.0,106.87999725341797,107.30999755859375
2025-01-03,108.0,108.48999786376953,107.45999908447266,107.86000061035156
2025-01-06,108.23999786376953,109.77999877929688,107.5199966430664,107.73999786376953
2025-01-07,108.94000244140625,110.05999755859375,108.27999877929688,108.75
2025-01-08,107.30999755859375,107.70999908447266,106.01000213623047,106.93000030517578
2025-01-10,108.69999694824219,110.0999984741211,105.77999877929688,106.54000091552734
2025-01-13,107.12999725341797,109.62999725341797,107.12999725341797,109.29000091552734
2025-01-14,108.79000091552734,109.76000213623047,107.83000183105469,109.72000122070312
2025-01-15,110.05000305175781,111.7300033569336,109.47000122070312,111.51000213623047
2025-01-16,111.19000244140625,111.69000244140625,110.55000305175781,111.31999969482422
2025-01-17,111.02999877929688,112.87000274658203,110.81999969482422,112.31999969482422
2025-01-21,112.05000305175781,112.18000030517578,111.12999725341797,111.47000122070312
2025-01-22,111.19999694824219,111.56999969482422,109.4000015258789,109.52999877929688
2025-01-23,110.30999755859375,111.13999938964844,109.61000061035156,110.1500015258789
2025-01-24,110.23999786376953,110.70999908447266,108.41000366210938,108.66000366210938
2025-01-27,109.01000213623047,110.44999694824219,108.38999938964844,110.16999816894531
2025-01-28,110.41000366210938,110.87000274658203,107.79000091552734,108.04000091552734
2025-01-29,107.70999908447266,108.77999877929688,107.47000122070312,108.66999816894531
2025-01-30,109.23999786376953,109.8499984741211,108.69999694824219,109.56999969482422
2025-01-31,110.55000305175781,110.55000305175781,106.0999984741211,106.83000183105469
2025-02-03,106.63999938964844,107.30000305175781,105.31999969482422,107.08999633789062
2025-02-04,106.70999908447266,110.27999877929688,106.52999877929688,109.95999908447266
2025-02-05,109.73999786376953,110.01000213623047,109.0999984741211,109.87999725341797
2025-02-06,110.7699966430664,111.05000305175781,107.98999786376953,108.43000030517578
2025-02-07,108.77999877929688,109.7300033569336,108.31999969482422,108.88999938964844
2025-02-10,110.01000213623047,111.02999877929688,109.87999725341797,110.97000122070312
2025-02-11,111.5999984741211,112.51000213623047,110.81999969482422,111.66999816894531
2025-02-12,110.05000305175781,110.2300033569336,107.18000030517578,107.3499984741211
2025-02-13,107.1500015258789,108.41000366210938,106.5199966430664,108.12999725341797
2025-02-14,108.5199966430664,110.2300033569336,108.0999984741211,108.23999786376953
2025-02-18,108.62999725341797,110.98999786376953,108.31999969482422,110.13999938964844
2025-02-19,110.76000213623047,112.12999725341797,110.05999755859375,110.30000305175781
2025-02-20,110.56999969482422,112.41999816894531,109.94999694824219,112.0
2025-02-21,111.31999969482422,111.8499984741211,110.55999755859375,110.69000244140625
2025-02-24,110.93000030517578,111.86000061035156,110.31999969482422,111.2699966430664
2025-02-25,111.30000305175781,112.12999725341797,108.88999938964844,109.7300033569336
2025-02-26,109.73999786376953,109.87000274658203,108.5199966430664,109.45999908447266
2025-02-27,110.01000213623047,111.29000091552734,109.27999877929688,110.1500015258789
2025-02-28,110.11000061035156,111.58000183105469,109.33999633789062,111.33000183105469
2025-03-03,111.69999694824219,112.16000366210938,106.51000213623047,107.76000213623047
2025-03-04,106.36000061035156,108.95999908447266,105.94000244140625,107.54000091552734
2025-03-05,105.83999633789062,106.33000183105469,103.66999816894531,105.44000244140625
2025-03-06,105.43000030517578,108.11000061035156,104.36000061035156,107.62000274658203
2025-03-07,108.41000366210938,110.4000015258789,108.30000305175781,109.0199966430664
2025-03-10,109.27999877929688,112.56999969482422,109.08000183105469,111.80000305175781
2025-03-11,111.91999816894531,112.0999984741211,108.79000091552734,109.16000366210938
2025-03-12,109.05000305175781,110.12999725341797,108.41999816894531,109.12999725341797
2025-03-13,108.33000183105469,110.81999969482422,107.62999725341797,108.66999816894531
2025-03-14,108.94000244140625,112.18000030517578,108.30999755859375,111.9000015258789
2025-03-17,111.80000305175781,114.5,111.7300033569336,113.76000213623047
2025-03-18,114.08999633789062,114.54000091552734,112.56999969482422,113.63999938964844
2025-03-19,114.19999694824219,115.81999969482422,113.83000183105469,115.41000366210938
2025-03-20,114.72000122070312,116.47000122070312,114.20999908447266,115.9000015258789
2025-03-21,115.5,115.98999786376953,114.3499984741211,115.5
2025-03-24,115.68000030517578,116.91000366210938,115.58000183105469,115.80000305175781
2025-03-25,116.43000030517578,117.63999938964844,115.95999908447266,116.58999633789062
2025-03-26,117.68000030517578,119.18000030517578,117.68000030517578,118.2699966430664
2025-03-27,118.0999984741211,119.06999969482422,117.26000213623047,117.88999938964844
2025-03-28,118.0999984741211,118.45999908447266,117.23999786376953,117.7300033569336
2025-03-31,117.79000091552734,119.91000366210938,117.79000091552734,118.93000030517578
2025-04-01,119.22000122070312,119.27999877929688,117.93000030517578,119.04000091552734
2025-04-02,118.38999938964844,118.83999633789062,117.66000366210938,118.66999816894531
2025-04-03,114.37000274658203,115.44999694824219,112.2300033569336,112.43000030517578
2025-04-04,109.87000274658203,110.83000183105469,103.83000183105469,104.33999633789062
2025-04-07,100.38999938964844,105.80000305175781,98.45999908447266,102.94000244140625
2025-04-08,105.45999908447266,105.5999984741211,99.01000213623047,100.7699966430664
2025-04-09,99.37000274658203,106.58000183105469,98.12999725341797,105.80000305175781
2025-04-10,103.70999908447266,103.77999877929688,97.80000305175781,99.93000030517578
2025-04-11,100.30000305175781,103.93000030517578,98.79000091552734,103.13999938964844
2025-04-14,105.02999877929688,105.08999633789062,102.72000122070312,103.38999938964844
2025-04-15,103.63999938964844,105.41000366210938,103.0,103.0999984741211
2025-04-16,103.94999694824219,105.58999633789062,103.69999694824219,104.19000244140625
2025-04-17,104.69000244140625,108.55000305175781,104.45999908447266,106.91999816894531
2025-04-21,105.61000061035156,105.62999725341797,104.12000274658203,105.3499984741211
2025-04-22,106.13999938964844,108.94000244140625,106.13999938964844,108.30000305175781
2025-04-23,108.80999755859375,109.30000305175781,106.47000122070312,107.37000274658203
2025-04-24,107.97000122070312,108.87999725341797,106.95999908447266,108.62999725341797
2025-04-25,108.13999938964844,108.76000213623047,107.41999816894531,108.56999969482422
2025-04-28,108.75,109.25,107.68000030517578,108.62999725341797
2025-04-29,107.73999786376953,108.83000183105469,107.5199966430664,108.36000061035156
2025-04-30,107.41999816894531,107.41999816894531,104.1500015258789,105.62999725341797
2025-05-01,105.0999984741211,106.91999816894531,104.9800033569336,105.77999877929688
2025-05-02,107.72000122070312,109.0,104.55000305175781,106.20999908447266
2025-05-05,104.6500015258789,104.66000366210938,103.06999969482422,103.2699966430664
2025-05-06,103.88999938964844,105.9800033569336,103.4800033569336,104.70999908447266
2025-05-07,104.98999786376953,105.29000091552734,104.06999969482422,104.61000061035156
2025-05-08,105.33999633789062,107.38999938964844,105.33999633789062,106.06999969482422
2025-05-09,107.13999938964844,107.75,106.37999725341797,107.30999755859375
2025-05-12,110.2699966430664,110.44000244140625,108.31999969482422,109.16000366210938
2025-05-13,109.31999969482422,110.51000213623047,109.0199966430664,109.45999908447266
2025-05-14,108.86000061035156,108.86000061035156,107.93000030517578,108.4800033569336
2025-05-15,106.48999786376953,108.6500015258789,105.97000122070312,108.58000183105469
2025-05-16,108.6500015258789,108.88999938964844,107.44999694824219,108.19000244140625
2025-05-19,107.56999969482422,107.56999969482422,105.72000122070312,106.47000122070312
2025-05-20,106.38999938964844,106.72000122070312,104.77999877929688,104.94999694824219
2025-05-21,104.52999877929688,104.97000122070312,103.63999938964844,103.66000366210938
2025-05-22,103.05999755859375,103.47000122070312,101.88999938964844,102.97000122070312
2025-05-23,102.5999984741211,103.47000122070312,102.06999969482422,103.02999877929688
2025-05-27,103.48999786376953,103.86000061035156,102.9000015258789,103.5199966430664
2025-05-28,104.29000091552734,104.43000030517578,101.79000091552734,102.11000061035156
2025-05-29,102.27999877929688,102.8499984741211,101.75,102.69000244140625
2025-05-30,102.16000366210938,102.38999938964844,101.19000244140625,102.30000305175781
2025-06-02,103.75,103.8499984741211,102.22000122070312,103.05000305175781
2025-06-03,102.9000015258789,104.66000366210938,102.20999908447266,103.80000305175781
2025-06-04,103.91999816894531,104.91999816894531,102.30000305175781,102.30000305175781
2025-06-05,102.9800033569336,103.05000305175781,101.7300033569336,101.83000183105469
2025-06-06,102.76000213623047,104.5,102.68000030517578,104.2699966430664
2025-06-09,104.33000183105469,105.8499984741211,103.83000183105469,104.97000122070312
2025-06-10,106.08000183105469,107.6500015258789,105.93000030517578,107.22000122070312
2025-06-11,107.76000213623047,109.38999938964844,106.45999908447266,109.30999755859375
2025-06-12,108.91999816894531,110.19000244140625,108.22000122070312,109.7300033569336
2025-06-13,112.3499984741211,112.52999877929688,110.68000030517578,112.12000274658203
2025-06-16,111.81999969482422,113.16000366210938,111.12999725341797,112.4800033569336
2025-06-17,113.94999694824219,114.93000030517578,113.11000061035156,114.0
2025-06-18,114.61000061035156,115.23999786376953,112.94000244140625,113.19000244140625
2025-06-20,113.44999694824219,115.04000091552734,113.18000030517578,114.69999694824219
2025-06-23,116.69999694824219,116.94999694824219,111.16000366210938,111.73999786376953
2025-06-24,109.25,110.94000244140625,107.91000366210938,108.33999633789062
2025-06-25,108.11000061035156,109.23999786376953,107.69999694824219,108.37000274658203
2025-06-26,108.94000244140625,110.44000244140625,108.55000305175781,109.98999786376953
2025-06-27,109.94000244140625,110.0999984741211,108.37000274658203,109.37999725341797
2025-06-30,108.63999938964844,108.83999633789062,107.72000122070312,107.80000305175781
2025-07-01,108.12999725341797,109.63999938964844,107.1500015258789,109.23999786376953
2025-07-02,110.0,111.36000061035156,108.83000183105469,111.05000305175781
2025-07-03,110.86000061035156,112.47000122070312,110.62000274658203,112.19999694824219
2025-07-07,111.54000091552734,112.05000305175781,110.22000122070312,111.11000061035156
2025-07-08,110.88999938964844,114.45999908447266,110.8499984741211,114.19000244140625
2025-07-09,113.91999816894531,114.2699966430664,113.2699966430664,113.80000305175781
2025-07-10,113.70999908447266,115.2699966430664,113.06999969482422,114.93000030517578
2025-07-11,114.8499984741211,115.76000213623047,114.51000213623047,115.43000030517578
2025-07-14,115.2300033569336,115.2300033569336,113.22000122070312,113.91999816894531
2025-07-15,113.66000366210938,114.05999755859375,112.5999984741211,112.91000366210938
2025-07-16,112.87999725341797,113.5,112.0999984741211,112.2300033569336
2025-07-17,111.48999786376953,112.2300033569336,111.08999633789062,111.66000366210938
2025-07-18,111.11000061035156,111.7300033569336,107.33999633789062,107.7699966430664
2025-07-21,107.5999984741211,108.7699966430664,107.44000244140625,108.05000305175781
2025-07-22,107.9800033569336,109.44000244140625,107.61000061035156,108.54000091552734
2025-07-23,108.93000030517578,110.0,108.8499984741211,109.93000030517578
2025-07-24,109.66000366210938,110.94999694824219,109.12999725341797,110.79000091552734
2025-07-25,110.7300033569336,110.9800033569336,109.69999694824219,110.4000015258789
2025-07-28,111.0,112.11000061035156,110.83999633789062,111.44000244140625
2025-07-29,111.9000015258789,113.0,111.41000366210938,112.87999725341797
2025-07-30,112.41000366210938,112.61000061035156,111.26000213623047,111.9000015258789
2025-07-31,110.36000061035156,112.5,110.36000061035156,111.63999938964844
2025-08-01,112.0,112.54000091552734,108.86000061035156,109.63999938964844
2025-08-04,109.22000122070312,109.91999816894531,107.08999633789062,107.37000274658203
2025-08-05,107.22000122070312,107.81999969482422,106.06999969482422,107.23999786376953
2025-08-06,108.30999755859375,109.05000305175781,106.37000274658203,106.51000213623047
2025-08-07,107.13999938964844,108.05999755859375,105.88999938964844,105.94999694824219
2025-08-08,106.5,107.51000213623047,105.94999694824219,106.80000305175781
2025-08-11,107.11000061035156,107.52999877929688,105.52999877929688,105.83000183105469
2025-08-12,106.33999633789062,107.27999877929688,105.77999877929688,106.12999725341797
2025-08-13,106.0,107.5999984741211,105.73999786376953,107.5999984741211
2025-08-14,107.55000305175781,107.58999633789062,106.44000244140625,107.37999725341797
2025-08-15,106.19000244140625,107.55999755859375,105.94999694824219,106.48999786376953
2025-08-18,106.0999984741211,107.2300033569336,105.66999816894531,106.72000122070312
2025-08-19,106.19999694824219,107.45999908447266,106.1500015258789,107.41999816894531
2025-08-20,107.87999725341797,109.33000183105469,107.68000030517578,108.52999877929688
2025-08-21,108.41999816894531,109.56999969482422,107.95999908447266,109.2300033569336
2025-08-22,109.5999984741211,111.41000366210938,109.5999984741211,111.27999877929688
2025-08-25,110.9000015258789,111.91999816894531,110.54000091552734,111.73999786376953
2025-08-26,111.37000274658203,111.80999755859375,110.36000061035156,111.48999786376953
2025-08-27,111.41999816894531,112.9800033569336,111.41999816894531,112.75
2025-08-28,112.87000274658203,113.6500015258789,112.06999969482422,113.3499984741211
2025-08-29,113.72000122070312,114.79000091552734,113.58000183105469,114.29000091552734
2025-09-02,114.18000030517578,115.23999786376953,113.33000183105469,114.69000244140625
2025-09-03,113.97000122070312,114.43000030517578,111.45999908447266,111.91000366210938
2025-09-04,112.11000061035156,113.12999725341797,111.37999725341797,112.4000015258789
2025-09-05,111.5999984741211,111.77999877929688,109.0199966430664,109.2300033569336
2025-09-08,109.7300033569336,110.05000305175781,108.3499984741211,109.8499984741211
2025-09-09,110.52999877929688,112.51000213623047,110.52999877929688,110.6500015258789
2025-09-10,111.16000366210938,112.55999755859375,110.83999633789062,112.5
2025-09-11,111.4000015258789,112.7699966430664,110.87000274658203,112.13999938964844
2025-09-12,112.86000061035156,113.22000122070312,111.87999725341797,112.16000366210938
2025-09-15,112.18000030517578,112.45999908447266,111.31999969482422,112.3499984741211
2025-09-16,112.95999908447266,115.31999969482422,112.77999877929688,114.68000030517578
2025-09-17,114.52999877929688,115.48999786376953,114.05000305175781,115.29000091552734
2025-09-18,115.16999816894531,115.3499984741211,113.4000015258789,113.93000030517578
2025-09-19,113.9000015258789,113.9800033569336,112.63999938964844,112.81999969482422
2025-09-22,112.44999694824219,112.80000305175781,111.55999755859375,112.0199966430664
2025-09-23,112.72000122070312,114.75,112.4800033569336,113.94999694824219
2025-09-24,114.56999969482422,115.76000213623047,114.47000122070312,114.55999755859375
2025-09-25,114.63999938964844,115.9000015258789,114.41000366210938,115.58999633789062
2025-09-26,115.95999908447266,118.36000061035156,115.91999816894531,117.22000122070312
2025-09-29,116.05999755859375,116.5,113.66999816894531,114.22000122070312
2025-09-30,113.3499984741211,113.48999786376953,111.94000244140625,112.75
2025-10-01,112.55999755859375,113.0199966430664,111.29000091552734,111.98999786376953
2025-10-02,111.97000122070312,113.08999633789062,111.02999877929688,111.29000091552734
2025-10-03,111.9000015258789,113.75,111.9000015258789,113.26000213623047
2025-10-06,113.29000091552734,114.7699966430664,113.18000030517578,114.19999694824219
2025-10-07,114.06999969482422,114.51000213623047,111.73999786376953,114.26000213623047
2025-10-08,114.37999725341797,115.01000213623047,113.41000366210938,114.0199966430664
2025-10-09,114.43000030517578,115.51000213623047,112.73999786376953,112.91000366210938
2025-10-10,112.26000213623047,112.62000274658203,110.70999908447266,110.7300033569336
2025-10-13,111.54000091552734,112.30000305175781,111.31999969482422,112.23999786376953
2025-10-14,110.76000213623047,112.95999908447266,110.70999908447266,112.29000091552734
2025-10-15,112.80000305175781,113.56999969482422,110.97000122070312,111.61000061035156
2025-10-16,111.87999725341797,112.19000244140625,110.38999938964844,110.63999938964844
2025-10-17,111.62999725341797,112.91000366210938,111.18000030517578,112.23999786376953
2025-10-20,112.0,113.1500015258789,111.9800033569336,112.69999694824219
2025-10-21,112.88999938964844,113.36000061035156,111.98999786376953,112.70999908447266
2025-10-22,113.44999694824219,115.18000030517578,113.08000183105469,114.70999908447266
2025-10-23,116.62999725341797,116.8499984741211,115.36000061035156,115.9800033569336
2025-10-24,116.3499984741211,116.47000122070312,115.18000030517578,115.38999938964844
2025-10-27,115.69999694824219,115.98999786376953,115.0999984741211,115.94000244140625
2025-10-28,115.48999786376953,116.18000030517578,114.98999786376953,115.02999877929688
2025-10-29,114.91999816894531,117.05000305175781,114.80999755859375,116.44999694824219
2025-10-30,116.43000030517578,116.5199966430664,114.52999877929688,114.69000244140625
2025-10-31,113.9800033569336,115.2300033569336,112.62000274658203,114.36000061035156
2025-11-03,114.5,114.98999786376953,113.63999938964844,113.76000213623047
2025-11-04,113.37999725341797,114.3499984741211,112.51000213623047,114.13999938964844
2025-11-05,114.08999633789062,115.18000030517578,113.66999816894531,113.68000030517578
2025-11-06,113.63999938964844,114.94000244140625,113.63999938964844,114.5
2025-11-07,115.20999908447266,117.51000213623047,114.9000015258789,117.22000122070312
2025-11-10,117.44000244140625,118.44999694824219,115.45999908447266,118.22000122070312
2025-11-11,118.83000183105469,120.80999755859375,118.83000183105469,119.77999877929688
2025-11-12,119.0999984741211,119.27999877929688,117.79000091552734,118.12000274658203
2025-11-13,118.62999725341797,119.76000213623047,118.27999877929688,118.79000091552734
2025-11-14,118.44999694824219,119.4800033569336,116.66000366210938,119.29000091552734
2025-11-17,118.97000122070312,119.5,117.11000061035156,117.68000030517578
2025-11-18,117.26000213623047,119.4800033569336,116.4800033569336,119.02999877929688
2025-11-19,116.8499984741211,118.18000030517578,115.93000030517578,117.3499984741211
2025-11-20,117.9800033569336,119.01000213623047,116.73999786376953,117.0199966430664
2025-11-21,116.98999786376953,117.37999725341797,115.6500015258789,117.08000183105469
2025-11-24,117.19999694824219,117.19999694824219,114.73999786376953,115.97000122070312
2025-11-25,115.18000030517578,115.9000015258789,114.19000244140625,114.51000213623047
2025-11-26,114.41000366210938,115.73999786376953,114.30999755859375,114.7699966430664
2025-11-28,114.94999694824219,118.73999786376953,114.81999969482422,115.91999816894531
2025-12-01,116.0999984741211,117.41000366210938,116.0999984741211,116.62999725341797
2025-12-02,116.44000244140625,116.5999984741211,114.69000244140625,115.37999725341797
2025-12-03,115.94999694824219,117.9800033569336,115.87999725341797,117.80000305175781
2025-12-04,117.5,118.33999633789062,116.66000366210938,117.13999938964844
2025-12-05,116.75,118.77999877929688,116.41000366210938,116.54000091552734
2025-12-08,115.83000183105469,117.0,115.04000091552734,115.9800033569336
2025-12-09,116.9000015258789,120.47000122070312,116.88999938964844,118.25
2025-12-10,118.7300033569336,119.87000274658203,118.37000274658203,119.54000091552734
2025-12-11,119.11000061035156,120.36000061035156,119.06999969482422,119.54000091552734
2025-12-12,119.44000244140625,119.91999816894531,118.30999755859375,118.81999969482422
2025-12-15,119.01000213623047,119.02999877929688,116.8499984741211,117.76000213623047
2025-12-16,116.7699966430664,116.83999633789062,114.61000061035156,114.68000030517578
2025-12-17,115.20999908447266,117.62000274658203,115.16999816894531,117.41000366210938
2025-12-18,116.98999786376953,116.98999786376953,115.62999725341797,116.54000091552734
2025-12-19,116.75,117.56999969482422,115.95999908447266,116.69000244140625
2025-12-22,117.33999633789062,118.45999908447266,117.33999633789062,118.1500015258789
2025-12-23,118.47000122070312,120.02999877929688,118.31999969482422,119.41999816894531
2025-12-24,119.33000183105469,120.05000305175781,119.12000274658203,119.22000122070312
2025-12-26,118.88999938964844,119.55000305175781,118.52999877929688,119.11000061035156
2025-12-29,120.1500015258789,121.30000305175781,119.4000015258789,120.52999877929688
2025-12-30,121.0999984741211,121.80000305175781,120.62999725341797,120.98999786376953
2025-12-31,121.18000030517578,121.26000213623047,119.87000274658203,120.33999633789062
2026-01-02,120.08999633789062,122.68000030517578,119.61000061035156,122.6500015258789
2026-01-05,125.20999908447266,125.93000030517578,122.38999938964844,125.36000061035156
2026-01-06,125.3499984741211,125.80000305175781,121.0,121.05000305175781
2026-01-07,119.80000305175781,120.12000274658203,118.2699966430664,118.48999786376953
2026-01-08,118.9800033569336,123.62999725341797,118.66000366210938,122.91000366210938
2026-01-09,123.2300033569336,124.86000061035156,123.0999984741211,124.61000061035156
2026-01-12,124.45999908447266,124.5,122.55999755859375,124.02999877929688
2026-01-13,125.0,127.13999938964844,124.80999755859375,126.54000091552734
2026-01-14,127.3499984741211,131.72000122070312,127.12999725341797,130.1999969482422
2026-01-15,129.1300048828125,130.1999969482422,128.3000030517578,129.1300048828125
2026-01-16,128.91000366210938,130.16000366210938,128.8699951171875,129.88999938964844
2026-01-20,131.50999450683594,131.94000244140625,130.07000732421875,130.4600067138672
2026-01-21,131.91000366210938,133.72999572753906,131.91000366210938,133.61000061035156
2026-01-22,133.0500030517578,134.17999267578125,131.85000610351562,133.63999938964844
2026-01-23,135.08999633789062,135.97999572753906,134.47999572753906,134.97000122070312
2026-01-26,136.92999267578125,136.94000244140625,134.1699981689453,134.83999633789062
2026-01-27,135.25,136.92999267578125,134.7100067138672,136.8300018310547
2026-01-28,137.69000244140625,138.00999450683594,136.6699981689453,137.5800018310547
2026-01-29,140.32000732421875,142.33999633789062,139.11000061035156,140.50999450683594
2026-01-30,138.74000549316406,142.2100067138672,137.8300018310547,141.39999389648438
2026-02-02,139.8300018310547,140.32000732421875,138.05999755859375,138.39999389648438
2026-02-03,138.63999938964844,145.00999450683594,138.30999755859375,143.72999572753906
2026-02-04,144.1199951171875,147.83999633789062,144.1199951171875,147.58999633789062
2026-02-05,146.5800018310547,146.72999572753906,143.8000030517578,146.0800018310547
2026-02-06,146.6199951171875,149.57000732421875,146.08999633789062,149.0500030517578
2026-02-09,149.25999450683594,151.5500030517578,148.6300048828125,151.2100067138672
2026-02-10,151.35000610351562,151.77999877929688,149.82000732421875,151.58999633789062
2026-02-11,153.97000122070312,156.92999267578125,153.57000732421875,155.55999755859375
2026-02-12,153.88999938964844,155.25,149.8800048828125,149.92999267578125
2026-02-13,150.5500030517578,151.66000366210938,147.97999572753906,148.4499969482422
2026-02-17,148.1999969482422,149.1300048828125,145.14999389648438,146.19000244140625
2026-02-18,148.14999389648438,150.97999572753906,147.61000061035156,150.67999267578125
2026-02-19,152.1999969482422,153.3800048828125,150.83999633789062,150.97000122070312
2026-02-20,150.49000549316406,150.80999755859375,146.4600067138672,147.27999877929688
2026-02-23,148.14999389648438,151.27000427246094,148.1300048828125,150.75999450683594
2026-02-24,150.4199981689453,150.72000122070312,148.02999877929688,149.25999450683594
2026-02-25,149.91000366210938,150.17999267578125,147.3300018310547,149.05999755859375
2026-02-26,147.80999755859375,150.9600067138672,146.77000427246094,148.5399932861328
2026-02-27,151.0,153.64999389648438,149.25,152.5
2026-03-02,159.35000610351562,159.61000061035156,153.02999877929688,154.22000122070312
2026-03-03,155.42999267578125,156.0500030517578,150.3000030517578,151.8300018310547
2026-03-04,150.72000122070312,151.16000366210938,147.86000061035156,149.82000732421875
2026-03-05,151.0,152.3300018310547,149.47000122070312,150.75999450683594
2026-03-06,153.14999389648438,153.8000030517578,149.9600067138672,151.2100067138672
2026-03-09,152.02000427246094,153.88999938964844,149.47000122070312,150.44000244140625
2026-03-10,149.25,150.39999389648438,147.6999969482422,148.1300048828125
2026-03-11,147.99000549316406,151.80999755859375,147.66000366210938,151.5800018310547
2026-03-12,152.27000427246094,155.0,151.6300048828125,153.52999877929688
2026-03-13,154.3000030517578,156.88999938964844,152.97999572753906,156.1199951171875
2026-03-16,156.0,157.77999877929688,154.75999450683594,157.22999572753906
2026-03-17,158.25,160.4499969482422,156.8000030517578,158.80999755859375
2026-03-18,159.66000366210938,160.17999267578125,157.52999877929688,157.58999633789062
2026-03-19,158.25999450683594,159.55999755859375,154.83999633789062,158.16000366210938
2026-03-20,159.35000610351562,162.44000244140625,159.10000610351562,159.6699981689453
2026-03-23,156.1199951171875,161.4199981689453,155.02000427246094,161.1300048828125
2026-03-24,161.7100067138672,167.47999572753906,161.25,165.3800048828125
2026-03-25,163.8699951171875,165.0,162.92999267578125,163.25999450683594
2026-03-26,164.08999633789062,165.67999267578125,162.05999755859375,165.42999267578125
2026-03-27,165.5800018310547,171.22999572753906,164.8000030517578,170.99000549316406
2026-03-30,172.50999450683594,176.41000366210938,171.0500030517578,171.47000122070312
2026-03-31,172.6699981689453,174.3800048828125,165.97000122070312,169.66000366210938
2026-04-01,165.77000427246094,168.0,159.52999877929688,160.77999877929688
2026-04-02,164.49000549316406,166.89999389648438,159.58999633789062,160.69000244140625
2026-04-06,160.57000732421875,163.75,159.52999877929688,163.3699951171875
2026-04-07,164.22000122070312,166.24000549316406,161.77000427246094,163.91000366210938
2026-04-08,153.52000427246094,156.35000610351562,150.97999572753906,156.22000122070312
2026-04-09,156.86000061035156,159.22999572753906,154.30999755859375,155.0399932861328
2026-04-10,154.0399932861328,155.1199951171875,151.9199981689453,152.50999450683594
2026-04-13,154.27000427246094,154.6199951171875,151.27999877929688,152.63999938964844
2026-04-14,150.07000732421875,150.11000061035156,146.72000122070312,149.24000549316406
2026-04-15,148.60000610351562,150.22999572753906,146.89999389648438,149.00999450683594
2026-04-16,149.52999877929688,152.77999877929688,149.35000610351562,151.97999572753906
2026-04-17,144.86000061035156,146.8000030517578,141.97000122070312,146.44000244140625
2026-04-20,147.3800048828125,149.3699951171875,146.35000610351562,147.67999267578125
2026-04-21,147.3699951171875,148.80999755859375,146.24000549316406,148.36000061035156
2026-04-22,149.3699951171875,150.67999267578125,148.17999267578125,149.5
2026-04-23,149.85000610351562,151.22999572753906,148.5,150.52999877929688
2026-04-24,149.63999938964844,150.3000030517578,146.9499969482422,148.91000366210938
2026-04-27,149.16000366210938,151.17999267578125,147.97000122070312,148.19000244140625
2026-04-28,151.52999877929688,152.30999755859375,149.8300018310547,150.55999755859375
2026-04-29,152.02000427246094,154.9499969482422,151.00999450683594,154.6699981689453
2026-04-30,152.42999267578125,155.69000244140625,151.33999633789062,154.3300018310547
2026-05-01,152.61000061035156,155.00999450683594,151.1300048828125,152.75
2026-05-04,152.6699981689453,154.47000122070312,149.52000427246094,153.69000244140625
2026-05-05,153.10000610351562,155.2899932861328,152.41000366210938,154.8800048828125
2026-05-06,149.07000732421875,150.3300018310547,147.08999633789062,148.69000244140625
2026-05-07,146.8000030517578,147.0800018310547,144.19000244140625,146.5800018310547
2026-05-08,145.85000610351562,146.5,143.9199981689453,144.57000732421875
2026-05-11,146.02000427246094,149.72000122070312,146.0,149.67999267578125
2026-05-12,151.25,151.80999755859375,149.77000427246094,150.6300048828125
2026-05-13,150.05999755859375,151.7899932861328,149.67999267578125,151.57000732421875
2026-05-14,151.89999389648438,153.1199951171875,151.25999450683594,152.77999877929688
2026-05-15,153.75,158.0,153.0,157.9199981689453
2026-05-18,157.32000732421875,161.72999572753906,155.22999572753906,160.49000549316406
2026-05-19,161.5,163.32000732421875,159.63999938964844,162.5500030517578
2026-05-20,161.61000061035156,163.67999267578125,156.27000427246094,156.27999877929688
2026-05-21,158.4199981689453,159.38999938964844,153.4600067138672,155.2899932861328
2026-05-22,154.02999877929688,155.5500030517578,153.1699981689453,154.9199981689453
2026-05-26,153.5,154.5500030517578,149.47000122070312,149.80999755859375
2026-05-27,147.22999572753906,148.69000244140625,145.75,147.89999389648438
2026-05-28,149.33999633789062,150.2100067138672,146.8699951171875,146.9600067138672
2026-05-29,146.19000244140625,146.92999267578125,144.7100067138672,145.25999450683594
2026-06-01,147.02000427246094,149.64999389648438,147.0,149.3800048828125
2026-06-02,149.02999877929688,150.8300018310547,148.5,149.55999755859375
2026-06-03,150.61000061035156,154.91000366210938,150.02000427246094,152.52999877929688
2026-06-04,152.0500030517578,153.42999267578125,150.94000244140625,152.0399932861328
2026-06-05,152.00999450683594,152.1300048828125,149.3000030517578,149.9199981689453
2026-06-08,151.16000366210938,153.80999755859375,150.89999389648438,151.75
2026-06-09,150.91000366210938,151.1300048828125,147.77999877929688,148.91000366210938
2026-06-10,151.22999572753906,152.49000549316406,149.55999755859375,150.6199951171875
2026-06-11,152.3000030517578,152.49000549316406,146.4199981689453,146.60000610351562
2026-06-12,145.6300048828125,148.91000366210938,145.14999389648438,147.00999450683594
2026-06-15,139.74000549316406,141.97999572753906,137.72000122070312,140.9199981689453
2026-06-16,140.19000244140625,142.14999389648438,139.97999572753906,141.86000061035156
2026-06-17,141.22000122070312,142.33999633789062,140.32000732421875,140.74000549316406
2026-06-18,138.32000732421875,138.4600067138672,135.85000610351562,137.80999755859375
2026-06-22,138.5399932861328,139.0,137.02000427246094,138.47000122070312
2026-06-23,139.4600067138672,140.38999938964844,138.5,139.72999572753906
2026-06-24,137.1199951171875,137.63999938964844,135.58999633789062,136.89999389648438
2026-06-25,135.63999938964844,138.07000732421875,134.9499969482422,137.5500030517578
2026-06-26,136.97000122070312,137.5800018310547,135.9199981689453,136.5399932861328
2026-06-29,136.5800018310547,137.38999938964844,135.38999938964844,136.05999755859375
2026-06-30,136.47999572753906,137.3000030517578,135.3300018310547,136.72000122070312
2026-07-01,136.52999877929688,137.49000549316406,135.6300048828125,136.27999877929688
2026-07-02,137.14999389648438,139.13999938964844,136.3300018310547,137.08999633789062
2026-07-06,136.5500030517578,137.3699951171875,136.00999450683594,136.44000244140625
2026-07-07,138.55999755859375,141.74000549316406,138.1300048828125,141.69000244140625
2026-07-08,143.44000244140625,143.99000549316406,139.80999755859375,141.1300048828125
2026-07-09,139.66000366210938,140.0500030517578,137.1199951171875,137.4600067138672
2026-07-10,137.89999389648438,138.97000122070312,137.13999938964844,138.8800048828125
2026-07-13,140.9199981689453,145.22999572753906,140.49000549316406,144.50999450683594
2026-07-14,145.5050048828125,146.0,143.88999938964844,144.5850067138672
